{
  "candidate": "broad_bump_42_fixed_gauss_basis_corrected",
  "fit_name": "BroadBump42FixedGaussBasisBest",
  "param_names": [
    "lambda1",
    "lambda3",
    "lambda4",
    "alpha",
    "amp",
    "BNP",
    "c0",
    "c1"
  ],
  "free_idx": [
    0,
    1,
    2,
    4,
    5,
    6,
    7
  ],
  "frozen_idx": [
    3
  ],
  "initial": {
    "full_params": [
      1.04380597,
      -2.058963162,
      0.06161148708,
      1.0,
      -0.2665763886,
      1.447247566,
      0.07216971508,
      0.02569928882
    ],
    "free_params": [
      1.04380597,
      -2.058963162,
      0.06161148708,
      -0.2665763886,
      1.447247566,
      0.07216971508,
      0.02569928882
    ],
    "metrics": {
      "chi2dN_total": 1.0155050611841547,
      "chi2dN_collider": 0.9567274584133261,
      "chi2dN_fixed_target": 1.0947657679508787,
      "highE_weighted_chi2dN": 1.3323501115895033,
      "highE_mean_ratio_first3": 1.0332494463784399,
      "highE_mean_absdev_first3": 0.05145815115790421,
      "highE_mean_signed_first3": 0.03324944637843991,
      "highE_mean_shortfall_first3": 0.00910435238973215,
      "highE_mean_overshoot_first3": 0.04235379876817206,
      "cms_highmass_mean_ratio_first3": 1.1054238943842587,
      "cms_highmass_mean_absdev_first3": 0.10542389438425852,
      "cms_highmass_mean_signed_first3": 0.10542389438425852,
      "zlike_mean_ratio_first3": 0.9851331477078943,
      "zlike_mean_absdev_first3": 0.015480989007001345,
      "zlike_mean_signed_first3": -0.014866852292105825,
      "compute_s": 0.0428284
    },
    "per_file_chi2dN": {
      "ATLAS_7\\ATLAS7-00y10.csv": 0.8407552323399375,
      "ATLAS_7\\ATLAS7-10y20.csv": 3.7507133746292562,
      "ATLAS_7\\ATLAS7-20y24.csv": 1.3866459918014946,
      "ATLAS_8\\ATLAS8-00y04.csv": 2.7229187892892064,
      "ATLAS_8\\ATLAS8-04y08.csv": 0.9956673973187709,
      "ATLAS_8\\ATLAS8-08y12.csv": 0.38553876040537477,
      "ATLAS_8\\ATLAS8-116Q150.csv": 0.5555435006133393,
      "ATLAS_8\\ATLAS8-12y16.csv": 2.64208902878049,
      "ATLAS_8\\ATLAS8-16y20.csv": 1.2254671002319102,
      "ATLAS_8\\ATLAS8-20y24.csv": 1.062423585298111,
      "ATLAS_8\\ATLAS8-46Q66.csv": 0.9523978165758986,
      "CDF_I\\CDF1.csv": 0.5572609702153849,
      "CDF_II\\CDF2.csv": 0.7776350470760532,
      "CMS_7\\CMS7.csv": 1.4399899118302426,
      "CMS_8\\CMS8.csv": 0.7409666573226708,
      "CMS_13\\CMS13-00y04.csv": 1.2478191127467704,
      "CMS_13\\CMS13-04y08.csv": 0.8222181011917876,
      "CMS_13\\CMS13-08y12.csv": 0.4306841577896287,
      "CMS_13\\CMS13-106Q170.csv": 0.8251951388289769,
      "CMS_13\\CMS13-12y16.csv": 0.20223747079057006,
      "CMS_13\\CMS13-16y24.csv": 0.223811091285449,
      "CMS_13\\CMS13-170Q350.csv": 1.086049075045936,
      "CMS_13\\CMS13-350Q1000.csv": 1.5505058842472863,
      "D0_I\\D01.csv": 0.5679786580835621,
      "D0_II\\D02.csv": 0.7866865715322593,
      "D0_II_mu\\D02mu.csv": 0.5020216952031679,
      "E288\\E228-200-4Q5.csv": 0.32715980322132343,
      "E288\\E228-200-5Q6.csv": 0.26173694590120666,
      "E288\\E228-200-6Q7.csv": 0.4790492853757833,
      "E288\\E228-200-7Q8.csv": 0.5901897969896964,
      "E288\\E228-200-8Q9.csv": 0.46170787249002726,
      "E288\\E228-300-11Q12.csv": 0.4013329740140013,
      "E288\\E228-300-4Q5.csv": 1.3266852762487444,
      "E288\\E228-300-5Q6.csv": 0.3116378024090833,
      "E288\\E228-300-6Q7.csv": 0.5893417929274382,
      "E288\\E228-300-7Q8.csv": 0.21012299309697288,
      "E288\\E228-300-8Q9.csv": 1.0454067565712724,
      "E288\\E228-400-11Q12.csv": 0.9730770984959367,
      "E288\\E228-400-12Q13.csv": 1.096195165683922,
      "E288\\E228-400-13Q14.csv": 0.6769845714484402,
      "E288\\E228-400-5Q6.csv": 0.7697369690542949,
      "E288\\E228-400-6Q7.csv": 1.669412825749374,
      "E288\\E228-400-7Q8.csv": 1.3939014857732637,
      "E288\\E228-400-8Q9.csv": 1.5853634666833898,
      "E605\\E605-10.5Q11.5.csv": 0.5388529297883773,
      "E605\\E605-11.5Q13.5.csv": 0.7845112289542526,
      "E605\\E605-13.5Q18.csv": 1.3855927332921796,
      "E605\\E605-7Q8.csv": 0.22741483617902153,
      "E605\\E605-8Q9.csv": 0.5274721669157781,
      "E772\\E772-11Q12.csv": 2.4824426140053086,
      "E772\\E772-12Q13.csv": 3.6950629735284104,
      "E772\\E772-13Q14.csv": 3.886687885584977,
      "E772\\E772-14Q15.csv": 0.23583994198278416,
      "LHCb_7\\LHCb7.csv": 1.0522130920946378,
      "LHCb_8\\LHCb8.csv": 0.4380616952503947,
      "LHCb_13\\LHCb13.csv": 1.0192740309704764,
      "STAR\\STAR510.csv": 1.6939150732655348
    },
    "high_energy_rows": [
      {
        "file": "CMS_13\\CMS13-170Q350.csv",
        "chi2dN": 1.086049075045936,
        "N": 10,
        "ratio_1": 1.0832530164787935,
        "data_1": 0.0344,
        "pred_1": 0.0372639037668705,
        "ratio_2": 1.0940064312401256,
        "data_2": 0.0781,
        "pred_2": 0.08544190227985382,
        "ratio_3": 1.0838550401896965,
        "data_3": 0.0902,
        "pred_3": 0.09776372462511063
      },
      {
        "file": "CMS_13\\CMS13-350Q1000.csv",
        "chi2dN": 1.5505058842472863,
        "N": 11,
        "ratio_1": 1.1282185476054163,
        "data_1": 0.00238,
        "pred_1": 0.002685160143300891,
        "ratio_2": 1.137280029005709,
        "data_2": 0.00565,
        "pred_2": 0.0064256321638822556,
        "ratio_3": 1.1059303017858102,
        "data_3": 0.00699,
        "pred_3": 0.007730452809482813
      },
      {
        "file": "ATLAS_8\\ATLAS8-00y04.csv",
        "chi2dN": 2.7229187892892064,
        "N": 6,
        "ratio_1": 0.9892577586234036,
        "data_1": 3.257,
        "pred_1": 3.222012519836426,
        "ratio_2": 0.9888263422602618,
        "data_2": 6.708,
        "pred_2": 6.633047103881836,
        "ratio_3": 1.0027636152170298,
        "data_3": 6.714,
        "pred_3": 6.732554912567139
      },
      {
        "file": "ATLAS_8\\ATLAS8-04y08.csv",
        "chi2dN": 0.9956673973187709,
        "N": 6,
        "ratio_1": 0.9926732707075467,
        "data_1": 3.219,
        "pred_1": 3.1954152584075928,
        "ratio_2": 0.9879623793641417,
        "data_2": 6.676,
        "pred_2": 6.59563684463501,
        "ratio_3": 0.9939579611913164,
        "data_3": 6.737,
        "pred_3": 6.696294784545898
      },
      {
        "file": "LHCb_8\\LHCb8.csv",
        "chi2dN": 0.4380616952503947,
        "N": 7,
        "ratio_1": 0.9774310019025721,
        "data_1": 3.592273,
        "pred_1": 3.5111989974975586,
        "ratio_2": 0.9615123686010715,
        "data_2": 6.420833,
        "pred_2": 6.173710346221924,
        "ratio_3": 0.9718136315037039,
        "data_3": 6.340833,
        "pred_3": 6.162107944488525
      }
    ]
  },
  "fit": {
    "elapsed_s": 433.4312768,
    "nf": 5266,
    "flag": 0,
    "free_params": [
      1.034144189408862,
      -2.1079610727481004,
      0.051139417076865645,
      -0.2590081824338304,
      1.4844848648153928,
      0.0710116889593183,
      0.02688859027064704
    ],
    "log10_chi2": 0.0056827210387349475,
    "stage1": [
      {
        "start_id": 22,
        "log10_chi2": 0.005790686100105266,
        "nf": 105,
        "flag": 1
      },
      {
        "start_id": 14,
        "log10_chi2": 0.006024421673775487,
        "nf": 105,
        "flag": 1
      },
      {
        "start_id": 0,
        "log10_chi2": 0.006039609855768549,
        "nf": 105,
        "flag": 1
      },
      {
        "start_id": 11,
        "log10_chi2": 0.006121060538804521,
        "nf": 105,
        "flag": 1
      },
      {
        "start_id": 20,
        "log10_chi2": 0.006303428159254221,
        "nf": 105,
        "flag": 1
      },
      {
        "start_id": 25,
        "log10_chi2": 0.0064158592976689246,
        "nf": 105,
        "flag": 1
      },
      {
        "start_id": 23,
        "log10_chi2": 0.0067558245050846665,
        "nf": 105,
        "flag": 1
      },
      {
        "start_id": 9,
        "log10_chi2": 0.0070563106699810104,
        "nf": 105,