{
  "candidate": "poly_bstar_cslog_loggauss_42best_refresh",
  "fit_name": "PolyBstarCSLogLogGauss42Best",
  "param_names": [
    "lambda1",
    "lambda2",
    "lambda3",
    "lambda4",
    "alpha",
    "logx0",
    "sigx",
    "amp",
    "BNP",
    "c0",
    "c1"
  ],
  "free_idx": [
    0,
    1,
    2,
    3,
    4,
    5,
    6,
    7,
    8,
    9,
    10
  ],
  "frozen_idx": [],
  "initial": {
    "full_params": [
      0.733504783641,
      0.130364832818,
      -1.85661497075,
      0.00768130656603,
      1.32302506994,
      -4.66572721859,
      0.220573639244,
      -1.408426946,
      1.42878612634,
      0.0715698989294,
      0.0263110651839
    ],
    "free_params": [
      0.733504783641,
      0.130364832818,
      -1.85661497075,
      0.00768130656603,
      1.32302506994,
      -4.66572721859,
      0.220573639244,
      -1.408426946,
      1.42878612634,
      0.0715698989294,
      0.0263110651839
    ],
    "metrics": {
      "chi2dN_total": 0.9955380519990569,
      "chi2dN_collider": 0.9257005911436224,
      "chi2dN_fixed_target": 1.089712809819264,
      "highE_weighted_chi2dN": 1.2841888512829336,
      "highE_mean_ratio_first3": 1.0337415681609594,
      "highE_mean_absdev_first3": 0.052740915376449336,
      "highE_mean_signed_first3": 0.033741568160959495,
      "highE_mean_shortfall_first3": 0.009499673607744922,
      "highE_mean_overshoot_first3": 0.04324124176870441,
      "cms_highmass_mean_ratio_first3": 1.1076414720764156,
      "cms_highmass_mean_absdev_first3": 0.10764147207641543,
      "cms_highmass_mean_signed_first3": 0.10764147207641543,
      "zlike_mean_ratio_first3": 0.9844749655506556,
      "zlike_mean_absdev_first3": 0.016140544243138613,
      "zlike_mean_signed_first3": -0.015525034449344463,
      "compute_s": 0.0429683
    },
    "per_file_chi2dN": {
      "ATLAS_7\\ATLAS7-00y10.csv": 0.6605066302129506,
      "ATLAS_7\\ATLAS7-10y20.csv": 3.3340723444941798,
      "ATLAS_7\\ATLAS7-20y24.csv": 1.4763679359063377,
      "ATLAS_8\\ATLAS8-00y04.csv": 2.5725094053449085,
      "ATLAS_8\\ATLAS8-04y08.csv": 0.8227596650615653,
      "ATLAS_8\\ATLAS8-08y12.csv": 0.5730422262507049,
      "ATLAS_8\\ATLAS8-116Q150.csv": 0.5695541194996,
      "ATLAS_8\\ATLAS8-12y16.csv": 2.1074057972267983,
      "ATLAS_8\\ATLAS8-16y20.csv": 0.9461170039244111,
      "ATLAS_8\\ATLAS8-20y24.csv": 0.8245245827072561,
      "ATLAS_8\\ATLAS8-46Q66.csv": 1.028139403098866,
      "CDF_I\\CDF1.csv": 0.5642204545675157,
      "CDF_II\\CDF2.csv": 0.7582432789065668,
      "CMS_7\\CMS7.csv": 1.4351417051377455,
      "CMS_8\\CMS8.csv": 0.7735319255803491,
      "CMS_13\\CMS13-00y04.csv": 1.284358524242239,
      "CMS_13\\CMS13-04y08.csv": 0.8389983259589553,
      "CMS_13\\CMS13-08y12.csv": 0.45199659085975136,
      "CMS_13\\CMS13-106Q170.csv": 0.7926301962411197,
      "CMS_13\\CMS13-12y16.csv": 0.22144073115262655,
      "CMS_13\\CMS13-16y24.csv": 0.23452916492464687,
      "CMS_13\\CMS13-170Q350.csv": 1.099218071623206,
      "CMS_13\\CMS13-350Q1000.csv": 1.5512919417153357,
      "D0_I\\D01.csv": 0.556763585453454,
      "D0_II\\D02.csv": 0.839973326674057,
      "D0_II_mu\\D02mu.csv": 0.4720956521602879,
      "E288\\E228-200-4Q5.csv": 0.5128776475586847,
      "E288\\E228-200-5Q6.csv": 0.29709181890203906,
      "E288\\E228-200-6Q7.csv": 0.4656358700098076,
      "E288\\E228-200-7Q8.csv": 0.5613595390886453,
      "E288\\E228-200-8Q9.csv": 0.4636149089289093,
      "E288\\E228-300-11Q12.csv": 0.40330749106034297,
      "E288\\E228-300-4Q5.csv": 1.6791497938187068,
      "E288\\E228-300-5Q6.csv": 0.253351415821627,
      "E288\\E228-300-6Q7.csv": 0.658752241223022,
      "E288\\E228-300-7Q8.csv": 0.18917322971628828,
      "E288\\E228-300-8Q9.csv": 1.1519845398248947,
      "E288\\E228-400-11Q12.csv": 0.9554924231054708,
      "E288\\E228-400-12Q13.csv": 1.1178075278188466,
      "E288\\E228-400-13Q14.csv": 0.6730857328591063,
      "E288\\E228-400-5Q6.csv": 1.0214449361204387,
      "E288\\E228-400-6Q7.csv": 1.7812258827483187,
      "E288\\E228-400-7Q8.csv": 1.1960230059426757,
      "E288\\E228-400-8Q9.csv": 1.5213579415352017,
      "E605\\E605-10.5Q11.5.csv": 0.46673546055157605,
      "E605\\E605-11.5Q13.5.csv": 0.6938586675224608,
      "E605\\E605-13.5Q18.csv": 1.3100458702529887,
      "E605\\E605-7Q8.csv": 0.22993420191605568,
      "E605\\E605-8Q9.csv": 0.6162915439809178,
      "E772\\E772-11Q12.csv": 2.4468858135454523,
      "E772\\E772-12Q13.csv": 3.560212684561419,
      "E772\\E772-13Q14.csv": 3.9366203428134767,
      "E772\\E772-14Q15.csv": 0.24193010329119255,
      "LHCb_7\\LHCb7.csv": 0.9869352423870225,
      "LHCb_8\\LHCb8.csv": 0.4199353648253923,
      "LHCb_13\\LHCb13.csv": 0.9408759197616634,
      "STAR\\STAR510.csv": 1.9140747499445037
    },
    "high_energy_rows": [
      {
        "file": "CMS_13\\CMS13-170Q350.csv",
        "chi2dN": 1.099218071623206,
        "N": 10,
        "ratio_1": 1.0841301923920943,
        "data_1": 0.0344,
        "pred_1": 0.03729407861828804,
        "ratio_2": 1.0954677371758963,
        "data_2": 0.0781,
        "pred_2": 0.0855560302734375,
        "ratio_3": 1.0840539426074058,
        "data_3": 0.0902,
        "pred_3": 0.09778166562318802
      },
      {
        "file": "CMS_13\\CMS13-350Q1000.csv",
        "chi2dN": 1.5512919417153357,
        "N": 11,
        "ratio_1": 1.1347036636551888,
        "data_1": 0.00238,
        "pred_1": 0.0027005947194993496,
        "ratio_2": 1.1409605663698332,
        "data_2": 0.00565,
        "pred_2": 0.006446427199989557,
        "ratio_3": 1.106532730258074,
        "data_3": 0.00699,
        "pred_3": 0.007734663784503937
      },
      {
        "file": "ATLAS_8\\ATLAS8-00y04.csv",
        "chi2dN": 2.5725094053449085,
        "N": 6,
        "ratio_1": 0.9878553566773097,
        "data_1": 3.257,
        "pred_1": 3.217444896697998,
        "ratio_2": 0.9893629617753594,
        "data_2": 6.708,
        "pred_2": 6.636646747589111,
        "ratio_3": 1.0027697940720737,
        "data_3": 6.714,
        "pred_3": 6.732596397399902
      },
      {
        "file": "ATLAS_8\\ATLAS8-04y08.csv",
        "chi2dN": 0.8227596650615653,
        "N": 6,
        "ratio_1": 0.9891712061919645,
        "data_1": 3.219,
        "pred_1": 3.1841421127319336,
        "ratio_2": 0.9884114319725333,
        "data_2": 6.676,
        "pred_2": 6.598634719848633,
        "ratio_3": 0.9941984677466933,
        "data_3": 6.737,
        "pred_3": 6.697915077209473
      },
      {
        "file": "LHCb_8\\LHCb8.csv",
        "chi2dN": 0.4199353648253923,
        "N": 7,
        "ratio_1": 0.972265171887484,
        "data_1": 3.592273,
        "pred_1": 3.4926419258117676,
        "ratio_2": 0.9631666749093235,
        "data_2": 6.420833,
        "pred_2": 6.184332370758057,
        "ratio_3": 0.9730736247231584,
        "data_3": 6.340833,
        "pred_3": 6.170097351074219
      }
    ]
  },
  "fit": {
    "elapsed_s": 478.0989324999996,
    "nf": 5580,
    "flag": 0,
    "free_params": [
      0.5312496432125756,
      0.41314171833313784,
      -1.9315307401739652,
      -0.02580917867172422,
      1.5493609436070532,
      -4.661047224212012,
      0.2161824494785164,
      -1.3348852084584188,
      1.3794575041826467,
      0.07308476275570022,
      0.02581228609521631
    ],
    "log10_chi2": -0.005084190221205822,
    "stage1": [
      {
        "start_id": 14,
        "log10_chi2": -0.0029971244770471413,
        "nf": 105,
        "flag": 1
      },
      {
        "start_id": 13,
        "log10_chi2": -0.002407163398325969,
        "nf": 105,
        "flag": 1
      },
      {
        "start_id": 1,
        "log10_chi2": -0.0022363830365291757,
        "nf": 105,
        "flag": 1
      },
      {
        "start_id": 0,
        "log10_chi2": -0.002135226249832906,
        "nf": 105,
        "flag": 1
      },
      {
        "start_id": 9,
        "log10_chi2": -0.001124693069410645,
        "nf": 105,