{
  "candidate": "alexey_bias_art23cslog",
  "fit_name": "AlexeyBiasART23CSLog",
  "param_names": [
    "lambda1",
    "lambda2",
    "l0",
    "BNP",
    "c0",
    "c1"
  ],
  "free_idx": [
    0,
    1,
    2,
    3,
    4,
    5
  ],
  "frozen_idx": [],
  "initial": {
    "full_params": [
      0.543680868462,
      0.624789037837,
      1.0,
      1.41627869933,
      0.0793882165002,
      0.0222843375467
    ],
    "free_params": [
      0.543680868462,
      0.624789037837,
      1.0,
      1.41627869933,
      0.0793882165002,
      0.0222843375467
    ],
    "metrics": {
      "chi2dN_total": 5.680902997536206,
      "chi2dN_collider": 8.214228834075467,
      "chi2dN_fixed_target": 2.2647514906878103,
      "highE_weighted_chi2dN": 15.600432412877307,
      "highE_mean_ratio_first3": 0.9695182496625495,
      "highE_mean_absdev_first3": 0.07459324417141582,
      "highE_mean_signed_first3": -0.030481750337450552,
      "highE_mean_shortfall_first3": 0.05253749725443318,
      "highE_mean_overshoot_first3": 0.02205574691698263,
      "cms_highmass_mean_ratio_first3": 1.0457629030383602,
      "cms_highmass_mean_absdev_first3": 0.057900335122887246,
      "cms_highmass_mean_signed_first3": 0.045762903038360135,
      "zlike_mean_ratio_first3": 0.9186884807453423,
      "zlike_mean_absdev_first3": 0.08572185020376819,
      "zlike_mean_signed_first3": -0.08131151925465768,
      "compute_s": 0.0427498
    },
    "per_file_chi2dN": {
      "ATLAS_7\\ATLAS7-00y10.csv": 28.356054667475494,
      "ATLAS_7\\ATLAS7-10y20.csv": 21.32434333558906,
      "ATLAS_7\\ATLAS7-20y24.csv": 5.513097374893469,
      "ATLAS_8\\ATLAS8-00y04.csv": 54.14022147513998,
      "ATLAS_8\\ATLAS8-04y08.csv": 37.311670259631846,
      "ATLAS_8\\ATLAS8-08y12.csv": 26.117369144390015,
      "ATLAS_8\\ATLAS8-116Q150.csv": 2.637134944419271,
      "ATLAS_8\\ATLAS8-12y16.csv": 31.609035043129662,
      "ATLAS_8\\ATLAS8-16y20.csv": 19.146821289214056,
      "ATLAS_8\\ATLAS8-20y24.csv": 13.011262223047742,
      "ATLAS_8\\ATLAS8-46Q66.csv": 18.03471551095702,
      "CDF_I\\CDF1.csv": 1.0165607952728994,
      "CDF_II\\CDF2.csv": 7.497726734349117,
      "CMS_7\\CMS7.csv": 3.6654071021510823,
      "CMS_8\\CMS8.csv": 2.949474018809365,
      "CMS_13\\CMS13-00y04.csv": 6.968167910065332,
      "CMS_13\\CMS13-04y08.csv": 3.325571185841485,
      "CMS_13\\CMS13-08y12.csv": 2.3556740149459867,
      "CMS_13\\CMS13-106Q170.csv": 4.930899591234261,
      "CMS_13\\CMS13-12y16.csv": 1.4771690091203724,
      "CMS_13\\CMS13-16y24.csv": 0.9811218618504799,
      "CMS_13\\CMS13-170Q350.csv": 1.53782485093208,
      "CMS_13\\CMS13-350Q1000.csv": 1.6812388078110543,
      "D0_I\\D01.csv": 2.704405189050814,
      "D0_II\\D02.csv": 1.9007412706188034,
      "D0_II_mu\\D02mu.csv": 11.530863530090237,
      "E288\\E228-200-4Q5.csv": 2.8253601410732485,
      "E288\\E228-200-5Q6.csv": 1.899002861047983,
      "E288\\E228-200-6Q7.csv": 1.7440345019784376,
      "E288\\E228-200-7Q8.csv": 1.4961751991854002,
      "E288\\E228-200-8Q9.csv": 0.7169830426248568,
      "E288\\E228-300-11Q12.csv": 0.2877570880090127,
      "E288\\E228-300-4Q5.csv": 2.999560714870984,
      "E288\\E228-300-5Q6.csv": 1.7079256475153033,
      "E288\\E228-300-6Q7.csv": 3.163856631181234,
      "E288\\E228-300-7Q8.csv": 1.7492206244558322,
      "E288\\E228-300-8Q9.csv": 0.6889048264384368,
      "E288\\E228-400-11Q12.csv": 1.1874577602401974,
      "E288\\E228-400-12Q13.csv": 0.8813737519325707,
      "E288\\E228-400-13Q14.csv": 0.5658602985571225,
      "E288\\E228-400-5Q6.csv": 2.4028284745560224,
      "E288\\E228-400-6Q7.csv": 7.7410119588612405,
      "E288\\E228-400-7Q8.csv": 5.203510511998981,
      "E288\\E228-400-8Q9.csv": 5.67094706987352,
      "E605\\E605-10.5Q11.5.csv": 2.2096666017397952,
      "E605\\E605-11.5Q13.5.csv": 2.6703795503662726,
      "E605\\E605-13.5Q18.csv": 2.4571693470943137,
      "E605\\E605-7Q8.csv": 1.4441867282956249,
      "E605\\E605-8Q9.csv": 1.247697560063563,
      "E772\\E772-11Q12.csv": 3.4838682952081315,
      "E772\\E772-12Q13.csv": 4.473127639724051,
      "E772\\E772-13Q14.csv": 2.5607789589104835,
      "E772\\E772-14Q15.csv": 0.4593795076978695,
      "LHCb_7\\LHCb7.csv": 3.8253668874287805,
      "LHCb_8\\LHCb8.csv": 5.919152958745571,
      "LHCb_13\\LHCb13.csv": 2.005788693779756,
      "STAR\\STAR510.csv": 0.7784179835257599
    },
    "high_energy_rows": [
      {
        "file": "CMS_13\\CMS13-170Q350.csv",
        "chi2dN": 1.53782485093208,
        "N": 10,
        "ratio_1": 0.9635877037464187,
        "data_1": 0.0344,
        "pred_1": 0.0331474170088768,
        "ratio_2": 1.0379927564369427,
        "data_2": 0.0781,
        "pred_2": 0.08106723427772522,
        "ratio_3": 1.0797516866163774,
        "data_3": 0.0902,
        "pred_3": 0.09739360213279724
      },
      {
        "file": "CMS_13\\CMS13-350Q1000.csv",
        "chi2dN": 1.6812388078110543,
        "N": 11,
        "ratio_1": 1.0180080646038556,
        "data_1": 0.00238,
        "pred_1": 0.0024228591937571764,
        "ratio_2": 1.0797724259638155,
        "data_2": 0.00565,
        "pred_2": 0.006100714206695557,
        "ratio_3": 1.095464780862751,
        "data_3": 0.00699,
        "pred_3": 0.007657298818230629
      },
      {
        "file": "ATLAS_8\\ATLAS8-00y04.csv",
        "chi2dN": 54.14022147513998,
        "N": 6,
        "ratio_1": 0.8397450796987588,
        "data_1": 3.257,
        "pred_1": 2.7350497245788574,
        "ratio_2": 0.9335059812542364,
        "data_2": 6.708,
        "pred_2": 6.261958122253418,
        "ratio_3": 1.014614730212246,
        "data_3": 6.714,
        "pred_3": 6.8121232986450195
      },
      {
        "file": "ATLAS_8\\ATLAS8-04y08.csv",
        "chi2dN": 37.311670259631846,
        "N": 6,
        "ratio_1": 0.8489533809817108,
        "data_1": 3.219,
        "pred_1": 2.732780933380127,
        "ratio_2": 0.9350778100874839,
        "data_2": 6.676,
        "pred_2": 6.242579460144043,
        "ratio_3": 1.0052317590587514,
        "data_3": 6.737,
        "pred_3": 6.772246360778809
      },
      {
        "file": "LHCb_8\\LHCb8.csv",
        "chi2dN": 5.919152958745571,
        "N": 7,
        "ratio_1": 0.8111463491087749,
        "data_1": 3.592273,
        "pred_1": 2.9138591289520264,
        "ratio_2": 0.9030761296407293,
        "data_2": 6.420833,
        "pred_2": 5.798501014709473,
        "ratio_3": 0.9768451066653895,
        "data_3": 6.340833,
        "pred_3": 6.194011688232422
      }
    ]
  },
  "fit": {
    "elapsed_s": 231.51708420000023,
    "nf": 2916,
    "flag": 0,
    "free_params": [
      0.02,
      1.0699592128634121,
      16.944305865582116,
      1.7381259178120105,
      0.07902067544776567,
      0.017575185437764436
    ],
    "log10_chi2": -0.08203753056269218,
    "stage1": [
      {
        "start_id": 12,
        "log10_chi2": -0.07388560403158728,
        "nf": 80,
        "flag": 1
      },
      {
        "start_id": 2,
        "log10_chi2": -0.07358980991504822,
        "nf": 80,
        "flag": 1
      },
      {
        "start_id": 15,
        "log10_chi2": -0.0712388716871087,
        "nf": 80,
        "flag": 1
      },
      {
        "start_id": 0,
        "log10_chi2": -0.069704612066361,
        "nf": 80,
        "flag": 1
      },
      {
        "start_id": 11,
        "log10_chi2": -0.06945099642359935,
        "nf": 80,
        "flag": 1
      },
      {
        "start_id": 17,
        "log10_chi2": -0.06937000674139365,
        "nf": 80,
        "flag": 1
      },
      {
        "start_id": 6,
        "log10_chi2": -0.0689313602698724,
        "nf": 80,
        "flag": 1
      },
      {
        "start_id": 16,
        "log10_chi2": -0.06851362648701871,
        "nf": 80,
        "flag": 1
      },
      {
        "start_id": 5,
        "log10_chi2": -0.06750202715053362,
        "nf": 80,
        "flag": 1
      },
      {
        "start_id": 3,