{
  "candidate": "xb_patch_peak_mult",
  "fit_name": "XBPatchPeakMult",
  "param_names": [
    "lambda1",
    "lambda2",
    "lambda4",
    "logx0",
    "sigx",
    "amp",
    "logx1",
    "sigx1",
    "bw",
    "apatch",
    "BNP",
    "c0",
    "c1"
  ],
  "free_idx": [
    0,
    1,
    2,
    3,
    4,
    5,
    6,
    7,
    8,
    9,
    10,
    11,
    12
  ],
  "frozen_idx": [],
  "initial": {
    "full_params": [
      0.5436808685,
      0.6247890378,
      0.02465039808,
      -4.580855224,
      0.33536604,
      -0.4851695281,
      -3.912023005,
      0.35,
      0.8,
      0.0,
      1.416278699,
      0.0793882165,
      0.02228433755
    ],
    "free_params": [
      0.5436808685,
      0.6247890378,
      0.02465039808,
      -4.580855224,
      0.33536604,
      -0.4851695281,
      -3.912023005,
      0.35,
      0.8,
      0.0,
      1.416278699,
      0.0793882165,
      0.02228433755
    ],
    "metrics": {
      "chi2dN_total": 0.8262308136023291,
      "chi2dN_collider": 0.8872978642917719,
      "chi2dN_fixed_target": 0.743882821005958,
      "highE_weighted_chi2dN": 1.3527540076543045,
      "highE_mean_ratio_first3": 1.0305417296544643,
      "highE_mean_absdev_first3": 0.0514343296925918,
      "highE_mean_signed_first3": 0.03054172965446426,
      "highE_mean_shortfall_first3": 0.01044630001906377,
      "highE_mean_overshoot_first3": 0.04098802967352803,
      "cms_highmass_mean_ratio_first3": 1.1019020874082674,
      "cms_highmass_mean_absdev_first3": 0.10190208740826756,
      "cms_highmass_mean_signed_first3": 0.10190208740826756,
      "zlike_mean_ratio_first3": 0.9829681578185956,
      "zlike_mean_absdev_first3": 0.01778915788214129,
      "zlike_mean_signed_first3": -0.01703184218140461,
      "compute_s": 0.0388278
    },
    "per_file_chi2dN": {
      "ATLAS_7\\ATLAS7-00y10.csv": 0.45345648529629307,
      "ATLAS_7\\ATLAS7-10y20.csv": 3.2455519175487986,
      "ATLAS_7\\ATLAS7-20y24.csv": 1.3423192311344934,
      "ATLAS_8\\ATLAS8-00y04.csv": 2.756254606578804,
      "ATLAS_8\\ATLAS8-04y08.csv": 1.0934336871209829,
      "ATLAS_8\\ATLAS8-08y12.csv": 0.532897636310807,
      "ATLAS_8\\ATLAS8-116Q150.csv": 0.5492421036155035,
      "ATLAS_8\\ATLAS8-12y16.csv": 1.5808809815496894,
      "ATLAS_8\\ATLAS8-16y20.csv": 1.030396259794568,
      "ATLAS_8\\ATLAS8-20y24.csv": 0.9379474315911577,
      "ATLAS_8\\ATLAS8-46Q66.csv": 0.4825344126719664,
      "CDF_I\\CDF1.csv": 0.5118255100161102,
      "CDF_II\\CDF2.csv": 0.7660668010656958,
      "CMS_7\\CMS7.csv": 1.4385186262586234,
      "CMS_8\\CMS8.csv": 0.7470686169717093,
      "CMS_13\\CMS13-00y04.csv": 1.3726234122792411,
      "CMS_13\\CMS13-04y08.csv": 0.8458434296926449,
      "CMS_13\\CMS13-08y12.csv": 0.4502596531226615,
      "CMS_13\\CMS13-106Q170.csv": 0.8115487211504232,
      "CMS_13\\CMS13-12y16.csv": 0.23916640592507948,
      "CMS_13\\CMS13-16y24.csv": 0.2589658704561014,
      "CMS_13\\CMS13-170Q350.csv": 1.0743070315670924,
      "CMS_13\\CMS13-350Q1000.csv": 1.5511566819459255,
      "D0_I\\D01.csv": 0.5933136532192937,
      "D0_II\\D02.csv": 0.6850948369571854,
      "D0_II_mu\\D02mu.csv": 0.3167093306408477,
      "E288\\E228-200-4Q5.csv": 0.5530291715819283,
      "E288\\E228-200-5Q6.csv": 0.3204515433005734,
      "E288\\E228-200-6Q7.csv": 0.3071407076533967,
      "E288\\E228-200-7Q8.csv": 0.16020476019626675,
      "E288\\E228-200-8Q9.csv": 0.5437063774275858,
      "E288\\E228-300-11Q12.csv": 0.2953543238112339,
      "E288\\E228-300-4Q5.csv": 1.514375397186054,
      "E288\\E228-300-5Q6.csv": 0.2206377449399492,
      "E288\\E228-300-6Q7.csv": 0.42501908942761774,
      "E288\\E228-300-7Q8.csv": 0.09842922337339251,
      "E288\\E228-300-8Q9.csv": 1.1518711150207195,
      "E288\\E228-400-11Q12.csv": 0.6895512558173278,
      "E288\\E228-400-12Q13.csv": 0.8636236857287477,
      "E288\\E228-400-13Q14.csv": 0.5667837483670085,
      "E288\\E228-400-5Q6.csv": 0.8206934597194095,
      "E288\\E228-400-6Q7.csv": 1.416379322020622,
      "E288\\E228-400-7Q8.csv": 0.4632776737777729,
      "E288\\E228-400-8Q9.csv": 0.7979799872969924,
      "E605\\E605-10.5Q11.5.csv": 0.1957310283838844,
      "E605\\E605-11.5Q13.5.csv": 0.3810589129952114,
      "E605\\E605-13.5Q18.csv": 0.7929617811316703,
      "E605\\E605-7Q8.csv": 0.22914180999306719,
      "E605\\E605-8Q9.csv": 0.4585824254106797,
      "E772\\E772-11Q12.csv": 1.641008638372743,
      "E772\\E772-12Q13.csv": 2.2637783120127803,
      "E772\\E772-13Q14.csv": 2.5729524865567184,
      "E772\\E772-14Q15.csv": 0.2173093005337564,
      "LHCb_7\\LHCb7.csv": 0.8752848768426033,
      "LHCb_8\\LHCb8.csv": 0.4580338181281938,
      "LHCb_13\\LHCb13.csv": 0.7843047799239712,
      "STAR\\STAR510.csv": 1.3576891940911577
    },
    "high_energy_rows": [
      {
        "file": "CMS_13\\CMS13-170Q350.csv",
        "chi2dN": 1.0743070315670924,
        "N": 10,
        "ratio_1": 1.0783120253404905,
        "data_1": 0.0344,
        "pred_1": 0.037093933671712875,
        "ratio_2": 1.0940008027605455,
        "data_2": 0.0781,
        "pred_2": 0.0854414626955986,
        "ratio_3": 1.0842179875416131,
        "data_3": 0.0902,
        "pred_3": 0.09779646247625351
      },
      {
        "file": "CMS_13\\CMS13-350Q1000.csv",
        "chi2dN": 1.5511566819459255,
        "N": 11,
        "ratio_1": 1.117060677062313,
        "data_1": 0.00238,
        "pred_1": 0.002658604411408305,
        "ratio_2": 1.1327970707047303,
        "data_2": 0.00565,
        "pred_2": 0.006400303449481726,
        "ratio_3": 1.1050239610399128,
        "data_3": 0.00699,
        "pred_3": 0.007724117487668991
      },
      {
        "file": "ATLAS_8\\ATLAS8-00y04.csv",
        "chi2dN": 2.756254606578804,
        "N": 6,
        "ratio_1": 0.9917874697860047,
        "data_1": 3.257,
        "pred_1": 3.2302517890930176,
        "ratio_2": 0.9944658586505487,
        "data_2": 6.708,
        "pred_2": 6.670876979827881,
        "ratio_3": 1.003407920653315,
        "data_3": 6.714,
        "pred_3": 6.736880779266357
      },
      {
        "file": "ATLAS_8\\ATLAS8-04y08.csv",
        "chi2dN": 1.0934336871209829,
        "N": 6,
        "ratio_1": 0.9874101379859074,
        "data_1": 3.219,
        "pred_1": 3.1784732341766357,
        "ratio_2": 0.991212528861876,
        "data_2": 6.676,
        "pred_2": 6.617334842681885,
        "ratio_3": 0.9951937600308928,
        "data_3": 6.737,
        "pred_3": 6.704620361328125
      },
      {
        "file": "LHCb_8\\LHCb8.csv",
        "chi2dN": 0.4580338181281938,
        "N": 7,
        "ratio_1": 0.9521621460043206,
        "data_1": 3.592273,
        "pred_1": 3.420426368713379,
        "ratio_2": 0.9603842974562363,
        "data_2": 6.420833,
        "pred_2": 6.166467189788818,
        "ratio_3": 0.9706893009382569,
        "data_3": 6.340833,
        "pred_3": 6.1549787521362305
      }
    ]
  },
  "fit": {
    "elapsed_s": 52.05515060000107,
    "nf": 630,
    "flag": 1,
    "free_params": [
      0.5110025418334588,
      0.6167909924843827,
      0.01405110445455593,
      -4.647199980682307,
      0.3061689690721031,
      -0.607237496670014,
      -4.6263018014154795,
      0.29832466281786396,
      0.39871006934717695,
      0.03926407715476499,
      1.4412988877114707,
      0.08096559257223887,
      0.025849865028827006
    ],
    "log10_chi2": -0.09120057913725471,
    "stage1": [
      {
        "start_id": 0,
        "log10_chi2": -0.08293746903192847,
        "nf": 60,
        "flag": 1
      },
      {
        "start_id": 1,
        "log10_chi2": -0.06287037045210765,
        "nf": 60,
        "flag": 1
      },
      {
        "start_id": 2,
        "log10_chi2": -0.029766818075805147,
        "nf": 60,
        "flag": 1
      }
    ],
    "stage2": [
      {
        "log10_chi2": -0.0901292265360801,
        "nf": 180,
        "flag": 1
      },
      {
        "log10_chi2": -0.07713999831200738,
        "nf": 180,