{
  "candidate": "xb_patch_logb_mult",
  "fit_name": "XBPatchLogBMult",
  "param_names": [
    "lambda1",
    "lambda2",
    "lambda4",
    "logx0",
    "sigx",
    "amp",
    "logx1",
    "sigx1",
    "logb1",
    "sigb",
    "apatch",
    "BNP",
    "c0",
    "c1"
  ],
  "free_idx": [
    0,
    1,
    2,
    3,
    4,
    5,
    6,
    7,
    8,
    9,
    10,
    11,
    12,
    13
  ],
  "frozen_idx": [],
  "initial": {
    "full_params": [
      0.5436808685,
      0.6247890378,
      0.02465039808,
      -4.580855224,
      0.33536604,
      -0.4851695281,
      -3.912023005,
      0.35,
      0.4054651081,
      0.45,
      0.0,
      1.416278699,
      0.0793882165,
      0.02228433755
    ],
    "free_params": [
      0.5436808685,
      0.6247890378,
      0.02465039808,
      -4.580855224,
      0.33536604,
      -0.4851695281,
      -3.912023005,
      0.35,
      0.4054651081,
      0.45,
      0.0,
      1.416278699,
      0.0793882165,
      0.02228433755
    ],
    "metrics": {
      "chi2dN_total": 0.8262277207001909,
      "chi2dN_collider": 0.8872926816325833,
      "chi2dN_fixed_target": 0.7438825461095404,
      "highE_weighted_chi2dN": 1.3527371771707615,
      "highE_mean_ratio_first3": 1.0305416794021893,
      "highE_mean_absdev_first3": 0.05143436777187887,
      "highE_mean_signed_first3": 0.030541679402189357,
      "highE_mean_shortfall_first3": 0.010446344184844757,
      "highE_mean_overshoot_first3": 0.040988023587034114,
      "cms_highmass_mean_ratio_first3": 1.1019020721920327,
      "cms_highmass_mean_absdev_first3": 0.10190207219203277,
      "cms_highmass_mean_signed_first3": 0.10190207219203277,
      "zlike_mean_ratio_first3": 0.9829680842089604,
      "zlike_mean_absdev_first3": 0.01778923149177627,
      "zlike_mean_signed_first3": -0.01703191579103959,
      "compute_s": 0.0389828
    },
    "per_file_chi2dN": {
      "ATLAS_7\\ATLAS7-00y10.csv": 0.4534411850651412,
      "ATLAS_7\\ATLAS7-10y20.csv": 3.245537216723795,
      "ATLAS_7\\ATLAS7-20y24.csv": 1.342325129609866,
      "ATLAS_8\\ATLAS8-00y04.csv": 2.756154894691033,
      "ATLAS_8\\ATLAS8-04y08.csv": 1.093420014509875,
      "ATLAS_8\\ATLAS8-08y12.csv": 0.5328798812667885,
      "ATLAS_8\\ATLAS8-116Q150.csv": 0.5492321479639126,
      "ATLAS_8\\ATLAS8-12y16.csv": 1.5808119020840363,
      "ATLAS_8\\ATLAS8-16y20.csv": 1.0303823284987323,
      "ATLAS_8\\ATLAS8-20y24.csv": 0.9379441510184456,
      "ATLAS_8\\ATLAS8-46Q66.csv": 0.48254604891276764,
      "CDF_I\\CDF1.csv": 0.5118255016452777,
      "CDF_II\\CDF2.csv": 0.7660695546839652,
      "CMS_7\\CMS7.csv": 1.438519074813621,
      "CMS_8\\CMS8.csv": 0.74706751160398,
      "CMS_13\\CMS13-00y04.csv": 1.3726251989739653,
      "CMS_13\\CMS13-04y08.csv": 0.8458473016937368,
      "CMS_13\\CMS13-08y12.csv": 0.4502537226246014,
      "CMS_13\\CMS13-106Q170.csv": 0.81155239523581,
      "CMS_13\\CMS13-12y16.csv": 0.23916660477614737,
      "CMS_13\\CMS13-16y24.csv": 0.2589652033838736,
      "CMS_13\\CMS13-170Q350.csv": 1.074303805276954,
      "CMS_13\\CMS13-350Q1000.csv": 1.551157616132437,
      "D0_I\\D01.csv": 0.5933117232527187,
      "D0_II\\D02.csv": 0.6850983223717397,
      "D0_II_mu\\D02mu.csv": 0.3167093306408477,
      "E288\\E228-200-4Q5.csv": 0.5530298901188762,
      "E288\\E228-200-5Q6.csv": 0.3204510664995462,
      "E288\\E228-200-6Q7.csv": 0.30713983283224305,
      "E288\\E228-200-7Q8.csv": 0.1602044635585384,
      "E288\\E228-200-8Q9.csv": 0.5437062781058899,
      "E288\\E228-300-11Q12.csv": 0.29535438302522965,
      "E288\\E228-300-4Q5.csv": 1.514378178642538,
      "E288\\E228-300-5Q6.csv": 0.22063876637938684,
      "E288\\E228-300-6Q7.csv": 0.4250188484710477,
      "E288\\E228-300-7Q8.csv": 0.09842957928737886,
      "E288\\E228-300-8Q9.csv": 1.1518713298698036,
      "E288\\E228-400-11Q12.csv": 0.6895503278096504,
      "E288\\E228-400-12Q13.csv": 0.863623223685649,
      "E288\\E228-400-13Q14.csv": 0.5667839345613636,
      "E288\\E228-400-5Q6.csv": 0.8206893061664029,
      "E288\\E228-400-6Q7.csv": 1.416371191768962,
      "E288\\E228-400-7Q8.csv": 0.46328071333097737,
      "E288\\E228-400-8Q9.csv": 0.7979782434764406,
      "E605\\E605-10.5Q11.5.csv": 0.195731497015339,
      "E605\\E605-11.5Q13.5.csv": 0.3810590821511033,
      "E605\\E605-13.5Q18.csv": 0.7929620643307598,
      "E605\\E605-7Q8.csv": 0.2291415712542341,
      "E605\\E605-8Q9.csv": 0.45858215109872796,
      "E772\\E772-11Q12.csv": 1.6410090557313144,
      "E772\\E772-12Q13.csv": 2.2637780210722895,
      "E772\\E772-13Q14.csv": 2.57295241029745,
      "E772\\E772-14Q15.csv": 0.21730931858182087,
      "LHCb_7\\LHCb7.csv": 0.8752822037900717,
      "LHCb_8\\LHCb8.csv": 0.4580379716283807,
      "LHCb_13\\LHCb13.csv": 0.7843082632651693,
      "STAR\\STAR510.csv": 1.3576896189362064
    },
    "high_energy_rows": [
      {
        "file": "CMS_13\\CMS13-170Q350.csv",
        "chi2dN": 1.074303805276954,
        "N": 10,
        "ratio_1": 1.078311917047168,
        "data_1": 0.0344,
        "pred_1": 0.03709392994642258,
        "ratio_2": 1.0940008981585045,
        "data_2": 0.0781,
        "pred_2": 0.0854414701461792,
        "ratio_3": 1.0842179049409413,
        "data_3": 0.0902,
        "pred_3": 0.09779645502567291
      },
      {
        "file": "CMS_13\\CMS13-350Q1000.csv",
        "chi2dN": 1.551157616132437,
        "N": 11,
        "ratio_1": 1.1170604814063099,
        "data_1": 0.00238,
        "pred_1": 0.002658603945747018,
        "ratio_2": 1.1327970707047303,
        "data_2": 0.00565,
        "pred_2": 0.006400303449481726,
        "ratio_3": 1.1050241608945426,
        "data_3": 0.00699,
        "pred_3": 0.007724118884652853
      },
      {
        "file": "ATLAS_8\\ATLAS8-00y04.csv",
        "chi2dN": 2.756154894691033,
        "N": 6,
        "ratio_1": 0.9917872501803132,
        "data_1": 3.257,
        "pred_1": 3.2302510738372803,
        "ratio_2": 0.994465787565701,
        "data_2": 6.708,
        "pred_2": 6.670876502990723,
        "ratio_3": 1.003407920653315,
        "data_3": 6.714,
        "pred_3": 6.736880779266357
      },
      {
        "file": "ATLAS_8\\ATLAS8-04y08.csv",
        "chi2dN": 1.093420014509875,
        "N": 6,
        "ratio_1": 0.987409841721752,
        "data_1": 3.219,
        "pred_1": 3.1784722805023193,
        "ratio_2": 0.991212671713032,
        "data_2": 6.676,
        "pred_2": 6.617335796356201,
        "ratio_3": 0.9951938308097497,
        "data_3": 6.737,
        "pred_3": 6.704620838165283
      },
      {
        "file": "LHCb_8\\LHCb8.csv",
        "chi2dN": 0.4580379716283807,
        "N": 7,
        "ratio_1": 0.9521620796344821,
        "data_1": 3.592273,
        "pred_1": 3.4204261302948,
        "ratio_2": 0.9603840746640419,
        "data_2": 6.420833,
        "pred_2": 6.166465759277344,
        "ratio_3": 0.9706893009382569,
        "data_3": 6.340833,
        "pred_3": 6.1549787521362305
      }
    ]
  },
  "fit": {
    "elapsed_s": 51.976349099999425,
    "nf": 630,
    "flag": 1,
    "free_params": [
      0.5689203263598547,
      0.5559152840143081,
      0.01844856485144286,
      -4.603732866274286,
      0.3712448682324683,
      -0.5473071210723308,
      -4.338088568079475,
      0.3711212199936138,
      -0.07926947361961423,
      0.7344840140119021,
      0.029156026893511378,
      1.4374282014962487,
      0.07832747615847357,
      0.024930444996592218
    ],
    "log10_chi2": -0.08650731244784803,
    "stage1": [
      {
        "start_id": 0,
        "log10_chi2": -0.0829369002175745,
        "nf": 60,
        "flag": 1
      },
      {
        "start_id": 1,
        "log10_chi2": -0.04405310869069791,
        "nf": 60,
        "flag": 1
      },
      {
        "start_id": 2,
        "log10_chi2": -0.034101908341062755,
        "nf": 60,
        "flag": 1
      }
    ],
    "stage2": [
      {
        "log10_chi2": -0.08571248009518191,
        "nf": 180,