model,test,fixed_map,chi2dN_total,chi2_total,highE_mean_absdev_first3,highE_mean_shortfall_first3,delta_chi2dN,delta_chi2_total,delta_absdev,delta_shortfall,fit_evals,fit_elapsed_s
poly_bstar_cslog,lambda3_zero,"{""lambda3"": 0.0}",1.0139234054661017,471.4743835417373,0.05540019340942625,0.018845618237267693,0.17919290761784779,83.32470204229922,0.00256628003568473,0.006151226067857186,90,7.255538900000005
poly_bstar_cslog,c1_zero,"{""c1"": 0.0}",0.9934972367190135,461.97621507434127,0.05505471390803111,0.022882327150485177,0.15876673887075954,73.82653357490318,0.0022208005342895867,0.01018793498107467,90,7.036510099999987
poly_bstar_cslog,lambda4_zero,"{""lambda4"": 0.0}",0.8810651492371326,409.69529439526667,0.05317012393790032,0.014605182501859803,0.04633465138887871,21.5456128958286,0.0003362105641587995,0.0019107903324492963,90,7.339607100000023
poly_bstar_cslog,alpha_is_1,"{""alpha"": 1.0}",0.8393774416639619,390.31051037374226,0.052921896216722684,0.012722729051384659,0.00464694381570796,2.1608288743042015,8.798284298116438e-05,2.833688197415203e-05,90,7.381935100000021
