model,test,fixed_map,chi2dN_total,chi2_total,highE_mean_absdev_first3,highE_mean_shortfall_first3,delta_chi2dN,delta_chi2_total,delta_absdev,delta_shortfall,fit_evals,fit_elapsed_s
poly_bstar_cslog_loggauss,c1_zero,"{""c1"": 0.0}",1.0360707946758099,481.77291952425156,0.05337514854244444,0.02327239220652455,0.21395415800474105,99.48868347220458,0.0021317279887834648,0.0125324444991784,90,6.979343800000038
poly_bstar_cslog_loggauss,lambda4_zero,"{""lambda4"": 0.0}",0.9020854552132398,419.4697366741565,0.055785876550106035,0.008459673004291157,0.07996881854217097,37.1855006221095,0.004542455996445059,-0.0022802747030549932,90,7.32643680000001
poly_bstar_cslog_loggauss,bump_off,"{""amp"": 0.0, ""logx0"": -4.53706451302, ""sigx"": 0.334331203755}",0.8492339702981847,394.89379618865587,0.05307870629274339,0.012208930058916146,0.02711733362711588,12.609560136608884,0.0018352857390824123,0.001468982351569996,90,7.376346000000012
poly_bstar_cslog_loggauss,alpha_is_1,"{""alpha"": 1.0}",0.8452156865973082,393.0252942677483,0.051090682262328005,0.011586720607136222,0.023099049926239346,10.741058215701296,-0.00015273829133297112,0.0008467728997900714,90,7.319925099999978
poly_bstar_cslog_loggauss,lambda3_zero,"{""lambda3"": 0.0}",0.8307866132253545,386.31577514978983,0.05152553533367941,0.011188883910517014,0.008669976554285697,4.031539097742849,0.00028211478001843177,0.0004489362031708643,90,7.437103699999966
