{
  "candidate": "entangle_window_exp",
  "label": "Window exp entangled",
  "fit_name": "EntangleWindowExp",
  "param_names": [
    "lambda1",
    "lambda2",
    "lambda4",
    "logx0",
    "sigx",
    "axb",
    "bw",
    "BNP",
    "c0",
    "c1"
  ],
  "full_params": [
    0.5301415030776795,
    0.655535659719857,
    0.04319239544338138,
    -4.593062093499873,
    0.2985436979162439,
    -0.1396941597922592,
    1.445908334460902,
    1.4581155086445916,
    0.08117793540269756,
    0.01931040314817391
  ],
  "metrics": {
    "chi2dN_total": 0.833920243276883,
    "chi2dN_collider": 0.9010367349817443,
    "chi2dN_fixed_target": 0.7434146711294182,
    "highE_weighted_chi2dN": 1.4006376766611304,
    "highE_mean_ratio_first3": 1.0291900817059838,
    "highE_mean_absdev_first3": 0.05089391889362432,
    "highE_mean_signed_first3": 0.029190081705983837,
    "highE_mean_shortfall_first3": 0.010851918593820242,
    "highE_mean_overshoot_first3": 0.04004200029980408,
    "cms_highmass_mean_ratio_first3": 1.0994921048244637,
    "cms_highmass_mean_absdev_first3": 0.09949210482446354,
    "cms_highmass_mean_signed_first3": 0.09949210482446354,
    "zlike_mean_ratio_first3": 0.982322066293664,
    "zlike_mean_absdev_first3": 0.018495128273064838,
    "zlike_mean_signed_first3": -0.01767793370633597,
    "compute_s": 0.0388623
  }
}