qT_if_integrate,qT_mean,qT_min,qT_max,Q_if_integrate,Q_mean,Q_min,Q_max,y_if_integrate,y_mean,y_min,y_max,sqrts,isoscalarity,observable,if_fiducial,pT_min,eta_min,eta_max,xsec,error_unc_0,error_unc_1,error_add_0,error_mult_0 ,bin_integrate_factor
True,1.0,0.0,2.0,True,133.0,116.0,150.0,True,0.0,0,2.4,8000.0,1,dσ/dqT,True,20.0,-2.4,2.4,0.1207,0.002414,0.001207,0.006156,0.028,1.0
True,3.0,2.0,4.0,True,133.0,116.0,150.0,True,0.0,0,2.4,8000.0,1,dσ/dqT,True,20.0,-2.4,2.4,0.2567,0.00308,0.00154,0.004621,0.028,1.0
True,5.0,4.0,6.0,True,133.0,116.0,150.0,True,0.0,0,2.4,8000.0,1,dσ/dqT,True,20.0,-2.4,2.4,0.2719,0.003263,0.001631,0.002991,0.028,1.0
True,7.0,6.0,8.0,True,133.0,116.0,150.0,True,0.0,0,2.4,8000.0,1,dσ/dqT,True,20.0,-2.4,2.4,0.2426,0.002911,0.001456,0.002669,0.028,1.0
True,9.0,8.0,10.0,True,133.0,116.0,150.0,True,0.0,0,2.4,8000.0,1,dσ/dqT,True,20.0,-2.4,2.4,0.2161,0.003025,0.001513,0.002377,0.028,1.0
True,11.5,10.0,13.0,True,133.0,116.0,150.0,True,0.0,0,2.4,8000.0,1,dσ/dqT,True,20.0,-2.4,2.4,0.1721,0.002065,0.001033,0.001893,0.028,0.6666666667
True,14.5,13.0,16.0,True,133.0,116.0,150.0,True,0.0,0,2.4,8000.0,1,dσ/dqT,True,20.0,-2.4,2.4,0.1398,0.001957,0.000839,0.001538,0.028,0.6666666667
True,18.0,16.0,20.0,True,133.0,116.0,150.0,True,0.0,0,2.4,8000.0,1,dσ/dqT,True,20.0,-2.4,2.4,0.1078,0.001401,0.000647,0.001186,0.028,0.5
