model,label,test,fixed_map,chi2dN_total,chi2_total,highE_mean_absdev_first3,highE_mean_shortfall_first3,delta_chi2dN,delta_chi2_total,delta_absdev,delta_shortfall,fit_evals,fit_elapsed_s
broad_bump_42_alpha1_nolambda2_super,BroadBump42LogGaussAlpha1NoLambda2 super,c0_zero,"{""c0"": 0.0}",1.5070816371462004,700.7929612729831,0.061777780028928975,0.015294791002015065,0.49996146122504204,232.48207946964456,0.00809618777237469,0.004489997597048467,180,14.790971000000354
broad_bump_42_alpha1_nolambda2_super,BroadBump42LogGaussAlpha1NoLambda2 super,c1_zero,"{""c1"": 0.0}",1.1890150342322765,552.8919909180086,0.05142077815224057,0.017872561747312575,0.18189485831111818,84.58110911466996,-0.0022608141043137173,0.0070677683423459765,180,14.73139480000009
broad_bump_42_alpha1_nolambda2_super,BroadBump42LogGaussAlpha1NoLambda2 super,lambda2_zero,"{""lambda2"": 0.0}",1.1278415700694164,524.4463300822787,0.05251305785360834,0.011471527863698509,0.12072139414825811,56.13544827894002,-0.0011685344029459463,0.0006667344587319105,180,14.63876399999981
broad_bump_42_alpha1_nolambda2_super,BroadBump42LogGaussAlpha1NoLambda2 super,lambda3_zero,"{""lambda3"": 0.0}",1.1158182849135128,518.8555024847834,0.053781400117033064,0.010364486989017433,0.10869810899235444,50.54462068144481,9.980786047877888e-05,-0.0004403064159491654,180,14.472445100000186
broad_bump_42_alpha1_nolambda2_super,BroadBump42LogGaussAlpha1NoLambda2 super,bump_off,"{""amp"": 0.0, ""logx0"": -5.207703485, ""sigx"": 1.103273613}",1.0665792694352842,495.95936028740715,0.053798844160294935,0.01151451707597131,0.05945909351412593,27.648478484068555,0.00011725190374065053,0.0007097236710047108,180,14.624156700000185
broad_bump_42_alpha1_nolambda2_super,BroadBump42LogGaussAlpha1NoLambda2 super,lambda1_zero,"{""lambda1"": 0.0}",1.0079217753300116,468.68362552845537,0.05462948640680578,0.011452400039651105,0.0008015994088532707,0.3727437251167709,0.0009478941502514965,0.0006476066346845066,180,14.2423103000001
