{
  "card_eval": {
    "full_params": [
      0.00315,
      0.986,
      -2.04,
      -4.3,
      1.23,
      -0.274,
      1.49,
      0.0665,
      0.0301
    ],
    "free_params": [
      0.00315,
      0.986,
      -2.04,
      -4.3,
      1.23,
      -0.274,
      1.49,
      0.0665,
      0.0301
    ],
    "metrics": {
      "chi2dN_total": 1.1197755254073947,
      "chi2_total": 520.6956193144385,
      "compute_s": 0.0420514
    },
    "per_file_chi2dN": {
      "ATLAS_7/ATLAS7-00y10.csv": 4.378080206826438,
      "ATLAS_7/ATLAS7-10y20.csv": 5.794698633645994,
      "ATLAS_7/ATLAS7-20y24.csv": 1.3040979471687295,
      "ATLAS_8/ATLAS8-00y04.csv": 3.7896870559300173,
      "ATLAS_8/ATLAS8-04y08.csv": 0.22629136038235656,
      "ATLAS_8/ATLAS8-08y12.csv": 1.2215074093058618,
      "ATLAS_8/ATLAS8-116Q150.csv": 0.674088852358572,
      "ATLAS_8/ATLAS8-12y16.csv": 3.168640911556889,
      "ATLAS_8/ATLAS8-16y20.csv": 0.8403511600043491,
      "ATLAS_8/ATLAS8-20y24.csv": 1.441571435348233,
      "ATLAS_8/ATLAS8-46Q66.csv": 2.3025484106865677,
      "CDF_I/CDF1.csv": 0.6369055522514377,
      "CDF_II/CDF2.csv": 1.4071071445911432,
      "CMS_7/CMS7.csv": 1.4139548270905369,
      "CMS_8/CMS8.csv": 0.7533256241518933,
      "CMS_13/CMS13-00y04.csv": 1.6781336545652528,
      "CMS_13/CMS13-04y08.csv": 0.949522143949699,
      "CMS_13/CMS13-08y12.csv": 0.46396991692185,
      "CMS_13/CMS13-106Q170.csv": 2.992849748822107,
      "CMS_13/CMS13-12y16.csv": 0.22457701826939122,
      "CMS_13/CMS13-16y24.csv": 0.22665115723765805,
      "CMS_13/CMS13-170Q350.csv": 1.6311153928593876,
      "CMS_13/CMS13-350Q1000.csv": 1.71652857196646,
      "D0_I/D01.csv": 0.5376672684816046,
      "D0_II/D02.csv": 1.1237532305447075,
      "D0_II_mu/D02mu.csv": 0.49315339463842056,
      "E288/E228-200-4Q5.csv": 0.3783336972643247,
      "E288/E228-200-5Q6.csv": 0.23365736871211598,
      "E288/E228-200-6Q7.csv": 0.3137634050496931,
      "E288/E228-200-7Q8.csv": 0.22298594902520444,
      "E288/E228-200-8Q9.csv": 0.18079121542024373,
      "E288/E228-300-11Q12.csv": 0.07186613589528444,
      "E288/E228-300-4Q5.csv": 1.2267945377342164,
      "E288/E228-300-5Q6.csv": 0.28413034628531486,
      "E288/E228-300-6Q7.csv": 0.34134481974851294,
      "E288/E228-300-7Q8.csv": 0.0659490949095232,
      "E288/E228-300-8Q9.csv": 1.038961647777779,
      "E288/E228-400-11Q12.csv": 0.4158064498683305,
      "E288/E228-400-12Q13.csv": 0.9445261357985778,
      "E288/E228-400-13Q14.csv": 0.33261920752500185,
      "E288/E228-400-5Q6.csv": 0.6916552528777128,
      "E288/E228-400-6Q7.csv": 1.5416735070514462,
      "E288/E228-400-7Q8.csv": 1.0866794568314886,
      "E288/E228-400-8Q9.csv": 0.9965841636392854,
      "E605/E605-10.5Q11.5.csv": 0.12398931946736476,
      "E605/E605-11.5Q13.5.csv": 0.2862733916526401,
      "E605/E605-13.5Q18.csv": 0.806715879543999,
      "E605/E605-7Q8.csv": 0.21102117081123792,
      "E605/E605-8Q9.csv": 0.38564147941328786,
      "E772/E772-11Q12.csv": 1.8676294271266072,
      "E772/E772-12Q13.csv": 3.0245168720315303,
      "E772/E772-13Q14.csv": 5.1810245354192555,
      "E772/E772-14Q15.csv": 0.1228861537972913,
      "LHCb_7/LHCb7.csv": 0.904075135791501,
      "LHCb_8/LHCb8.csv": 0.36479253171646864,
      "LHCb_13/LHCb13.csv": 0.6586982448570441,
      "STAR/STAR510.csv": 1.956576614815838
    }
  },
  "best_eval": {
    "full_params": [
      0.0030084468442884704,
      0.9881829603727442,
      -2.0401757804918006,
      -4.309093648992335,
      1.2439928790949026,
      -0.2766006711376181,
      1.4900635460272973,
      0.06653990291412512,
      0.030142226094567088
    ],
    "free_params": [
      0.0030084468442884704,
      0.9881829603727442,
      -2.0401757804918006,
      -4.309093648992335,
      1.2439928790949026,
      -0.2766006711376181,
      1.4900635460272973,
      0.06653990291412512,
      0.030142226094567088
    ],
    "metrics": {
      "chi2dN_total": 1.1197010572955506,
      "chi2_total": 520.660991642431,
      "compute_s": 0.0373766
    },
    "per_file_chi2dN": {
      "ATLAS_7/ATLAS7-00y10.csv": 4.374085381353741,
      "ATLAS_7/ATLAS7-10y20.csv": 5.772312339750659,
      "ATLAS_7/ATLAS7-20y24.csv": 1.3035281152322113,
      "ATLAS_8/ATLAS8-00y04.csv": 3.8069838391274087,
      "ATLAS_8/ATLAS8-04y08.csv": 0.2322328543078929,
      "ATLAS_8/ATLAS8-08y12.csv": 1.209563433974815,
      "ATLAS_8/ATLAS8-116Q150.csv": 0.6753209180370643,
      "ATLAS_8/ATLAS8-12y16.csv": 3.1452504147479243,
      "ATLAS_8/ATLAS8-16y20.csv": 0.8397109123357546,
      "ATLAS_8/ATLAS8-20y24.csv": 1.4463567999310942,
      "ATLAS_8/ATLAS8-46Q66.csv": 2.2982531479014963,
      "CDF_I/CDF1.csv": 0.636593589528144,
      "CDF_II/CDF2.csv": 1.406589437792447,
      "CMS_7/CMS7.csv": 1.4138880063669734,
      "CMS_8/CMS8.csv": 0.752799953552356,
      "CMS_13/CMS13-00y04.csv": 1.6848691202260204,
      "CMS_13/CMS13-04y08.csv": 0.9504210975259582,
      "CMS_13/CMS13-08y12.csv": 0.46434647288388015,
      "CMS_13/CMS13-106Q170.csv": 2.9984500331363475,
      "CMS_13/CMS13-12y16.csv": 0.22501447384828463,
      "CMS_13/CMS13-16y24.csv": 0.22668551516254531,
      "CMS_13/CMS13-170Q350.csv": 1.6336606236295022,
      "CMS_13/CMS13-350Q1000.csv": 1.7180637004300232,
      "D0_I/D01.csv": 0.538112641443775,
      "D0_II/D02.csv": 1.1244048370770956,
      "D0_II_mu/D02mu.csv": 0.49267429188221384,
      "E288/E228-200-4Q5.csv": 0.3828973705578737,
      "E288/E228-200-5Q6.csv": 0.2333761928965244,
      "E288/E228-200-6Q7.csv": 0.3135803931130264,
      "E288/E228-200-7Q8.csv": 0.22653046259600496,
      "E288/E228-200-8Q9.csv": 0.18116122831754838,
      "E288/E228-300-11Q12.csv": 0.07065576669247436,
      "E288/E228-300-4Q5.csv": 1.2311434004010913,
      "E288/E228-300-5Q6.csv": 0.28078693030448487,
      "E288/E228-300-6Q7.csv": 0.35169050858149203,
      "E288/E228-300-7Q8.csv": 0.06512698047466015,
      "E288/E228-300-8Q9.csv": 1.031107162646701,
      "E288/E228-400-11Q12.csv": 0.41698981427224463,
      "E288/E228-400-12Q13.csv": 0.9434894740590356,
      "E288/E228-400-13Q14.csv": 0.33123972982565414,
      "E288/E228-400-5Q6.csv": 0.6936048534516477,
      "E288/E228-400-6Q7.csv": 1.564707004857243,
      "E288/E228-400-7Q8.csv": 1.057331566312777,
      "E288/E228-400-8Q9.csv": 0.9854180380214953,
      "E605/E605-10.5Q11.5.csv": 0.12623115161236764,
      "E605/E605-11.5Q13.5.csv": 0.2883110373414823,
      "E605/E605-13.5Q18.csv": 0.8100841082073786,
      "E605/E605-7Q8.csv": 0.2113943119262746,
      "E605/E605-8Q9.csv": 0.38366489824572764,
      "E772/E772-11Q12.csv": 1.872153663194391,
      "E772/E772-12Q13.csv": 3.029401896970308,
      "E772/E772-13Q14.csv": 5.180489466607161,
      "E772/E772-14Q15.csv": 0.12307241429255635,
      "LHCb_7/LHCb7.csv": 0.8997444321072356,
      "LHCb_8/LHCb8.csv": 0.3695666772552431,
      "LHCb_13/LHCb13.csv": 0.654391300253596,
      "STAR/STAR510.csv": 1.9562431588687113
    }
  },
  "refit": {
    "free_params": [
      0.0030084468442884704,
      0.9881829603727442,
      -2.0401757804918006,
      -4.309093648992335,
      1.2439928790949026,
      -0.2766006711376181,
      1.4900635460272973,
      0.06653990291412512,
      0.030142226094567088
    ],
    "nf": 303,
    "elapsed_s": 25.625621300001512,
    "flag": 0,
    "stage1_best_log10": 0.04910507998519523,
    "polish_log10": 0.04910133874770685
  }
}