test,fixed_map,chi2dN_total,chi2_total,delta_chi2dN,delta_chi2_total,fit_evals,fit_elapsed_s,flag
c0_zero,"{""c0"": 0.0}",1.8377163904310627,854.5381215504442,0.7180153331355121,333.8771299080132,180,15.596046099999512,1
c1_zero,"{""c1"": 0.0}",1.2660744419598335,588.7246155113226,0.14637338466428296,68.06362386889157,180,15.395058399997652,1
lambda2_zero,"{""lambda2"": 0.0}",1.244267977692985,578.584609627238,0.12456692039743444,57.92361798480704,180,15.088550499996927,1
lambda3_zero,"{""lambda3"": 0.0}",1.22067200486488,567.6124822621692,0.10097094756932945,46.95149061973825,180,15.786483299998508,1
amp_zero,"{""amp"": 0.0}",1.1716007940956734,544.7943692544882,0.05189973680012283,24.13337761205719,180,14.936219299997902,1
bump_off,"{""amp"": 0.0, ""logx0"": -4.309093648992335, ""sigx"": 1.2439928790949026}",1.1578334679389624,538.3925625916175,0.038132410643411774,17.731570949186562,180,15.239860900001077,1
lambda1_zero,"{""lambda1"": 0.0}",1.1196979879645237,520.6595644035035,-3.0693310268947727e-06,-0.0014272389274765374,180,15.563198700001522,1
