{
  "card": "C:\\Users\\congyue zhang\\Desktop\\OpenCL fitter\\TMD-Fits-Minimal\\Cards\\Final.jl",
  "card_chi2dN_total": 1.1197755254073947,
  "card_chi2_total": 520.6956193144385,
  "chi2dN_total": 1.1197010572955506,
  "chi2_total": 520.660991642431,
  "delta_chi2dN_from_card": -7.446811184408375e-05,
  "delta_chi2_total_from_card": -0.03462767200755934,
  "n_total": 465,
  "refit_evals": 303,
  "refit_elapsed_s": 25.625621300001512,
  "refit_flag": 0,
  "hessian_evals": 163,
  "grad_norm_log10": 0.028943761992920026,
  "hessian_min_eig": -48173.44924208487,
  "hessian_max_eig": 1640101.6015700088,
  "max_abs_corr": 0.7843940656940569,
  "top_corr_param_i": "lambda2",
  "top_corr_param_j": "lambda3",
  "top_corr": -0.7843940656940569,
  "rel_step": 0.0002,
  "refit_maxfun": 240,
  "nested_maxfun": 120
}