{
  "candidate": "xb_bump_logb_nobump",
  "fit_name": "XBBumpLogBNoBump",
  "param_names": [
    "lambda1",
    "lambda2",
    "lambda4",
    "logx0",
    "sigx",
    "logb0",
    "sigb",
    "axb",
    "BNP",
    "c0",
    "c1"
  ],
  "free_idx": [
    0,
    1,
    2,
    3,
    4,
    5,
    6,
    7,
    8,
    9,
    10
  ],
  "frozen_idx": [],
  "initial": {
    "full_params": [
      0.5914687931,
      0.5207169028,
      0.07621765798,
      -4.613710397,
      0.2670617863,
      0.471516141,
      0.5000343196,
      -0.2880666601,
      1.41794761,
      0.09016632924,
      0.0272445786
    ],
    "free_params": [
      0.5914687931,
      0.5207169028,
      0.07621765798,
      -4.613710397,
      0.2670617863,
      0.471516141,
      0.5000343196,
      -0.2880666601,
      1.41794761,
      0.09016632924,
      0.0272445786
    ],
    "metrics": {
      "chi2dN_total": 0.8116698612931684,
      "chi2dN_collider": 0.8466926330956305,
      "chi2dN_fixed_target": 0.7644421841656059,
      "highE_weighted_chi2dN": 1.156063230971847,
      "highE_mean_ratio_first3": 1.0309916277611355,
      "highE_mean_absdev_first3": 0.05080981921561058,
      "highE_mean_signed_first3": 0.03099162776113542,
      "highE_mean_shortfall_first3": 0.009909095727237579,
      "highE_mean_overshoot_first3": 0.040900723488373,
      "cms_highmass_mean_ratio_first3": 1.1022518087209325,
      "cms_highmass_mean_absdev_first3": 0.1022518087209325,
      "cms_highmass_mean_signed_first3": 0.1022518087209325,
      "zlike_mean_ratio_first3": 0.9834848404546042,
      "zlike_mean_absdev_first3": 0.016515159545395966,
      "zlike_mean_signed_first3": -0.016515159545395966,
      "compute_s": 0.0393432
    },
    "per_file_chi2dN": {
      "ATLAS_7\\ATLAS7-00y10.csv": 0.9323907878540655,
      "ATLAS_7\\ATLAS7-10y20.csv": 2.561430921751144,
      "ATLAS_7\\ATLAS7-20y24.csv": 1.155880589647545,
      "ATLAS_8\\ATLAS8-00y04.csv": 1.4177653836264132,
      "ATLAS_8\\ATLAS8-04y08.csv": 1.140770846530769,
      "ATLAS_8\\ATLAS8-08y12.csv": 0.5251010624231873,
      "ATLAS_8\\ATLAS8-116Q150.csv": 0.56289583677468,
      "ATLAS_8\\ATLAS8-12y16.csv": 1.4007630270422335,
      "ATLAS_8\\ATLAS8-16y20.csv": 0.8556854676021972,
      "ATLAS_8\\ATLAS8-20y24.csv": 0.8898177622609046,
      "ATLAS_8\\ATLAS8-46Q66.csv": 0.31363043491146164,
      "CDF_I\\CDF1.csv": 0.5165906451322505,
      "CDF_II\\CDF2.csv": 0.8084075746626375,
      "CMS_7\\CMS7.csv": 1.4761019937094564,
      "CMS_8\\CMS8.csv": 0.7324138787770841,
      "CMS_13\\CMS13-00y04.csv": 1.373100183212983,
      "CMS_13\\CMS13-04y08.csv": 0.8697511802233048,
      "CMS_13\\CMS13-08y12.csv": 0.4510437144163442,
      "CMS_13\\CMS13-106Q170.csv": 0.859055829542667,
      "CMS_13\\CMS13-12y16.csv": 0.26857839758325874,
      "CMS_13\\CMS13-16y24.csv": 0.28883075708253536,
      "CMS_13\\CMS13-170Q350.csv": 1.0990936944084528,
      "CMS_13\\CMS13-350Q1000.csv": 1.5707949885739827,
      "D0_I\\D01.csv": 0.5943611026249014,
      "D0_II\\D02.csv": 0.7180199804157569,
      "D0_II_mu\\D02mu.csv": 0.37145173793680547,
      "E288\\E228-200-4Q5.csv": 0.46236844069018135,
      "E288\\E228-200-5Q6.csv": 0.3261167054145804,
      "E288\\E228-200-6Q7.csv": 0.34063986496139936,
      "E288\\E228-200-7Q8.csv": 0.16280571587579312,
      "E288\\E228-200-8Q9.csv": 0.5533840352652452,
      "E288\\E228-300-11Q12.csv": 0.2968597417062939,
      "E288\\E228-300-4Q5.csv": 1.462472697929338,
      "E288\\E228-300-5Q6.csv": 0.2534404381981398,
      "E288\\E228-300-6Q7.csv": 0.37411352745540105,
      "E288\\E228-300-7Q8.csv": 0.10272451883666892,
      "E288\\E228-300-8Q9.csv": 1.1410549355718276,
      "E288\\E228-400-11Q12.csv": 0.7048067341314841,
      "E288\\E228-400-12Q13.csv": 0.8675332757871127,
      "E288\\E228-400-13Q14.csv": 0.5809030881250771,
      "E288\\E228-400-5Q6.csv": 0.8209051311320562,
      "E288\\E228-400-6Q7.csv": 1.3689937259830283,
      "E288\\E228-400-7Q8.csv": 0.4815437486564508,
      "E288\\E228-400-8Q9.csv": 0.7946603359814942,
      "E605\\E605-10.5Q11.5.csv": 0.22487231110732048,
      "E605\\E605-11.5Q13.5.csv": 0.4269613750311615,
      "E605\\E605-13.5Q18.csv": 0.8930883110877499,
      "E605\\E605-7Q8.csv": 0.2288192832073857,
      "E605\\E605-8Q9.csv": 0.46263565230560116,
      "E772\\E772-11Q12.csv": 1.7105282537969562,
      "E772\\E772-12Q13.csv": 2.396207925640286,
      "E772\\E772-13Q14.csv": 2.622603675641069,
      "E772\\E772-14Q15.csv": 0.2172319988291537,
      "LHCb_7\\LHCb7.csv": 0.8828996472949429,
      "LHCb_8\\LHCb8.csv": 0.37451857707606473,
      "LHCb_13\\LHCb13.csv": 0.7124142217562294,
      "STAR\\STAR510.csv": 1.3184977147172035
    },
    "high_energy_rows": [
      {
        "file": "CMS_13\\CMS13-170Q350.csv",
        "chi2dN": 1.0990936944084528,
        "N": 10,
        "ratio_1": 1.0781461199702218,
        "data_1": 0.0344,
        "pred_1": 0.03708822652697563,
        "ratio_2": 1.0951732436765018,
        "data_2": 0.0781,
        "pred_2": 0.0855330303311348,
        "ratio_3": 1.085556283626218,
        "data_3": 0.0902,
        "pred_3": 0.09791717678308487
      },
      {
        "file": "CMS_13\\CMS13-350Q1000.csv",
        "chi2dN": 1.5707949885739827,
        "N": 11,
        "ratio_1": 1.1143556349918622,
        "data_1": 0.00238,
        "pred_1": 0.002652166411280632,
        "ratio_2": 1.1332505341388484,
        "data_2": 0.00565,
        "pred_2": 0.006402865517884493,
        "ratio_3": 1.1070290359219428,
        "data_3": 0.00699,
        "pred_3": 0.007738132961094379
      },
      {
        "file": "ATLAS_8\\ATLAS8-00y04.csv",
        "chi2dN": 1.4177653836264132,
        "N": 6,
        "ratio_1": 0.9962611305300062,
        "data_1": 3.257,
        "pred_1": 3.2448225021362305,
        "ratio_2": 0.9888912427261889,
        "data_2": 6.708,
        "pred_2": 6.633482456207275,
        "ratio_3": 0.9960793014221827,
        "data_3": 6.714,
        "pred_3": 6.687676429748535
      },
      {
        "file": "ATLAS_8\\ATLAS8-04y08.csv",
        "chi2dN": 1.140770846530769,
        "N": 6,
        "ratio_1": 0.9862319695057059,
        "data_1": 3.219,
        "pred_1": 3.174680709838867,
        "ratio_2": 0.9923914794510463,
        "data_2": 6.676,
        "pred_2": 6.6252055168151855,
        "ratio_3": 0.9965244733174264,
        "data_3": 6.737,
        "pred_3": 6.713585376739502
      },
      {
        "file": "LHCb_8\\LHCb8.csv",
        "chi2dN": 0.37451857707606473,
        "N": 7,
        "ratio_1": 0.9535037459211306,
        "data_1": 3.592273,
        "pred_1": 3.425245761871338,
        "ratio_2": 0.9652834978133645,
        "data_2": 6.420833,
        "pred_2": 6.1979241371154785,
        "ratio_3": 0.9761967234043847,
        "data_3": 6.340833,
        "pred_3": 6.1899003982543945
      }
    ]
  },
  "fit": {
    "elapsed_s": 53.82689600000049,
    "nf": 630,
    "flag": 1,
    "free_params": [
      0.5726524393369049,
      0.5162952076882513,
      0.0711706841835903,
      -4.658412930390892,
      0.27054425753886996,
      0.5230115355165941,
      0.49258204334982686,
      -0.2789296193170878,
      1.4809595236905038,
      0.08849209888609469,
      0.024671543074809513
    ],
    "log10_chi2": -0.09436835652440902,
    "stage1": [
      {
        "start_id": 0,
        "log10_chi2": -0.09351926297268605,
        "nf": 60,
        "flag": 1
      },
      {
        "start_id": 2,
        "log10_chi2": 0.131154321792556,
        "nf": 60,
        "flag": 1
      },
      {
        "start_id": 1,
        "log10_chi2": 0.16751631433638967,
        "nf": 60,
        "flag": 1
      }
    ],
    "stage2": [
      {
        "log10_chi2": -0.09433002975419394,
        "nf": 180,
        "flag": 1
      },
      {
        "log10_chi2": -0.09428511856690917,
        "nf": 180,
        "flag": 1
      }
    ],
    "polish_nf": 90
  },