{
  "case": "poly_bstar_cslog_loggauss_lambda3_0_alpha1",
  "label": "Poly-x bstar + CSlog + loggauss with lambda3=0, alpha=1",
  "base_model": "poly_bstar_cslog_loggauss",
  "fixed_map": {
    "lambda3": 0.0,
    "alpha": 1.0
  },
  "table_name": "MSHT20N3LO-MC-0-2",
  "fit_name": "Pruned0p2_poly_bstar_cslog_loggauss_lambda3_0_alpha1",
  "np_name": "NP-Pruned0p2_poly_bstar_cslog_loggauss_lambda3_0_alpha1.cl",
  "param_names": [
    "lambda1",
    "lambda2",
    "lambda3",
    "lambda4",
    "alpha",
    "logx0",
    "sigx",
    "amp",
    "BNP",
    "c0",
    "c1"
  ],
  "free_idx": [
    0,
    1,
    3,
    5,
    6,
    7,
    8,
    9,
    10
  ],
  "frozen_idx": [
    2,
    4
  ],
  "initial": {
    "full_params": [
      0.751790557715,
      0.986935896203,
      0.0,
      0.0560270448657,
      1.0,
      -4.53706451302,
      0.334331203755,
      -0.340188252902,
      1.6196263122,
      0.0750357350877,
      0.0200510056903
    ],
    "free_params": [
      0.751790557715,
      0.986935896203,
      0.0560270448657,
      -4.53706451302,
      0.334331203755,
      -0.340188252902,
      1.6196263122,
      0.0750357350877,
      0.0200510056903
    ],
    "metrics": {
      "chi2dN_total": 1.1858175895682972,
      "chi2dN_collider": 0.8781344195674257,
      "chi2dN_fixed_target": 1.6007236824482607,
      "highE_weighted_chi2dN": 1.4100662095533214,
      "highE_mean_ratio_first3": 1.027831495651253,
      "highE_mean_absdev_first3": 0.051731069065387845,
      "highE_mean_signed_first3": 0.027831495651253053,
      "highE_mean_shortfall_first3": 0.011949786707067396,
      "highE_mean_overshoot_first3": 0.03978128235832045,
      "cms_highmass_mean_ratio_first3": 1.0990584519623274,
      "cms_highmass_mean_absdev_first3": 0.09905845196232743,
      "cms_highmass_mean_signed_first3": 0.09905845196232743,
      "zlike_mean_ratio_first3": 0.9803468581105368,
      "zlike_mean_absdev_first3": 0.020179480467428124,
      "zlike_mean_signed_first3": -0.019653141889463197,
      "compute_s": 0.0404051
    },
    "per_file_chi2dN": {
      "ATLAS_7\\ATLAS7-00y10.csv": 0.4781074801982637,
      "ATLAS_7\\ATLAS7-10y20.csv": 2.9812531318167412,
      "ATLAS_7\\ATLAS7-20y24.csv": 1.1527305404216956,
      "ATLAS_8\\ATLAS8-00y04.csv": 2.816679261982266,
      "ATLAS_8\\ATLAS8-04y08.csv": 1.2811150365253274,
      "ATLAS_8\\ATLAS8-08y12.csv": 0.801790587007455,
      "ATLAS_8\\ATLAS8-116Q150.csv": 0.5377561235415969,
      "ATLAS_8\\ATLAS8-12y16.csv": 1.3898966434185036,
      "ATLAS_8\\ATLAS8-16y20.csv": 0.8973121927406149,
      "ATLAS_8\\ATLAS8-20y24.csv": 0.9130651079382727,
      "ATLAS_8\\ATLAS8-46Q66.csv": 0.44207988564961376,
      "CDF_I\\CDF1.csv": 0.46887631045616784,
      "CDF_II\\CDF2.csv": 0.7954041933469962,
      "CMS_7\\CMS7.csv": 1.4430809698066467,
      "CMS_8\\CMS8.csv": 0.7773757061232763,
      "CMS_13\\CMS13-00y04.csv": 1.438219685335832,
      "CMS_13\\CMS13-04y08.csv": 0.848530938093529,
      "CMS_13\\CMS13-08y12.csv": 0.46544151394910016,
      "CMS_13\\CMS13-106Q170.csv": 0.7729830759975062,
      "CMS_13\\CMS13-12y16.csv": 0.2504818148143739,
      "CMS_13\\CMS13-16y24.csv": 0.2603079042983468,
      "CMS_13\\CMS13-170Q350.csv": 1.04963544033776,
      "CMS_13\\CMS13-350Q1000.csv": 1.543504243523415,
      "D0_I\\D01.csv": 0.6541954102455526,
      "D0_II\\D02.csv": 0.5236862235289846,
      "D0_II_mu\\D02mu.csv": 0.3362465401834068,
      "E288\\E228-200-4Q5.csv": 1.4771239261078974,
      "E288\\E228-200-5Q6.csv": 0.9423778546583023,
      "E288\\E228-200-6Q7.csv": 1.1864626716739133,
      "E288\\E228-200-7Q8.csv": 1.1241176373237727,
      "E288\\E228-200-8Q9.csv": 0.6316860934856612,
      "E288\\E228-300-11Q12.csv": 0.30292112976888397,
      "E288\\E228-300-4Q5.csv": 2.0124769100522104,
      "E288\\E228-300-5Q6.csv": 0.5689597520741599,
      "E288\\E228-300-6Q7.csv": 2.657855289144553,
      "E288\\E228-300-7Q8.csv": 0.9957013601020652,
      "E288\\E228-300-8Q9.csv": 0.4310509226507803,
      "E288\\E228-400-11Q12.csv": 1.0658607466046681,
      "E288\\E228-400-12Q13.csv": 0.8390166508563573,
      "E288\\E228-400-13Q14.csv": 0.6208219140669065,
      "E288\\E228-400-5Q6.csv": 1.5636192785539362,
      "E288\\E228-400-6Q7.csv": 6.431081462167717,
      "E288\\E228-400-7Q8.csv": 2.9985653035884257,
      "E288\\E228-400-8Q9.csv": 3.997425273243772,
      "E605\\E605-10.5Q11.5.csv": 1.0961879788855018,
      "E605\\E605-11.5Q13.5.csv": 1.401221574228594,
      "E605\\E605-13.5Q18.csv": 1.792172257800774,
      "E605\\E605-7Q8.csv": 0.4563798362913425,
      "E605\\E605-8Q9.csv": 0.4398289028757714,
      "E772\\E772-11Q12.csv": 2.6691321565503925,
      "E772\\E772-12Q13.csv": 3.640097697519439,
      "E772\\E772-13Q14.csv": 2.753221354615176,
      "E772\\E772-14Q15.csv": 0.27613237702309723,
      "LHCb_7\\LHCb7.csv": 0.8594199716697911,
      "LHCb_8\\LHCb8.csv": 0.6201402155645913,
      "LHCb_13\\LHCb13.csv": 0.7360947130669457,
      "STAR\\STAR510.csv": 1.1101354744827383
    },
    "high_energy_rows": [
      {
        "file": "CMS_13\\CMS13-170Q350.csv",
        "chi2dN": 1.04963544033776,
        "N": 10,
        "ratio_1": 1.0742004527602085,
        "data_1": 0.0344,
        "pred_1": 0.03695249557495117,
        "ratio_2": 1.0926494906714874,
        "data_2": 0.0781,
        "pred_2": 0.08533592522144318,
        "ratio_3": 1.0833783517127027,
        "data_3": 0.0902,
        "pred_3": 0.09772072732448578
      },
      {
        "file": "CMS_13\\CMS13-350Q1000.csv",
        "chi2dN": 1.543504243523415,
        "N": 11,
        "ratio_1": 1.1104323408182928,
        "data_1": 0.00238,
        "pred_1": 0.0026428289711475372,
        "ratio_2": 1.1298194758396234,
        "data_2": 0.00565,
        "pred_2": 0.006383480038493872,
        "ratio_3": 1.1038705999716498,
        "data_3": 0.00699,
        "pred_3": 0.007716055493801832
      },
      {
        "file": "ATLAS_8\\ATLAS8-00y04.csv",
        "chi2dN": 2.816679261982266,
        "N": 6,
        "ratio_1": 0.9910859760053691,
        "data_1": 3.257,
        "pred_1": 3.2279670238494873,
        "ratio_2": 0.9949800864386288,
        "data_2": 6.708,
        "pred_2": 6.674326419830322,
        "ratio_3": 1.0023685236008422,
        "data_3": 6.714,
        "pred_3": 6.729902267456055
      },
      {
        "file": "ATLAS_8\\ATLAS8-04y08.csv",
        "chi2dN": 1.2811150365253274,
        "N": 6,
        "ratio_1": 0.9815159626131511,
        "data_1": 3.219,
        "pred_1": 3.1594998836517334,
        "ratio_2": 0.990026150012602,
        "data_2": 6.676,
        "pred_2": 6.609414577484131,
        "ratio_3": 0.9947698654575696,
        "data_3": 6.737,
        "pred_3": 6.7017645835876465
      },
      {
        "file": "LHCb_8\\LHCb8.csv",
        "chi2dN": 0.6201402155645913,
        "N": 7,
        "ratio_1": 0.9388379363229594,
        "data_1": 3.592273,
        "pred_1": 3.3725621700286865,
        "ratio_2": 0.9574532433453505,
        "data_2": 6.420833,
        "pred_2": 6.147647380828857,
        "ratio_3": 0.9720839791983585,
        "data_3": 6.340833,
        "pred_3": 6.163822174072266
      }
    ]
  },
  "fit": {
    "elapsed_s": 54.658897499999966,
    "nf": 630,
    "flag": 1,
    "free_params": [
      0.5882525011565694,
      0.5842634852963527,
      0.03585691770751531,
      -4.582506214884906,
      0.2971306286522416,
      -0.4423154051555247,
      1.3992994764848747,
      0.07930761286959301,
      0.022652894380060965
    ],
    "log10_chi2": -0.08219292809003013,
    "stage1": [
      {
        "start_id": 0,
        "log10_chi2": -0.060993279258762766,
        "nf": 60,
        "flag": 1
      },
      {
        "start_id": 1,
        "log10_chi2": -0.03761031883609786,
        "nf": 60,
        "flag": 1
      },
      {
        "start_id": 2,
        "log10_chi2": 0.016817049046407746,
        "nf": 60,
        "flag": 1
      }
    ],