{
  "case": "poly_bstar_cslog_alpha1",
  "label": "Poly-x bstar + CSlog with alpha=1",
  "base_model": "poly_bstar_cslog",
  "fixed_map": {
    "alpha": 1.0
  },
  "table_name": "MSHT20N3LO-MC-0-2",
  "fit_name": "Pruned0p2_poly_bstar_cslog_alpha1",
  "np_name": "NP-Pruned0p2_poly_bstar_cslog_alpha1.cl",
  "param_names": [
    "lambda1",
    "lambda2",
    "lambda3",
    "lambda4",
    "alpha",
    "BNP",
    "c0",
    "c1"
  ],
  "free_idx": [
    0,
    1,
    2,
    3,
    5,
    6,
    7
  ],
  "frozen_idx": [
    4
  ],
  "initial": {
    "full_params": [
      1.16428141948,
      1.23002132209,
      -1.87544132597,
      0.213903204609,
      1.0,
      1.54215843219,
      0.0810802375902,
      0.0198035860112
    ],
    "free_params": [
      1.16428141948,
      1.23002132209,
      -1.87544132597,
      0.213903204609,
      1.54215843219,
      0.0810802375902,
      0.0198035860112
    ],
    "metrics": {
      "chi2dN_total": 0.86823009525991,
      "chi2dN_collider": 0.8964809045686387,
      "chi2dN_fixed_target": 0.8301343069496555,
      "highE_weighted_chi2dN": 1.4991997758530862,
      "highE_mean_ratio_first3": 1.0274489831278522,
      "highE_mean_absdev_first3": 0.052816850147412296,
      "highE_mean_signed_first3": 0.027448983127852038,
      "highE_mean_shortfall_first3": 0.012683933509780127,
      "highE_mean_overshoot_first3": 0.04013291663763217,
      "cms_highmass_mean_ratio_first3": 1.0995665932940153,
      "cms_highmass_mean_absdev_first3": 0.0995665932940153,
      "cms_highmass_mean_signed_first3": 0.0995665932940153,
      "zlike_mean_ratio_first3": 0.9793705763504099,
      "zlike_mean_absdev_first3": 0.021650354716343627,
      "zlike_mean_signed_first3": -0.020629423649590133,
      "compute_s": 0.0437219
    },
    "per_file_chi2dN": {
      "ATLAS_7\\ATLAS7-00y10.csv": 0.43921989048861915,
      "ATLAS_7\\ATLAS7-10y20.csv": 3.372398469815785,
      "ATLAS_7\\ATLAS7-20y24.csv": 1.276334278757011,
      "ATLAS_8\\ATLAS8-00y04.csv": 3.4446943533492393,
      "ATLAS_8\\ATLAS8-04y08.csv": 1.1621347267026936,
      "ATLAS_8\\ATLAS8-08y12.csv": 0.81085360626516,
      "ATLAS_8\\ATLAS8-116Q150.csv": 0.5437134843507478,
      "ATLAS_8\\ATLAS8-12y16.csv": 1.1913499790005047,
      "ATLAS_8\\ATLAS8-16y20.csv": 0.9597346891503253,
      "ATLAS_8\\ATLAS8-20y24.csv": 0.9116887576367839,
      "ATLAS_8\\ATLAS8-46Q66.csv": 0.3502375539963243,
      "CDF_I\\CDF1.csv": 0.4933470396244802,
      "CDF_II\\CDF2.csv": 0.7535859485221875,
      "CMS_7\\CMS7.csv": 1.4476582282919632,
      "CMS_8\\CMS8.csv": 0.7401466411979929,
      "CMS_13\\CMS13-00y04.csv": 1.399350970824019,
      "CMS_13\\CMS13-04y08.csv": 0.8467286281316414,
      "CMS_13\\CMS13-08y12.csv": 0.46830206006683106,
      "CMS_13\\CMS13-106Q170.csv": 0.8109736630804795,
      "CMS_13\\CMS13-12y16.csv": 0.25544862772824023,
      "CMS_13\\CMS13-16y24.csv": 0.2595101328323384,
      "CMS_13\\CMS13-170Q350.csv": 1.059563658209018,
      "CMS_13\\CMS13-350Q1000.csv": 1.5487158648371138,
      "D0_I\\D01.csv": 0.6095278396053251,
      "D0_II\\D02.csv": 0.6286858379122308,
      "D0_II_mu\\D02mu.csv": 0.3051718144039778,
      "E288\\E228-200-4Q5.csv": 0.7159471003220451,
      "E288\\E228-200-5Q6.csv": 0.36856284089821684,
      "E288\\E228-200-6Q7.csv": 0.32825326499888413,
      "E288\\E228-200-7Q8.csv": 0.3338360942788726,
      "E288\\E228-200-8Q9.csv": 0.5030197236203783,
      "E288\\E228-300-11Q12.csv": 0.2993885349042957,
      "E288\\E228-300-4Q5.csv": 1.6353815072924054,
      "E288\\E228-300-5Q6.csv": 0.18549214933490488,
      "E288\\E228-300-6Q7.csv": 0.8627836910729458,
      "E288\\E228-300-7Q8.csv": 0.09285588250496575,
      "E288\\E228-300-8Q9.csv": 0.8161725414230477,
      "E288\\E228-400-11Q12.csv": 0.7402504908016991,
      "E288\\E228-400-12Q13.csv": 0.820366483991783,
      "E288\\E228-400-13Q14.csv": 0.6081808182223392,
      "E288\\E228-400-5Q6.csv": 0.943593664864095,
      "E288\\E228-400-6Q7.csv": 2.270658079016947,
      "E288\\E228-400-7Q8.csv": 0.32693062766957226,
      "E288\\E228-400-8Q9.csv": 0.90788497989627,
      "E605\\E605-10.5Q11.5.csv": 0.30082246587838773,
      "E605\\E605-11.5Q13.5.csv": 0.47990029173369886,
      "E605\\E605-13.5Q18.csv": 0.9688399076269458,
      "E605\\E605-7Q8.csv": 0.2412179913704308,
      "E605\\E605-8Q9.csv": 0.37832365880449553,
      "E772\\E772-11Q12.csv": 1.868622217065965,
      "E772\\E772-12Q13.csv": 2.5692228003205355,
      "E772\\E772-13Q14.csv": 2.634167122761385,
      "E772\\E772-14Q15.csv": 0.220927271506793,
      "LHCb_7\\LHCb7.csv": 0.8658841545458191,
      "LHCb_8\\LHCb8.csv": 0.6707864940733445,
      "LHCb_13\\LHCb13.csv": 0.6440664526452766,
      "STAR\\STAR510.csv": 1.2545709314970728
    },
    "high_energy_rows": [
      {
        "file": "CMS_13\\CMS13-170Q350.csv",
        "chi2dN": 1.059563658209018,
        "N": 10,
        "ratio_1": 1.075919934136923,
        "data_1": 0.0344,
        "pred_1": 0.03701164573431015,
        "ratio_2": 1.0930832651910036,
        "data_2": 0.0781,
        "pred_2": 0.08536980301141739,
        "ratio_3": 1.0838048189812384,
        "data_3": 0.0902,
        "pred_3": 0.0977591946721077
      },
      {
        "file": "CMS_13\\CMS13-350Q1000.csv",
        "chi2dN": 1.5487158648371138,
        "N": 11,
        "ratio_1": 1.1106305403494032,
        "data_1": 0.00238,
        "pred_1": 0.00264330068603158,
        "ratio_2": 1.1297579096481865,
        "data_2": 0.00565,
        "pred_2": 0.006383132189512253,
        "ratio_3": 1.104203091457337,
        "data_3": 0.00699,
        "pred_3": 0.007718379609286785
      },
      {
        "file": "ATLAS_8\\ATLAS8-00y04.csv",
        "chi2dN": 3.4446943533492393,
        "N": 6,
        "ratio_1": 0.9786344064976636,
        "data_1": 3.257,
        "pred_1": 3.1874122619628906,
        "ratio_2": 0.9911592758761038,
        "data_2": 6.708,
        "pred_2": 6.648696422576904,
        "ratio_3": 1.0045941898003907,
        "data_3": 6.714,
        "pred_3": 6.744845390319824
      },
      {
        "file": "ATLAS_8\\ATLAS8-04y08.csv",
        "chi2dN": 1.1621347267026936,
        "N": 6,
        "ratio_1": 0.9890360356710386,
        "data_1": 3.219,
        "pred_1": 3.1837069988250732,
        "ratio_2": 0.9920435654609913,
        "data_2": 6.676,
        "pred_2": 6.622882843017578,
        "ratio_3": 0.9947096326504402,
        "data_3": 6.737,
        "pred_3": 6.701358795166016
      },
      {
        "file": "LHCb_8\\LHCb8.csv",
        "chi2dN": 0.6707864940733445,
        "N": 7,
        "ratio_1": 0.9342459399321287,
        "data_1": 3.592273,
        "pred_1": 3.3560664653778076,
        "ratio_2": 0.9562459324433371,
        "data_2": 6.420833,
        "pred_2": 6.139895439147949,
        "ratio_3": 0.9736662088215948,
        "data_3": 6.340833,
        "pred_3": 6.173854827880859
      }
    ]
  },
  "fit": {
    "elapsed_s": 51.177547300000015,
    "nf": 614,
    "flag": 0,
    "free_params": [
      1.3298393625514715,
      1.5485555847546069,
      -2.8675907187324405,
      0.24471251553972495,
      1.4684433612458774,
      0.0811411926978485,
      0.02134392523222364
    ],
    "log10_chi2": -0.077187795422192,
    "stage1": [
      {
        "start_id": 0,
        "log10_chi2": -0.07666370901977365,
        "nf": 60,
        "flag": 1
      },
      {
        "start_id": 1,
        "log10_chi2": -0.06404126914366534,
        "nf": 60,
        "flag": 1
      },
      {
        "start_id": 2,
        "log10_chi2": 0.14442775505759656,
        "nf": 60,
        "flag": 1
      }
    ],
    "stage2": [
      {
        "log10_chi2": -0.07718192918386677,
        "nf": 180,
        "flag": 1
      },
      {
        "log10_chi2": -0.07713362947976263,
        "nf": 180,
        "flag": 1
      }
    ],
    "polish_nf": 74
  },