{
  "model": "baseline_unfrozen",
  "label": "0112 baseline",
  "table_name": "MSHT20N3LO-MC-4-2",
  "n": 4,
  "m": 2,
  "fit_name": "TableScan_baseline_unfrozen_4_2",
  "np_name": "NP-TableScan_baseline_unfrozen_4_2.cl",
  "param_names": [
    "g2",
    "bmax_CS",
    "power_CS",
    "a1",
    "a2",
    "a3",
    "a4",
    "b1",
    "b2",
    "b3",
    "a"
  ],
  "free_idx": [
    0,
    1,
    2,
    3,
    4,
    5,
    6,
    7,
    8,
    9,
    10
  ],
  "frozen_idx": [],
  "initial": {
    "full_params": [
      0.507708972219,
      1.27253800422,
      0.907809151805,
      3.28914068259,
      0.0532043999313,
      -0.773310613438,
      0.00599935699204,
      -0.436194377579,
      0.863210055205,
      -1.55170799737,
      0.000233237408021
    ],
    "free_params": [
      0.507708972219,
      1.27253800422,
      0.907809151805,
      3.28914068259,
      0.0532043999313,
      -0.773310613438,
      0.00599935699204,
      -0.436194377579,
      0.863210055205,
      -1.55170799737,
      0.000233237408021
    ],
    "metrics": {
      "chi2dN_total": 1.3237711200548075,
      "chi2dN_collider": 1.0878687752394798,
      "chi2dN_fixed_target": 1.6418818577603254,
      "highE_weighted_chi2dN": 1.4641407758970266,
      "highE_mean_ratio_first3": 1.0153068277309816,
      "highE_mean_absdev_first3": 0.05485178001972772,
      "highE_mean_signed_first3": 0.01530682773098137,
      "highE_mean_shortfall_first3": 0.019772476144373177,
      "highE_mean_overshoot_first3": 0.035079303875354545,
      "cms_highmass_mean_ratio_first3": 1.0876982596883864,
      "cms_highmass_mean_absdev_first3": 0.08769825968838636,
      "cms_highmass_mean_signed_first3": 0.08769825968838636,
      "zlike_mean_ratio_first3": 0.9670458730927114,
      "zlike_mean_absdev_first3": 0.03295412690728863,
      "zlike_mean_signed_first3": -0.03295412690728863,
      "compute_s": 0.0408416
    },
    "per_file_chi2dN": {
      "ATLAS_7\\ATLAS7-00y10.csv": 2.053052719895741,
      "ATLAS_7\\ATLAS7-10y20.csv": 6.055586296461861,
      "ATLAS_7\\ATLAS7-20y24.csv": 2.002506360388003,
      "ATLAS_8\\ATLAS8-00y04.csv": 2.1371600115932456,
      "ATLAS_8\\ATLAS8-04y08.csv": 1.6451050608166595,
      "ATLAS_8\\ATLAS8-08y12.csv": 1.9130919111097393,
      "ATLAS_8\\ATLAS8-116Q150.csv": 0.4706399326029225,
      "ATLAS_8\\ATLAS8-12y16.csv": 2.5733738332769533,
      "ATLAS_8\\ATLAS8-16y20.csv": 1.959921273066237,
      "ATLAS_8\\ATLAS8-20y24.csv": 1.112043040252016,
      "ATLAS_8\\ATLAS8-46Q66.csv": 0.7859637773632915,
      "CDF_I\\CDF1.csv": 0.4627039691574985,
      "CDF_II\\CDF2.csv": 0.8277858449511464,
      "CMS_7\\CMS7.csv": 1.6378694279368724,
      "CMS_8\\CMS8.csv": 0.8142939230927517,
      "CMS_13\\CMS13-00y04.csv": 1.3014257144568793,
      "CMS_13\\CMS13-04y08.csv": 0.8122130887605425,
      "CMS_13\\CMS13-08y12.csv": 0.4994839985413873,
      "CMS_13\\CMS13-106Q170.csv": 0.6658608298170532,
      "CMS_13\\CMS13-12y16.csv": 0.2197790728108765,
      "CMS_13\\CMS13-16y24.csv": 0.22854335276571786,
      "CMS_13\\CMS13-170Q350.csv": 0.8961927886605461,
      "CMS_13\\CMS13-350Q1000.csv": 1.5177675278962397,
      "D0_I\\D01.csv": 0.6148996175871078,
      "D0_II\\D02.csv": 0.1859607126052924,
      "D0_II_mu\\D02mu.csv": 0.25495239953030097,
      "E288\\E228-200-4Q5.csv": 1.1715891420621032,
      "E288\\E228-200-5Q6.csv": 0.9651496385512887,
      "E288\\E228-200-6Q7.csv": 1.320222716749485,
      "E288\\E228-200-7Q8.csv": 1.2538347088364505,
      "E288\\E228-200-8Q9.csv": 0.6573447663319226,
      "E288\\E228-300-11Q12.csv": 0.26950135848370815,
      "E288\\E228-300-4Q5.csv": 1.6716063656854068,
      "E288\\E228-300-5Q6.csv": 0.45290520583722726,
      "E288\\E228-300-6Q7.csv": 2.741298902761917,
      "E288\\E228-300-7Q8.csv": 1.211923819925447,
      "E288\\E228-300-8Q9.csv": 0.4793665097300015,
      "E288\\E228-400-11Q12.csv": 1.0115788075276522,
      "E288\\E228-400-12Q13.csv": 0.6790795027102422,
      "E288\\E228-400-13Q14.csv": 0.4597163847017201,
      "E288\\E228-400-5Q6.csv": 1.2283725003153627,
      "E288\\E228-400-6Q7.csv": 6.159799367954737,
      "E288\\E228-400-7Q8.csv": 3.522182464199233,
      "E288\\E228-400-8Q9.csv": 4.760605823732279,
      "E605\\E605-10.5Q11.5.csv": 1.3274207961709856,
      "E605\\E605-11.5Q13.5.csv": 1.635785932871145,
      "E605\\E605-13.5Q18.csv": 1.7813435772301116,
      "E605\\E605-7Q8.csv": 0.3476556867457076,
      "E605\\E605-8Q9.csv": 0.42271267566622467,
      "E772\\E772-11Q12.csv": 2.817312989367139,
      "E772\\E772-12Q13.csv": 3.697908935808702,
      "E772\\E772-13Q14.csv": 2.5683861979305895,
      "E772\\E772-14Q15.csv": 0.3481931346055727,
      "LHCb_7\\LHCb7.csv": 1.1716639208413704,
      "LHCb_8\\LHCb8.csv": 1.4592385582796479,
      "LHCb_13\\LHCb13.csv": 0.9135595276287979,
      "STAR\\STAR510.csv": 1.0392178954920004
    },
    "high_energy_rows": [
      {
        "file": "CMS_13\\CMS13-170Q350.csv",
        "chi2dN": 0.8961927886605461,
        "N": 10,
        "ratio_1": 1.065583769665208,
        "data_1": 0.0344,
        "pred_1": 0.036656081676483154,
        "ratio_2": 1.0802981261254578,
        "data_2": 0.0781,
        "pred_2": 0.08437128365039825,
        "ratio_3": 1.0748325688082998,
        "data_3": 0.0902,
        "pred_3": 0.09694989770650864
      },
      {
        "file": "CMS_13\\CMS13-350Q1000.csv",
        "chi2dN": 1.5177675278962397,
        "N": 11,
        "ratio_1": 1.0960567116486926,
        "data_1": 0.00238,
        "pred_1": 0.0026086149737238884,
        "ratio_2": 1.1152393324712737,
        "data_2": 0.00565,
        "pred_2": 0.006301102228462696,
        "ratio_3": 1.0941790494113863,
        "data_3": 0.00699,
        "pred_3": 0.00764831155538559
      },
      {
        "file": "ATLAS_8\\ATLAS8-00y04.csv",
        "chi2dN": 2.1371600115932456,
        "N": 6,
        "ratio_1": 0.9700722733925997,
        "data_1": 3.257,
        "pred_1": 3.1595253944396973,
        "ratio_2": 0.9776808779084689,
        "data_2": 6.708,
        "pred_2": 6.55828332901001,
        "ratio_3": 0.9971354595067282,
        "data_3": 6.714,
        "pred_3": 6.694767475128174
      },
      {
        "file": "ATLAS_8\\ATLAS8-04y08.csv",
        "chi2dN": 1.6451050608166595,
        "N": 6,
        "ratio_1": 0.9817537886639418,
        "data_1": 3.219,
        "pred_1": 3.1602654457092285,
        "ratio_2": 0.9791112503225464,
        "data_2": 6.676,
        "pred_2": 6.53654670715332,
        "ratio_3": 0.9875243046666989,
        "data_3": 6.737,
        "pred_3": 6.652951240539551
      },
      {
        "file": "LHCb_8\\LHCb8.csv",
        "chi2dN": 1.4592385582796479,
        "N": 7,
        "ratio_1": 0.9153366419654463,
        "data_1": 3.592273,
        "pred_1": 3.2881391048431396,
        "ratio_2": 0.932514404941102,
        "data_2": 6.420833,
        "pred_2": 5.987519264221191,
        "ratio_3": 0.96228385646687,
        "data_3": 6.340833,
        "pred_3": 6.101681232452393
      }
    ]
  },
  "fit": {
    "elapsed_s": 9.080978600002709,
    "nf": 100,
    "flag": 1,
    "free_params": [
      0.5103045904862881,
      1.2686437944069013,
      0.7095779324422089,
      3.2767228448581456,
      0.1166521402656695,
      -0.9523601959479038,
      -0.010597845717041976,
      0.010058812154307262,
      1.3102810938962932,
      -2.80095800970384,
      0.0
    ],
    "stage1_log10_chi2": 0.02667263473937937,
    "stage2_log10_chi2": 0.024917596908167517
  },
  "best": {
    "full_params": [
      0.5103045904862881,
      1.2686437944069013,
      0.7095779324422089,
      3.2767228448581456,
      0.1166521402656695,
      -0.9523601959479038,
      -0.010597845717041976,
      0.010058812154307262,
      1.3102810938962932,
      -2.80095800970384,
      0.0
    ],