{
  "model": "baseline_unfrozen",
  "label": "0112 baseline",
  "table_name": "MSHT20N3LO-MC-0-0",
  "n": 0,
  "m": 0,
  "fit_name": "TableScan_baseline_unfrozen_0_0",
  "np_name": "NP-TableScan_baseline_unfrozen_0_0.cl",
  "param_names": [
    "g2",
    "bmax_CS",
    "power_CS",
    "a1",
    "a2",
    "a3",
    "a4",
    "b1",
    "b2",
    "b3",
    "a"
  ],
  "free_idx": [
    0,
    1,
    2,
    3,
    4,
    5,
    6,
    7,
    8,
    9,
    10
  ],
  "frozen_idx": [],
  "initial": {
    "full_params": [
      0.507708972219,
      1.27253800422,
      0.907809151805,
      3.28914068259,
      0.0532043999313,
      -0.773310613438,
      0.00599935699204,
      -0.436194377579,
      0.863210055205,
      -1.55170799737,
      0.000233237408021
    ],
    "free_params": [
      0.507708972219,
      1.27253800422,
      0.907809151805,
      3.28914068259,
      0.0532043999313,
      -0.773310613438,
      0.00599935699204,
      -0.436194377579,
      0.863210055205,
      -1.55170799737,
      0.000233237408021
    ],
    "metrics": {
      "chi2dN_total": 5.185812219429785,
      "chi2dN_collider": 7.44147634238405,
      "chi2dN_fixed_target": 2.1440833263550862,
      "highE_weighted_chi2dN": 15.525788290871256,
      "highE_mean_ratio_first3": 0.9746171608827865,
      "highE_mean_absdev_first3": 0.07000331066671468,
      "highE_mean_signed_first3": -0.0253828391172135,
      "highE_mean_shortfall_first3": 0.04769307489196409,
      "highE_mean_overshoot_first3": 0.02231023577475059,
      "cms_highmass_mean_ratio_first3": 1.0422284369779617,
      "cms_highmass_mean_absdev_first3": 0.056297238513720926,
      "cms_highmass_mean_signed_first3": 0.042228436977961636,
      "zlike_mean_ratio_first3": 0.9295429768193364,
      "zlike_mean_absdev_first3": 0.07914069210204384,
      "zlike_mean_signed_first3": -0.07045702318066359,
      "compute_s": 0.0419942
    },
    "per_file_chi2dN": {
      "ATLAS_7\\ATLAS7-00y10.csv": 26.514721533371542,
      "ATLAS_7\\ATLAS7-10y20.csv": 16.04078336765122,
      "ATLAS_7\\ATLAS7-20y24.csv": 3.749255866994751,
      "ATLAS_8\\ATLAS8-00y04.csv": 53.290415083078436,
      "ATLAS_8\\ATLAS8-04y08.csv": 36.4932950058377,
      "ATLAS_8\\ATLAS8-08y12.csv": 23.436395727397638,
      "ATLAS_8\\ATLAS8-116Q150.csv": 2.3396381342361625,
      "ATLAS_8\\ATLAS8-12y16.csv": 25.97489813654104,
      "ATLAS_8\\ATLAS8-16y20.csv": 14.352523399365696,
      "ATLAS_8\\ATLAS8-20y24.csv": 10.53940196902745,
      "ATLAS_8\\ATLAS8-46Q66.csv": 10.283197449035478,
      "CDF_I\\CDF1.csv": 1.031318404348025,
      "CDF_II\\CDF2.csv": 7.7360440479803065,
      "CMS_7\\CMS7.csv": 2.7920573380247884,
      "CMS_8\\CMS8.csv": 2.460513981154553,
      "CMS_13\\CMS13-00y04.csv": 6.682743601528707,
      "CMS_13\\CMS13-04y08.csv": 2.925352898390785,
      "CMS_13\\CMS13-08y12.csv": 1.8055995641705007,
      "CMS_13\\CMS13-106Q170.csv": 4.441402539460615,
      "CMS_13\\CMS13-12y16.csv": 1.1178725227257167,
      "CMS_13\\CMS13-16y24.csv": 0.7248314959622983,
      "CMS_13\\CMS13-170Q350.csv": 1.624391936461474,
      "CMS_13\\CMS13-350Q1000.csv": 1.7580044730189028,
      "D0_I\\D01.csv": 2.81275782691155,
      "D0_II\\D02.csv": 1.9331177881949242,
      "D0_II_mu\\D02mu.csv": 11.353048469325877,
      "E288\\E228-200-4Q5.csv": 2.067573500927923,
      "E288\\E228-200-5Q6.csv": 1.509524759502273,
      "E288\\E228-200-6Q7.csv": 1.604880884443893,
      "E288\\E228-200-7Q8.csv": 1.3260553029146125,
      "E288\\E228-200-8Q9.csv": 0.6713295045595994,
      "E288\\E228-300-11Q12.csv": 0.26009049451665306,
      "E288\\E228-300-4Q5.csv": 2.343358757435519,
      "E288\\E228-300-5Q6.csv": 1.1466834914546609,
      "E288\\E228-300-6Q7.csv": 3.3977590430796263,
      "E288\\E228-300-7Q8.csv": 1.6342376194311956,
      "E288\\E228-300-8Q9.csv": 0.637715886847858,
      "E288\\E228-400-11Q12.csv": 1.0205464483290096,
      "E288\\E228-400-12Q13.csv": 0.7460358581504365,
      "E288\\E228-400-13Q14.csv": 0.452860205385996,
      "E288\\E228-400-5Q6.csv": 2.2181611601270568,
      "E288\\E228-400-6Q7.csv": 9.19029301509732,
      "E288\\E228-400-7Q8.csv": 5.432630962689991,
      "E288\\E228-400-8Q9.csv": 5.652804920222211,
      "E605\\E605-10.5Q11.5.csv": 2.1017258003529857,
      "E605\\E605-11.5Q13.5.csv": 2.4473562632613013,
      "E605\\E605-13.5Q18.csv": 2.1260352532983733,
      "E605\\E605-7Q8.csv": 0.9689273199382019,
      "E605\\E605-8Q9.csv": 0.9254652613520425,
      "E772\\E772-11Q12.csv": 3.3487034432379588,
      "E772\\E772-12Q13.csv": 4.17710098227392,
      "E772\\E772-13Q14.csv": 2.348483510672614,
      "E772\\E772-14Q15.csv": 0.5027885755190501,
      "LHCb_7\\LHCb7.csv": 4.479659050117042,
      "LHCb_8\\LHCb8.csv": 6.67818607621867,
      "LHCb_13\\LHCb13.csv": 1.7823626850484946,
      "STAR\\STAR510.csv": 0.7482977809727043
    },
    "high_energy_rows": [
      {
        "file": "CMS_13\\CMS13-170Q350.csv",
        "chi2dN": 1.624391936461474,
        "N": 10,
        "ratio_1": 0.9607356908016427,
        "data_1": 0.0344,
        "pred_1": 0.03304930776357651,
        "ratio_2": 1.0420030958368591,
        "data_2": 0.0781,
        "pred_2": 0.0813804417848587,
        "ratio_3": 1.0863622183810315,
        "data_3": 0.0902,
        "pred_3": 0.09798987209796906
      },
      {
        "file": "CMS_13\\CMS13-350Q1000.csv",
        "chi2dN": 1.7580044730189028,
        "N": 11,
        "ratio_1": 0.9970579045910795,
        "data_1": 0.00238,
        "pred_1": 0.0023729978129267693,
        "ratio_2": 1.0703771943803382,
        "data_2": 0.00565,
        "pred_2": 0.006047631148248911,
        "ratio_3": 1.0968345178768188,
        "data_3": 0.00699,
        "pred_3": 0.007666873279958963
      },
      {
        "file": "ATLAS_8\\ATLAS8-00y04.csv",
        "chi2dN": 53.290415083078436,
        "N": 6,
        "ratio_1": 0.8593032357880848,
        "data_1": 3.257,
        "pred_1": 2.798750638961792,
        "ratio_2": 0.9526873032962841,
        "data_2": 6.708,
        "pred_2": 6.390626430511475,
        "ratio_3": 1.0242261167860898,
        "data_3": 6.714,
        "pred_3": 6.876654148101807
      },
      {
        "file": "ATLAS_8\\ATLAS8-04y08.csv",
        "chi2dN": 36.4932950058377,
        "N": 6,
        "ratio_1": 0.8686731675649586,
        "data_1": 3.219,
        "pred_1": 2.7962589263916016,
        "ratio_2": 0.9543332887881526,
        "data_2": 6.676,
        "pred_2": 6.371129035949707,
        "ratio_3": 1.0148503933601214,
        "data_3": 6.737,
        "pred_3": 6.837047100067139
      },
      {
        "file": "LHCb_8\\LHCb8.csv",
        "chi2dN": 6.67818607621867,
        "N": 7,
        "ratio_1": 0.8014814404768509,
        "data_1": 3.592273,
        "pred_1": 2.8791401386260986,
        "ratio_2": 0.9040056186761971,
        "data_2": 6.420833,
        "pred_2": 5.804469108581543,
        "ratio_3": 0.9863262266372884,
        "data_3": 6.340833,
        "pred_3": 6.254129886627197
      }
    ]
  },
  "fit": {
    "elapsed_s": 9.187578199998825,
    "nf": 100,
    "flag": 1,
    "free_params": [
      0.09136454013650876,
      1.322696639719537,
      0.9046956271576858,
      3.3250336476533793,
      -0.30018927739710577,
      0.8641049285027318,
      0.04875782822851249,
      -0.28164118760348167,
      0.6850716526115477,
      -1.8574712541575895,
      0.0
    ],
    "stage1_log10_chi2": -0.01863464959373586,
    "stage2_log10_chi2": -0.028356092891346933
  },
  "best": {
    "full_params": [
      0.09136454013650876,
      1.322696639719537,
      0.9046956271576858,
      3.3250336476533793,
      -0.30018927739710577,
      0.8641049285027318,
      0.04875782822851249,
      -0.28164118760348167,
      0.6850716526115477,
      -1.8574712541575895,
      0.0
    ],