{
  "model": "baseline_unfrozen",
  "label": "0112 baseline",
  "table_name": "MSHT20N3LO-MC-0-2",
  "n": 0,
  "m": 2,
  "fit_name": "TableScan_baseline_unfrozen_0_2",
  "np_name": "NP-TableScan_baseline_unfrozen_0_2.cl",
  "param_names": [
    "g2",
    "bmax_CS",
    "power_CS",
    "a1",
    "a2",
    "a3",
    "a4",
    "b1",
    "b2",
    "b3",
    "a"
  ],
  "free_idx": [
    0,
    1,
    2,
    3,
    4,
    5,
    6,
    7,
    8,
    9,
    10
  ],
  "frozen_idx": [],
  "initial": {
    "full_params": [
      0.507708972219,
      1.27253800422,
      0.907809151805,
      3.28914068259,
      0.0532043999313,
      -0.773310613438,
      0.00599935699204,
      -0.436194377579,
      0.863210055205,
      -1.55170799737,
      0.000233237408021
    ],
    "free_params": [
      0.507708972219,
      1.27253800422,
      0.907809151805,
      3.28914068259,
      0.0532043999313,
      -0.773310613438,
      0.00599935699204,
      -0.436194377579,
      0.863210055205,
      -1.55170799737,
      0.000233237408021
    ],
    "metrics": {
      "chi2dN_total": 0.8351745396054148,
      "chi2dN_collider": 1.0144843705889162,
      "chi2dN_fixed_target": 0.593377949339784,
      "highE_weighted_chi2dN": 1.6328871049545046,
      "highE_mean_ratio_first3": 1.0147686719367328,
      "highE_mean_absdev_first3": 0.05501876841150975,
      "highE_mean_signed_first3": 0.014768671936732739,
      "highE_mean_shortfall_first3": 0.020125048237388508,
      "highE_mean_overshoot_first3": 0.03489372017412125,
      "cms_highmass_mean_ratio_first3": 1.0872343004353031,
      "cms_highmass_mean_absdev_first3": 0.08723430043530311,
      "cms_highmass_mean_signed_first3": 0.08723430043530311,
      "zlike_mean_ratio_first3": 0.9664582529376857,
      "zlike_mean_absdev_first3": 0.03354174706231418,
      "zlike_mean_signed_first3": -0.03354174706231418,
      "compute_s": 0.0424541
    },
    "per_file_chi2dN": {
      "ATLAS_7\\ATLAS7-00y10.csv": 1.2342940969728569,
      "ATLAS_7\\ATLAS7-10y20.csv": 4.574478819671251,
      "ATLAS_7\\ATLAS7-20y24.csv": 1.7317713839001485,
      "ATLAS_8\\ATLAS8-00y04.csv": 3.216609890640042,
      "ATLAS_8\\ATLAS8-04y08.csv": 1.677765613793678,
      "ATLAS_8\\ATLAS8-08y12.csv": 1.8983256451341688,
      "ATLAS_8\\ATLAS8-116Q150.csv": 0.4600434762903488,
      "ATLAS_8\\ATLAS8-12y16.csv": 1.0762180898738578,
      "ATLAS_8\\ATLAS8-16y20.csv": 1.4014000065009828,
      "ATLAS_8\\ATLAS8-20y24.csv": 0.8622918333630315,
      "ATLAS_8\\ATLAS8-46Q66.csv": 0.5104327593837441,
      "CDF_I\\CDF1.csv": 0.4563716920329566,
      "CDF_II\\CDF2.csv": 0.8653217606420504,
      "CMS_7\\CMS7.csv": 1.5948886223744188,
      "CMS_8\\CMS8.csv": 0.8774699426276471,
      "CMS_13\\CMS13-00y04.csv": 1.485415635859686,
      "CMS_13\\CMS13-04y08.csv": 0.8456124131323357,
      "CMS_13\\CMS13-08y12.csv": 0.5106660902604515,
      "CMS_13\\CMS13-106Q170.csv": 0.6195501632255862,
      "CMS_13\\CMS13-12y16.csv": 0.26124982644808475,
      "CMS_13\\CMS13-16y24.csv": 0.2560687614904796,
      "CMS_13\\CMS13-170Q350.csv": 0.9056946723999584,
      "CMS_13\\CMS13-350Q1000.csv": 1.5165988704611741,
      "D0_I\\D01.csv": 0.619444463335198,
      "D0_II\\D02.csv": 0.2635502145396223,
      "D0_II_mu\\D02mu.csv": 0.19427089429010116,
      "E288\\E228-200-4Q5.csv": 0.37915723759715386,
      "E288\\E228-200-5Q6.csv": 0.3427131012263261,
      "E288\\E228-200-6Q7.csv": 0.3292035928658108,
      "E288\\E228-200-7Q8.csv": 0.167949353697292,
      "E288\\E228-200-8Q9.csv": 0.5274068667421176,
      "E288\\E228-300-11Q12.csv": 0.24138327982083407,
      "E288\\E228-300-4Q5.csv": 1.4220481989463376,
      "E288\\E228-300-5Q6.csv": 0.27560214009980954,
      "E288\\E228-300-6Q7.csv": 0.2445522619454166,
      "E288\\E228-300-7Q8.csv": 0.1518758488918778,
      "E288\\E228-300-8Q9.csv": 0.9989257316263505,
      "E288\\E228-400-11Q12.csv": 0.5599638296662501,
      "E288\\E228-400-12Q13.csv": 0.573992526430286,
      "E288\\E228-400-13Q14.csv": 0.37374965599474597,
      "E288\\E228-400-5Q6.csv": 0.8330599765462016,
      "E288\\E228-400-6Q7.csv": 1.2094738541686587,
      "E288\\E228-400-7Q8.csv": 0.3376115779470739,
      "E288\\E228-400-8Q9.csv": 0.6378740969568291,
      "E605\\E605-10.5Q11.5.csv": 0.15534247167041754,
      "E605\\E605-11.5Q13.5.csv": 0.29763158506199777,
      "E605\\E605-13.5Q18.csv": 0.5929096916537403,
      "E605\\E605-7Q8.csv": 0.2341121805876196,
      "E605\\E605-8Q9.csv": 0.39654089565200773,
      "E772\\E772-11Q12.csv": 1.43987585561427,
      "E772\\E772-12Q13.csv": 1.6695286243946166,
      "E772\\E772-13Q14.csv": 1.6987718453651202,
      "E772\\E772-14Q15.csv": 0.27860879925132587,
      "LHCb_7\\LHCb7.csv": 1.1365438617602364,
      "LHCb_8\\LHCb8.csv": 1.4585281246436244,
      "LHCb_13\\LHCb13.csv": 0.8425544893257576,
      "STAR\\STAR510.csv": 1.078405682671214
    },
    "high_energy_rows": [
      {
        "file": "CMS_13\\CMS13-170Q350.csv",
        "chi2dN": 0.9056946723999584,
        "N": 10,
        "ratio_1": 1.0607221575323926,
        "data_1": 0.0344,
        "pred_1": 0.036488842219114304,
        "ratio_2": 1.0818326022957718,
        "data_2": 0.0781,
        "pred_2": 0.08449112623929977,
        "ratio_3": 1.0760791781471997,
        "data_3": 0.0902,
        "pred_3": 0.09706234186887741
      },
      {
        "file": "CMS_13\\CMS13-350Q1000.csv",
        "chi2dN": 1.5165988704611741,
        "N": 11,
        "ratio_1": 1.0937489490924763,
        "data_1": 0.00238,
        "pred_1": 0.0026031224988400936,
        "ratio_2": 1.1161802155254161,
        "data_2": 0.00565,
        "pred_2": 0.006306418217718601,
        "ratio_3": 1.094842700018562,
        "data_3": 0.00699,
        "pred_3": 0.007652950473129749
      },
      {
        "file": "ATLAS_8\\ATLAS8-00y04.csv",
        "chi2dN": 3.216609890640042,
        "N": 6,
        "ratio_1": 0.9608865333254951,
        "data_1": 3.257,
        "pred_1": 3.1296074390411377,
        "ratio_2": 0.9814385651262587,
        "data_2": 6.708,
        "pred_2": 6.583489894866943,
        "ratio_3": 0.9995045887774074,
        "data_3": 6.714,
        "pred_3": 6.710673809051514
      },
      {
        "file": "ATLAS_8\\ATLAS8-04y08.csv",
        "chi2dN": 1.677765613793678,
        "N": 6,
        "ratio_1": 0.9726348520251082,
        "data_1": 3.219,
        "pred_1": 3.1309115886688232,
        "ratio_2": 0.9828380227017502,
        "data_2": 6.676,
        "pred_2": 6.561426639556885,
        "ratio_3": 0.9894998841174583,
        "data_3": 6.737,
        "pred_3": 6.666260719299316
      },
      {
        "file": "LHCb_8\\LHCb8.csv",
        "chi2dN": 1.4585281246436244,
        "N": 7,
        "ratio_1": 0.9131081418958543,
        "data_1": 3.592273,
        "pred_1": 3.2801337242126465,
        "ratio_2": 0.9377876733928013,
        "data_2": 6.420833,
        "pred_2": 6.021378040313721,
        "ratio_3": 0.9604260150770387,
        "data_3": 6.340833,
        "pred_3": 6.089900970458984
      }
    ]
  },
  "fit": {
    "elapsed_s": 9.196575099995243,
    "nf": 100,
    "flag": 1,
    "free_params": [
      0.5082445556115708,
      1.2841790610482389,
      0.9065635119600725,
      3.2855531295096547,
      0.05953982012774084,
      -0.7618655596138488,
      0.009718464676782945,
      -0.2802275239590326,
      0.8635324162912656,
      -1.597412020167459,
      0.0016549461445555082
    ],
    "stage1_log10_chi2": -0.07826674775695076,
    "stage2_log10_chi2": -0.07828052589984044
  },
  "best": {
    "full_params": [
      0.5082445556115708,
      1.2841790610482389,
      0.9065635119600725,
      3.2855531295096547,
      0.05953982012774084,
      -0.7618655596138488,
      0.009718464676782945,
      -0.2802275239590326,
      0.8635324162912656,
      -1.597412020167459,
      0.0016549461445555082
    ],