{
  "model": "baseline_unfrozen",
  "label": "0112 baseline",
  "table_name": "MSHT20N3LO-MC-4-4",
  "n": 4,
  "m": 4,
  "fit_name": "TableScan_baseline_unfrozen_4_4",
  "np_name": "NP-TableScan_baseline_unfrozen_4_4.cl",
  "param_names": [
    "g2",
    "bmax_CS",
    "power_CS",
    "a1",
    "a2",
    "a3",
    "a4",
    "b1",
    "b2",
    "b3",
    "a"
  ],
  "free_idx": [
    0,
    1,
    2,
    3,
    4,
    5,
    6,
    7,
    8,
    9,
    10
  ],
  "frozen_idx": [],
  "initial": {
    "full_params": [
      0.507708972219,
      1.27253800422,
      0.907809151805,
      3.28914068259,
      0.0532043999313,
      -0.773310613438,
      0.00599935699204,
      -0.436194377579,
      0.863210055205,
      -1.55170799737,
      0.000233237408021
    ],
    "free_params": [
      0.507708972219,
      1.27253800422,
      0.907809151805,
      3.28914068259,
      0.0532043999313,
      -0.773310613438,
      0.00599935699204,
      -0.436194377579,
      0.863210055205,
      -1.55170799737,
      0.000233237408021
    ],
    "metrics": {
      "chi2dN_total": 3.7227118897135787,
      "chi2dN_collider": 5.360164688526862,
      "chi2dN_fixed_target": 1.5146316004047575,
      "highE_weighted_chi2dN": 10.23722269606917,
      "highE_mean_ratio_first3": 0.977688838796871,
      "highE_mean_absdev_first3": 0.0643056742186858,
      "highE_mean_signed_first3": -0.02231116120312903,
      "highE_mean_shortfall_first3": 0.04330841771090742,
      "highE_mean_overshoot_first3": 0.020997256507778388,
      "cms_highmass_mean_ratio_first3": 1.0458444064395493,
      "cms_highmass_mean_absdev_first3": 0.05276700967061704,
      "cms_highmass_mean_signed_first3": 0.045844406439549214,
      "zlike_mean_ratio_first3": 0.932251793701752,
      "zlike_mean_absdev_first3": 0.07199811725073164,
      "zlike_mean_signed_first3": -0.06774820629824786,
      "compute_s": 0.0395487
    },
    "per_file_chi2dN": {
      "ATLAS_7\\ATLAS7-00y10.csv": 14.807535850465479,
      "ATLAS_7\\ATLAS7-10y20.csv": 12.818758451459436,
      "ATLAS_7\\ATLAS7-20y24.csv": 3.233305515723959,
      "ATLAS_8\\ATLAS8-00y04.csv": 34.09551743087261,
      "ATLAS_8\\ATLAS8-04y08.csv": 21.99800647727581,
      "ATLAS_8\\ATLAS8-08y12.csv": 14.346924048499238,
      "ATLAS_8\\ATLAS8-116Q150.csv": 1.9916778497437584,
      "ATLAS_8\\ATLAS8-12y16.csv": 20.70192903031287,
      "ATLAS_8\\ATLAS8-16y20.csv": 11.83929970611979,
      "ATLAS_8\\ATLAS8-20y24.csv": 8.510497591462695,
      "ATLAS_8\\ATLAS8-46Q66.csv": 9.541174248736208,
      "CDF_I\\CDF1.csv": 0.8803648698024265,
      "CDF_II\\CDF2.csv": 5.831823064023703,
      "CMS_7\\CMS7.csv": 2.5129292896419737,
      "CMS_8\\CMS8.csv": 2.1090817656997785,
      "CMS_13\\CMS13-00y04.csv": 4.841493798180299,
      "CMS_13\\CMS13-04y08.csv": 2.5734354096936807,
      "CMS_13\\CMS13-08y12.csv": 1.402616212403345,
      "CMS_13\\CMS13-106Q170.csv": 3.2208292669940786,
      "CMS_13\\CMS13-12y16.csv": 0.8123298910947577,
      "CMS_13\\CMS13-16y24.csv": 0.5249359828976282,
      "CMS_13\\CMS13-170Q350.csv": 1.4026841519405653,
      "CMS_13\\CMS13-350Q1000.csv": 1.7362224329964198,
      "D0_I\\D01.csv": 2.1850625045167127,
      "D0_II\\D02.csv": 1.214479983449588,
      "D0_II_mu\\D02mu.csv": 7.98809259191547,
      "E288\\E228-200-4Q5.csv": 1.311852673976685,
      "E288\\E228-200-5Q6.csv": 1.085229830370919,
      "E288\\E228-200-6Q7.csv": 1.2375979323700717,
      "E288\\E228-200-7Q8.csv": 1.120067884324477,
      "E288\\E228-200-8Q9.csv": 0.6279161829176506,
      "E288\\E228-300-11Q12.csv": 0.2534044751874134,
      "E288\\E228-300-4Q5.csv": 1.6654185086592908,
      "E288\\E228-300-5Q6.csv": 0.6167473309116687,
      "E288\\E228-300-6Q7.csv": 2.3743933567729942,
      "E288\\E228-300-7Q8.csv": 1.1110217374039517,
      "E288\\E228-300-8Q9.csv": 0.5574150587517581,
      "E288\\E228-400-11Q12.csv": 0.9004828508213618,
      "E288\\E228-400-12Q13.csv": 0.6682719569161142,
      "E288\\E228-400-13Q14.csv": 0.419762837220436,
      "E288\\E228-400-5Q6.csv": 1.1783031107036823,
      "E288\\E228-400-6Q7.csv": 5.138680356493661,
      "E288\\E228-400-7Q8.csv": 2.974504651616635,
      "E288\\E228-400-8Q9.csv": 3.90135019444578,
      "E605\\E605-10.5Q11.5.csv": 1.3136261519355181,
      "E605\\E605-11.5Q13.5.csv": 1.6577812944960677,
      "E605\\E605-13.5Q18.csv": 1.6821947620269786,
      "E605\\E605-7Q8.csv": 0.5301170511698998,
      "E605\\E605-8Q9.csv": 0.5474435454263825,
      "E772\\E772-11Q12.csv": 2.695807692382536,
      "E772\\E772-12Q13.csv": 3.444798925423911,
      "E772\\E772-13Q14.csv": 2.1381749294716683,
      "E772\\E772-14Q15.csv": 0.44197511856908206,
      "LHCb_7\\LHCb7.csv": 3.7958180214588806,
      "LHCb_8\\LHCb8.csv": 5.686068015929999,
      "LHCb_13\\LHCb13.csv": 1.6465370451119323,
      "STAR\\STAR510.csv": 0.824254747293767
    },
    "high_energy_rows": [
      {
        "file": "CMS_13\\CMS13-170Q350.csv",
        "chi2dN": 1.4026841519405653,
        "N": 10,
        "ratio_1": 0.9792321903067965,
        "data_1": 0.0344,
        "pred_1": 0.0336855873465538,
        "ratio_2": 1.041439293899243,
        "data_2": 0.0781,
        "pred_2": 0.08133640885353088,
        "ratio_3": 1.0797772928246374,
        "data_3": 0.0902,
        "pred_3": 0.09739591181278229
      },
      {
        "file": "CMS_13\\CMS13-350Q1000.csv",
        "chi2dN": 1.7362224329964198,
        "N": 11,
        "ratio_1": 1.0111628436804319,
        "data_1": 0.00238,
        "pred_1": 0.002406567567959428,
        "ratio_2": 1.071365714996262,
        "data_2": 0.00565,
        "pred_2": 0.00605321628972888,
        "ratio_3": 1.0920891029299244,
        "data_3": 0.00699,
        "pred_3": 0.007633702829480171
      },
      {
        "file": "ATLAS_8\\ATLAS8-00y04.csv",
        "chi2dN": 34.09551743087261,
        "N": 6,
        "ratio_1": 0.8840186851391368,
        "data_1": 3.257,
        "pred_1": 2.879248857498169,
        "ratio_2": 0.9479594500774277,
        "data_2": 6.708,
        "pred_2": 6.358911991119385,
        "ratio_3": 1.014195278282495,
        "data_3": 6.714,
        "pred_3": 6.809307098388672
      },
      {
        "file": "ATLAS_8\\ATLAS8-04y08.csv",
        "chi2dN": 21.99800647727581,
        "N": 6,
        "ratio_1": 0.8939063560151654,
        "data_1": 3.219,
        "pred_1": 2.8774845600128174,
        "ratio_2": 0.9494105665322333,
        "data_2": 6.676,
        "pred_2": 6.3382649421691895,
        "ratio_3": 1.004929321003682,
        "data_3": 6.737,
        "pred_3": 6.770208835601807
      },
      {
        "file": "LHCb_8\\LHCb8.csv",
        "chi2dN": 5.686068015929999,
        "N": 7,
        "ratio_1": 0.8258840372421151,
        "data_1": 3.592273,
        "pred_1": 2.9668009281158447,
        "ratio_2": 0.8973592819297739,
        "data_2": 6.420833,
        "pred_2": 5.761794090270996,
        "ratio_3": 0.97260316709374,
        "data_3": 6.340833,
        "pred_3": 6.1671142578125
      }
    ]
  },
  "fit": {
    "elapsed_s": 8.991395999997621,
    "nf": 100,
    "flag": 1,
    "free_params": [
      0.3659703870923808,
      2.283129976294294,
      1.0312745567293369,
      2.18694736305482,
      -0.005166294440746455,
      -0.35358743419435434,
      0.011806014119948083,
      -0.43389233071542677,
      1.246950974900642,
      -1.4550242295791307,
      0.0
    ],
    "stage1_log10_chi2": 0.17035661426354703,
    "stage2_log10_chi2": 0.16199366118806308
  },
  "best": {
    "full_params": [
      0.3659703870923808,
      2.283129976294294,
      1.0312745567293369,
      2.18694736305482,
      -0.005166294440746455,
      -0.35358743419435434,
      0.011806014119948083,
      -0.43389233071542677,
      1.246950974900642,
      -1.4550242295791307,
      0.0
    ],