{
  "model": "poly_bstar_cslog",
  "label": "Poly-x bstar + CSlog",
  "table_name": "MSHT20N3LO-MC-0-0",
  "n": 0,
  "m": 0,
  "fit_name": "TableScan_poly_bstar_cslog_0_0",
  "np_name": "NP-TableScan_poly_bstar_cslog_0_0.cl",
  "param_names": [
    "lambda1",
    "lambda2",
    "lambda3",
    "lambda4",
    "alpha",
    "BNP",
    "c0",
    "c1"
  ],
  "free_idx": [
    0,
    1,
    2,
    3,
    4,
    5,
    6,
    7
  ],
  "frozen_idx": [],
  "initial": {
    "full_params": [
      1.04068048666,
      0.99850096912,
      -1.15183835919,
      0.190079827968,
      0.87422103378,
      1.52270546838,
      0.0818922818062,
      0.0202840470381
    ],
    "free_params": [
      1.04068048666,
      0.99850096912,
      -1.15183835919,
      0.190079827968,
      0.87422103378,
      1.52270546838,
      0.0818922818062,
      0.0202840470381
    ],
    "metrics": {
      "chi2dN_total": 5.501187331017015,
      "chi2dN_collider": 7.646317008166522,
      "chi2dN_fixed_target": 2.608512463345705,
      "highE_weighted_chi2dN": 16.31341343278301,
      "highE_mean_ratio_first3": 0.9864745457248251,
      "highE_mean_absdev_first3": 0.06690329541532433,
      "highE_mean_signed_first3": -0.01352545427517493,
      "highE_mean_shortfall_first3": 0.04021437484524963,
      "highE_mean_overshoot_first3": 0.026688920570074704,
      "cms_highmass_mean_ratio_first3": 1.053729884917258,
      "cms_highmass_mean_absdev_first3": 0.06262988812177002,
      "cms_highmass_mean_signed_first3": 0.053729884917257976,
      "zlike_mean_ratio_first3": 0.9416376529298698,
      "zlike_mean_absdev_first3": 0.06975223361102721,
      "zlike_mean_signed_first3": -0.0583623470701302,
      "compute_s": 0.0419217
    },
    "per_file_chi2dN": {
      "ATLAS_7\\ATLAS7-00y10.csv": 28.535962079744866,
      "ATLAS_7\\ATLAS7-10y20.csv": 17.221690330090322,
      "ATLAS_7\\ATLAS7-20y24.csv": 3.545326245732983,
      "ATLAS_8\\ATLAS8-00y04.csv": 57.07589016647123,
      "ATLAS_8\\ATLAS8-04y08.csv": 39.393533583868404,
      "ATLAS_8\\ATLAS8-08y12.csv": 25.381295562723164,
      "ATLAS_8\\ATLAS8-116Q150.csv": 2.2457741944511227,
      "ATLAS_8\\ATLAS8-12y16.csv": 28.192976342581787,
      "ATLAS_8\\ATLAS8-16y20.csv": 16.36173348055366,
      "ATLAS_8\\ATLAS8-20y24.csv": 11.445249847661694,
      "ATLAS_8\\ATLAS8-46Q66.csv": 9.579439819662245,
      "CDF_I\\CDF1.csv": 0.9396932068154734,
      "CDF_II\\CDF2.csv": 7.200794544231109,
      "CMS_7\\CMS7.csv": 2.3940529161678255,
      "CMS_8\\CMS8.csv": 2.238823511537327,
      "CMS_13\\CMS13-00y04.csv": 6.575585367349423,
      "CMS_13\\CMS13-04y08.csv": 2.814978669940314,
      "CMS_13\\CMS13-08y12.csv": 1.6216224308634908,
      "CMS_13\\CMS13-106Q170.csv": 4.139103751971502,
      "CMS_13\\CMS13-12y16.csv": 1.0300034349555913,
      "CMS_13\\CMS13-16y24.csv": 0.7156537126109578,
      "CMS_13\\CMS13-170Q350.csv": 1.62074397375592,
      "CMS_13\\CMS13-350Q1000.csv": 1.7685314006711061,
      "D0_I\\D01.csv": 2.608680865898705,
      "D0_II\\D02.csv": 1.7362596413287554,
      "D0_II_mu\\D02mu.csv": 12.937609906198661,
      "E288\\E228-200-4Q5.csv": 2.1062096133505133,
      "E288\\E228-200-5Q6.csv": 1.5074901097646938,
      "E288\\E228-200-6Q7.csv": 1.9774867207232443,
      "E288\\E228-200-7Q8.csv": 1.8073669634697862,
      "E288\\E228-200-8Q9.csv": 0.7890413994391504,
      "E288\\E228-300-11Q12.csv": 0.3241954946317169,
      "E288\\E228-300-4Q5.csv": 2.418826836210504,
      "E288\\E228-300-5Q6.csv": 1.1517015545849412,
      "E288\\E228-300-6Q7.csv": 3.995058256497478,
      "E288\\E228-300-7Q8.csv": 2.0421575314358402,
      "E288\\E228-300-8Q9.csv": 0.5897038897515978,
      "E288\\E228-400-11Q12.csv": 1.4566584470679123,
      "E288\\E228-400-12Q13.csv": 1.010780256550111,
      "E288\\E228-400-13Q14.csv": 0.6625170221344593,
      "E288\\E228-400-5Q6.csv": 2.2976558749693377,
      "E288\\E228-400-6Q7.csv": 10.382561997182227,
      "E288\\E228-400-7Q8.csv": 6.728723843532454,
      "E288\\E228-400-8Q9.csv": 7.39216334398189,
      "E605\\E605-10.5Q11.5.csv": 2.511534461971981,
      "E605\\E605-11.5Q13.5.csv": 3.1208565210682027,
      "E605\\E605-13.5Q18.csv": 2.9600553610908493,
      "E605\\E605-7Q8.csv": 0.9708382874417703,
      "E605\\E605-8Q9.csv": 0.9041477874952105,
      "E772\\E772-11Q12.csv": 3.8538620639074352,
      "E772\\E772-12Q13.csv": 5.194466389620335,
      "E772\\E772-13Q14.csv": 3.082448154353613,
      "E772\\E772-14Q15.csv": 0.39970227930421237,
      "LHCb_7\\LHCb7.csv": 3.5067713453397604,
      "LHCb_8\\LHCb8.csv": 5.436958523477307,
      "LHCb_13\\LHCb13.csv": 1.6526788341820142,
      "STAR\\STAR510.csv": 0.788143868047193
    },
    "high_energy_rows": [
      {
        "file": "CMS_13\\CMS13-170Q350.csv",
        "chi2dN": 1.62074397375592,
        "N": 10,
        "ratio_1": 0.9732999903864639,
        "data_1": 0.0344,
        "pred_1": 0.03348151966929436,
        "ratio_2": 1.053301266915667,
        "data_2": 0.0781,
        "pred_2": 0.08226282894611359,
        "ratio_3": 1.0945042492016457,
        "data_3": 0.0902,
        "pred_3": 0.09872428327798843
      },
      {
        "file": "CMS_13\\CMS13-350Q1000.csv",
        "chi2dN": 1.7685314006711061,
        "N": 11,
        "ratio_1": 1.0112433561256953,
        "data_1": 0.00238,
        "pred_1": 0.002406759187579155,
        "ratio_2": 1.0834591446724613,
        "data_2": 0.00565,
        "pred_2": 0.006121544167399406,
        "ratio_3": 1.1065713022016148,
        "data_3": 0.00699,
        "pred_3": 0.007734933402389288
      },
      {
        "file": "ATLAS_8\\ATLAS8-00y04.csv",
        "chi2dN": 57.07589016647123,
        "N": 6,
        "ratio_1": 0.8724558598650427,
        "data_1": 3.257,
        "pred_1": 2.8415887355804443,
        "ratio_2": 0.963169403849575,
        "data_2": 6.708,
        "pred_2": 6.460940361022949,
        "ratio_3": 1.0302360121039786,
        "data_3": 6.714,
        "pred_3": 6.917004585266113
      },
      {
        "file": "ATLAS_8\\ATLAS8-04y08.csv",
        "chi2dN": 39.393533583868404,
        "N": 6,
        "ratio_1": 0.8810855246878959,
        "data_1": 3.219,
        "pred_1": 2.836214303970337,
        "ratio_2": 0.9643175131978926,
        "data_2": 6.676,
        "pred_2": 6.437783718109131,
        "ratio_3": 1.0207988608214345,
        "data_3": 6.737,
        "pred_3": 6.877121925354004
      },
      {
        "file": "LHCb_8\\LHCb8.csv",
        "chi2dN": 5.436958523477307,
        "N": 7,
        "ratio_1": 0.820578299607326,
        "data_1": 3.592273,
        "pred_1": 2.9477412700653076,
        "ratio_2": 0.9218777857270595,
        "data_2": 6.420833,
        "pred_2": 5.919223308563232,
        "ratio_3": 1.0002196165086235,
        "data_3": 6.340833,
        "pred_3": 6.342225551605225
      }
    ]
  },
  "fit": {
    "elapsed_s": 9.346260499994969,
    "nf": 100,
    "flag": 1,
    "free_params": [
      1.010772850594574,
      1.1340986907971868,
      -3.5314513466895026,
      0.19589429575907957,
      0.7611740499311092,
      0.4,
      0.02797052588883161,
      0.025164512415619275
    ],
    "stage1_log10_chi2": -0.01063104272280391,
    "stage2_log10_chi2": -0.01202622474036577
  },
  "best": {
    "full_params": [
      1.010772850594574,
      1.1340986907971868,
      -3.5314513466895026,
      0.19589429575907957,
      0.7611740499311092,
      0.4,
      0.02797052588883161,
      0.025164512415619275
    ],
    "free_params": [
      1.010772850594574,
      1.1340986907971868,
      -3.5314513466895026,
      0.19589429575907957,
      0.7611740499311092,
      0.4,
      0.02797052588883161,
      0.025164512415619275
    ],
    "metrics": {
      "chi2dN_total": 0.9726893031479681,
      "chi2dN_collider": 1.0096661925348835,
      "chi2dN_fixed_target": 0.9228265280656126,
      "highE_weighted_chi2dN": 2.0713722153743794,
      "highE_mean_ratio_first3": 1.0267335400442221,