{
  "model": "poly_bstar_cslog",
  "label": "Poly-x bstar + CSlog",
  "table_name": "MSHT20N3LO-MC-4-4",
  "n": 4,
  "m": 4,
  "fit_name": "TableScan_poly_bstar_cslog_4_4",
  "np_name": "NP-TableScan_poly_bstar_cslog_4_4.cl",
  "param_names": [
    "lambda1",
    "lambda2",
    "lambda3",
    "lambda4",
    "alpha",
    "BNP",
    "c0",
    "c1"
  ],
  "free_idx": [
    0,
    1,
    2,
    3,
    4,
    5,
    6,
    7
  ],
  "frozen_idx": [],
  "initial": {
    "full_params": [
      1.04068048666,
      0.99850096912,
      -1.15183835919,
      0.190079827968,
      0.87422103378,
      1.52270546838,
      0.0818922818062,
      0.0202840470381
    ],
    "free_params": [
      1.04068048666,
      0.99850096912,
      -1.15183835919,
      0.190079827968,
      0.87422103378,
      1.52270546838,
      0.0818922818062,
      0.0202840470381
    ],
    "metrics": {
      "chi2dN_total": 3.8670441285089985,
      "chi2dN_collider": 5.343647228852602,
      "chi2dN_fixed_target": 1.875867220469899,
      "highE_weighted_chi2dN": 10.624473418360138,
      "highE_mean_ratio_first3": 0.9897198267671016,
      "highE_mean_absdev_first3": 0.061429547819677834,
      "highE_mean_signed_first3": -0.010280173232898678,
      "highE_mean_shortfall_first3": 0.03585486052628826,
      "highE_mean_overshoot_first3": 0.02557468729338958,
      "cms_highmass_mean_ratio_first3": 1.057483078201303,
      "cms_highmass_mean_absdev_first3": 0.059967351799940616,
      "cms_highmass_mean_signed_first3": 0.05748307820130294,
      "zlike_mean_ratio_first3": 0.9445443258109668,
      "zlike_mean_absdev_first3": 0.062404345166169314,
      "zlike_mean_signed_first3": -0.05545567418903309,
      "compute_s": 0.039697
    },
    "per_file_chi2dN": {
      "ATLAS_7\\ATLAS7-00y10.csv": 15.399736757685154,
      "ATLAS_7\\ATLAS7-10y20.csv": 13.026479271960037,
      "ATLAS_7\\ATLAS7-20y24.csv": 2.8253810697741737,
      "ATLAS_8\\ATLAS8-00y04.csv": 36.74245036748527,
      "ATLAS_8\\ATLAS8-04y08.csv": 23.628002990716695,
      "ATLAS_8\\ATLAS8-08y12.csv": 15.229813717474208,
      "ATLAS_8\\ATLAS8-116Q150.csv": 1.8210408003023941,
      "ATLAS_8\\ATLAS8-12y16.csv": 22.277476927969122,
      "ATLAS_8\\ATLAS8-16y20.csv": 13.21208709626172,
      "ATLAS_8\\ATLAS8-20y24.csv": 9.042717525422551,
      "ATLAS_8\\ATLAS8-46Q66.csv": 8.734166349696556,
      "CDF_I\\CDF1.csv": 0.7811312430534437,
      "CDF_II\\CDF2.csv": 5.085662578736059,
      "CMS_7\\CMS7.csv": 2.12372133860379,
      "CMS_8\\CMS8.csv": 1.8880047445936148,
      "CMS_13\\CMS13-00y04.csv": 4.59243762013258,
      "CMS_13\\CMS13-04y08.csv": 2.4295763001060875,
      "CMS_13\\CMS13-08y12.csv": 1.2030551654185258,
      "CMS_13\\CMS13-106Q170.csv": 2.8981001960384285,
      "CMS_13\\CMS13-12y16.csv": 0.7135078348917392,
      "CMS_13\\CMS13-16y24.csv": 0.50897646841949,
      "CMS_13\\CMS13-170Q350.csv": 1.3951481507404504,
      "CMS_13\\CMS13-350Q1000.csv": 1.7465315157635748,
      "D0_I\\D01.csv": 1.971340463649576,
      "D0_II\\D02.csv": 0.9622249157452851,
      "D0_II_mu\\D02mu.csv": 9.335045332555516,
      "E288\\E228-200-4Q5.csv": 1.3785767363782073,
      "E288\\E228-200-5Q6.csv": 1.0655816266834146,
      "E288\\E228-200-6Q7.csv": 1.5386641660864326,
      "E288\\E228-200-7Q8.csv": 1.5586676978443703,
      "E288\\E228-200-8Q9.csv": 0.7324063041551894,
      "E288\\E228-300-11Q12.csv": 0.3193758000480796,
      "E288\\E228-300-4Q5.csv": 1.7009224450840537,
      "E288\\E228-300-5Q6.csv": 0.613604341867916,
      "E288\\E228-300-6Q7.csv": 2.8030948583025803,
      "E288\\E228-300-7Q8.csv": 1.4117214171110148,
      "E288\\E228-300-8Q9.csv": 0.498560076211751,
      "E288\\E228-400-11Q12.csv": 1.2886413861880954,
      "E288\\E228-400-12Q13.csv": 0.914068210042258,
      "E288\\E228-400-13Q14.csv": 0.6154555199611982,
      "E288\\E228-400-5Q6.csv": 1.1402291268919802,
      "E288\\E228-400-6Q7.csv": 5.787472692318648,
      "E288\\E228-400-7Q8.csv": 3.832473462814381,
      "E288\\E228-400-8Q9.csv": 5.139710034562157,
      "E605\\E605-10.5Q11.5.csv": 1.6036470349570933,
      "E605\\E605-11.5Q13.5.csv": 2.167827466599036,
      "E605\\E605-13.5Q18.csv": 2.3672109368320844,
      "E605\\E605-7Q8.csv": 0.542372534824069,
      "E605\\E605-8Q9.csv": 0.5298641540510461,
      "E772\\E772-11Q12.csv": 3.114971438076343,
      "E772\\E772-12Q13.csv": 4.36434885925974,
      "E772\\E772-13Q14.csv": 2.8565671168647557,
      "E772\\E772-14Q15.csv": 0.3431517727071683,
      "LHCb_7\\LHCb7.csv": 2.7857029122466512,
      "LHCb_8\\LHCb8.csv": 4.2275554863414255,
      "LHCb_13\\LHCb13.csv": 1.483407635690045,
      "STAR\\STAR510.csv": 0.8608856159781979
    },
    "high_energy_rows": [
      {
        "file": "CMS_13\\CMS13-170Q350.csv",
        "chi2dN": 1.3951481507404504,
        "N": 10,
        "ratio_1": 0.992547179204087,
        "data_1": 0.0344,
        "pred_1": 0.03414362296462059,
        "ratio_2": 1.0524226517133919,
        "data_2": 0.0781,
        "pred_2": 0.08219420909881592,
        "ratio_3": 1.0879406346185774,
        "data_3": 0.0902,
        "pred_3": 0.09813224524259567
      },
      {
        "file": "CMS_13\\CMS13-350Q1000.csv",
        "chi2dN": 1.7465315157635748,
        "N": 11,
        "ratio_1": 1.0258805773714008,
        "data_1": 0.00238,
        "pred_1": 0.0024415957741439342,
        "ratio_2": 1.0843157141873268,
        "data_2": 0.00565,
        "pred_2": 0.006126383785158396,
        "ratio_3": 1.1017917121130338,
        "data_3": 0.00699,
        "pred_3": 0.007701524067670107
      },
      {
        "file": "ATLAS_8\\ATLAS8-00y04.csv",
        "chi2dN": 36.74245036748527,
        "N": 6,
        "ratio_1": 0.8986248792883147,
        "data_1": 3.257,
        "pred_1": 2.926821231842041,
        "ratio_2": 0.9576319653005492,
        "data_2": 6.708,
        "pred_2": 6.423795223236084,
        "ratio_3": 1.0202821607138026,
        "data_3": 6.714,
        "pred_3": 6.850174427032471
      },
      {
        "file": "ATLAS_8\\ATLAS8-04y08.csv",
        "chi2dN": 23.628002990716695,
        "N": 6,
        "ratio_1": 0.9076366442336397,
        "data_1": 3.219,
        "pred_1": 2.921682357788086,
        "ratio_2": 0.9586503221432987,
        "data_2": 6.676,
        "pred_2": 6.399949550628662,
        "ratio_3": 1.0109868586833104,
        "data_3": 6.737,
        "pred_3": 6.811018466949463
      },
      {
        "file": "LHCb_8\\LHCb8.csv",
        "chi2dN": 4.2275554863414255,
        "N": 7,
        "ratio_1": 0.8457169378823074,
        "data_1": 3.592273,
        "pred_1": 3.03804612159729,
        "ratio_2": 0.9149916503152858,
        "data_2": 6.420833,
        "pred_2": 5.875008583068848,
        "ratio_3": 0.9863775137381937,
        "data_3": 6.340833,
        "pred_3": 6.254455089569092
      }
    ]
  },
  "fit": {
    "elapsed_s": 9.190192099995329,
    "nf": 100,
    "flag": 1,
    "free_params": [
      0.799249493417207,
      0.5286218870971308,
      -1.5844937734018227,
      0.1483322337593188,
      0.7554250483716298,
      2.7625483857676922,
      0.05958611907519596,
      0.025216314364920844
    ],
    "stage1_log10_chi2": 0.0676332406321531,
    "stage2_log10_chi2": 0.06462911949628537
  },
  "best": {
    "full_params": [
      0.799249493417207,
      0.5286218870971308,
      -1.5844937734018227,
      0.1483322337593188,
      0.7554250483716298,
      2.7625483857676922,
      0.05958611907519596,
      0.025216314364920844
    ],
    "free_params": [
      0.799249493417207,
      0.5286218870971308,
      -1.5844937734018227,
      0.1483322337593188,
      0.7554250483716298,
      2.7625483857676922,
      0.05958611907519596,
      0.025216314364920844
    ],
    "metrics": {
      "chi2dN_total": 1.1604536387757094,
      "chi2dN_collider": 1.2580577857249107,
      "chi2dN_fixed_target": 1.0288359254654222,
      "highE_weighted_chi2dN": 2.441436241230499,
      "highE_mean_ratio_first3": 1.0353773043508052,