{
  "model": "poly_bstar_cslog",
  "label": "Poly-x bstar + CSlog",
  "table_name": "MSHT20N3LO-MC-0-2",
  "n": 0,
  "m": 2,
  "fit_name": "TableScan_poly_bstar_cslog_0_2",
  "np_name": "NP-TableScan_poly_bstar_cslog_0_2.cl",
  "param_names": [
    "lambda1",
    "lambda2",
    "lambda3",
    "lambda4",
    "alpha",
    "BNP",
    "c0",
    "c1"
  ],
  "free_idx": [
    0,
    1,
    2,
    3,
    4,
    5,
    6,
    7
  ],
  "frozen_idx": [],
  "initial": {
    "full_params": [
      1.04068048666,
      0.99850096912,
      -1.15183835919,
      0.190079827968,
      0.87422103378,
      1.52270546838,
      0.0818922818062,
      0.0202840470381
    ],
    "free_params": [
      1.04068048666,
      0.99850096912,
      -1.15183835919,
      0.190079827968,
      0.87422103378,
      1.52270546838,
      0.0818922818062,
      0.0202840470381
    ],
    "metrics": {
      "chi2dN_total": 0.8355839834647965,
      "chi2dN_collider": 0.9006896692453497,
      "chi2dN_fixed_target": 0.7477899526395059,
      "highE_weighted_chi2dN": 1.5022131483898284,
      "highE_mean_ratio_first3": 1.0277683039390837,
      "highE_mean_absdev_first3": 0.05276566450649412,
      "highE_mean_signed_first3": 0.027768303939083708,
      "highE_mean_shortfall_first3": 0.012498680283705207,
      "highE_mean_overshoot_first3": 0.04026698422278892,
      "cms_highmass_mean_ratio_first3": 1.0998543555242437,
      "cms_highmass_mean_absdev_first3": 0.09985435552424397,
      "cms_highmass_mean_signed_first3": 0.09985435552424397,
      "zlike_mean_ratio_first3": 0.9797109362156436,
      "zlike_mean_absdev_first3": 0.021373203827994222,
      "zlike_mean_signed_first3": -0.020289063784356465,
      "compute_s": 0.041909
    },
    "per_file_chi2dN": {
      "ATLAS_7\\ATLAS7-00y10.csv": 0.42179734301725685,
      "ATLAS_7\\ATLAS7-10y20.csv": 3.4164503298050994,
      "ATLAS_7\\ATLAS7-20y24.csv": 1.3160261307189731,
      "ATLAS_8\\ATLAS8-00y04.csv": 3.522893820314367,
      "ATLAS_8\\ATLAS8-04y08.csv": 1.1452996408633636,
      "ATLAS_8\\ATLAS8-08y12.csv": 0.7646207653735787,
      "ATLAS_8\\ATLAS8-116Q150.csv": 0.5472637266387227,
      "ATLAS_8\\ATLAS8-12y16.csv": 1.2413658875216151,
      "ATLAS_8\\ATLAS8-16y20.csv": 0.9928987343082957,
      "ATLAS_8\\ATLAS8-20y24.csv": 0.9115756668309744,
      "ATLAS_8\\ATLAS8-46Q66.csv": 0.34341407993244766,
      "CDF_I\\CDF1.csv": 0.4947201117112365,
      "CDF_II\\CDF2.csv": 0.7585091161723452,
      "CMS_7\\CMS7.csv": 1.4436230939703791,
      "CMS_8\\CMS8.csv": 0.7368815850121676,
      "CMS_13\\CMS13-00y04.csv": 1.3990949327124746,
      "CMS_13\\CMS13-04y08.csv": 0.8482667522289906,
      "CMS_13\\CMS13-08y12.csv": 0.46662852664947935,
      "CMS_13\\CMS13-106Q170.csv": 0.8196775888551733,
      "CMS_13\\CMS13-12y16.csv": 0.2561989025120899,
      "CMS_13\\CMS13-16y24.csv": 0.2637123216739714,
      "CMS_13\\CMS13-170Q350.csv": 1.0645697192415002,
      "CMS_13\\CMS13-350Q1000.csv": 1.5503200827042496,
      "D0_I\\D01.csv": 0.6139572551379723,
      "D0_II\\D02.csv": 0.6289038725238274,
      "D0_II_mu\\D02mu.csv": 0.31194448895510996,
      "E288\\E228-200-4Q5.csv": 0.4585265450703466,
      "E288\\E228-200-5Q6.csv": 0.30991744962423884,
      "E288\\E228-200-6Q7.csv": 0.3218763947360638,
      "E288\\E228-200-7Q8.csv": 0.1375553329221328,
      "E288\\E228-200-8Q9.csv": 0.46326061012715736,
      "E288\\E228-300-11Q12.csv": 0.28523605184925577,
      "E288\\E228-300-4Q5.csv": 1.3952433474098749,
      "E288\\E228-300-5Q6.csv": 0.2622944221038878,
      "E288\\E228-300-6Q7.csv": 0.2959129601787654,
      "E288\\E228-300-7Q8.csv": 0.11060721714300469,
      "E288\\E228-300-8Q9.csv": 1.1196381286497334,
      "E288\\E228-400-11Q12.csv": 0.6879992107511139,
      "E288\\E228-400-12Q13.csv": 0.8742744688251424,
      "E288\\E228-400-13Q14.csv": 0.5762284928535096,
      "E288\\E228-400-5Q6.csv": 0.7444434434998093,
      "E288\\E228-400-6Q7.csv": 1.2498021463631581,
      "E288\\E228-400-7Q8.csv": 0.5536214119584505,
      "E288\\E228-400-8Q9.csv": 0.7883153719460506,
      "E605\\E605-10.5Q11.5.csv": 0.22944903472422032,
      "E605\\E605-11.5Q13.5.csv": 0.4556148654650416,
      "E605\\E605-13.5Q18.csv": 0.8993998844623046,
      "E605\\E605-7Q8.csv": 0.2420918215824632,
      "E605\\E605-8Q9.csv": 0.42999623377213586,
      "E772\\E772-11Q12.csv": 1.6750048561763236,
      "E772\\E772-12Q13.csv": 2.4068021920547635,
      "E772\\E772-13Q14.csv": 2.4958626917647075,
      "E772\\E772-14Q15.csv": 0.21760906213752554,
      "LHCb_7\\LHCb7.csv": 0.8714217842666946,
      "LHCb_8\\LHCb8.csv": 0.6257352951950014,
      "LHCb_13\\LHCb13.csv": 0.6534461763924675,
      "STAR\\STAR510.csv": 1.2463038505331465
    },
    "high_energy_rows": [
      {
        "file": "CMS_13\\CMS13-170Q350.csv",
        "chi2dN": 1.0645697192415002,
        "N": 10,
        "ratio_1": 1.0763802890514218,
        "data_1": 0.0344,
        "pred_1": 0.03702748194336891,
        "ratio_2": 1.0932974336089305,
        "data_2": 0.0781,
        "pred_2": 0.08538652956485748,
        "ratio_3": 1.0840382484797628,
        "data_3": 0.0902,
        "pred_3": 0.0977802500128746
      },
      {
        "file": "CMS_13\\CMS13-350Q1000.csv",
        "chi2dN": 1.5503200827042496,
        "N": 11,
        "ratio_1": 1.1109948518271204,
        "data_1": 0.00238,
        "pred_1": 0.002644167747348547,
        "ratio_2": 1.1299676632722924,
        "data_2": 0.00565,
        "pred_2": 0.006384317297488451,
        "ratio_3": 1.1044476469059359,
        "data_3": 0.00699,
        "pred_3": 0.007720089051872492
      },
      {
        "file": "ATLAS_8\\ATLAS8-00y04.csv",
        "chi2dN": 3.522893820314367,
        "N": 6,
        "ratio_1": 0.9784254150812267,
        "data_1": 3.257,
        "pred_1": 3.1867315769195557,
        "ratio_2": 0.9911598445548851,
        "data_2": 6.708,
        "pred_2": 6.64870023727417,
        "ratio_3": 1.00487863019637,
        "data_3": 6.714,
        "pred_3": 6.746755123138428
      },
      {
        "file": "ATLAS_8\\ATLAS8-04y08.csv",
        "chi2dN": 1.1452996408633636,
        "N": 6,
        "ratio_1": 0.9891052133513372,
        "data_1": 3.219,
        "pred_1": 3.183929681777954,
        "ratio_2": 0.9921085627368997,
        "data_2": 6.676,
        "pred_2": 6.623316764831543,
        "ratio_3": 0.9949645780926025,
        "data_3": 6.737,
        "pred_3": 6.703076362609863
      },
      {
        "file": "LHCb_8\\LHCb8.csv",
        "chi2dN": 0.6257352951950014,
        "N": 7,
        "ratio_1": 0.9370185399382996,
        "data_1": 3.592273,
        "pred_1": 3.3660264015197754,
        "ratio_2": 0.9564750370833514,
        "data_2": 6.420833,
        "pred_2": 6.141366481781006,
        "ratio_3": 0.9732626049058196,
        "data_3": 6.340833,
        "pred_3": 6.171295642852783
      }
    ]
  },
  "fit": {
    "elapsed_s": 8.518807500004186,
    "nf": 92,
    "flag": 1,
    "free_params": [
      1.0441241444400327,
      1.0000077096932067,
      -1.160846111566645,
      0.1903232181945974,
      0.8718476502677895,
      1.5233321391171235,
      0.08183383642098442,
      0.020249889683812108
    ],
    "stage1_log10_chi2": -0.0780190886714826,
    "stage2_log10_chi2": -0.07802911107765806
  },
  "best": {
    "full_params": [
      1.0441241444400327,
      1.0000077096932067,
      -1.160846111566645,
      0.1903232181945974,
      0.8718476502677895,
      1.5233321391171235,
      0.08183383642098442,
      0.020249889683812108
    ],
    "free_params": [
      1.0441241444400327,
      1.0000077096932067,
      -1.160846111566645,
      0.1903232181945974,
      0.8718476502677895,
      1.5233321391171235,
      0.08183383642098442,
      0.020249889683812108
    ],
    "metrics": {
      "chi2dN_total": 0.8355492479419847,
      "chi2dN_collider": 0.9006936112178517,
      "chi2dN_fixed_target": 0.7477030611002855,
      "highE_weighted_chi2dN": 1.501819477017249,