{
  "model": "poly_bstar_cslog_loggauss",
  "label": "Poly-x bstar + CSlog + loggauss",
  "table_name": "MSHT20N3LO-MC-0-0",
  "n": 0,
  "m": 0,
  "fit_name": "TableScan_poly_bstar_cslog_loggauss_0_0",
  "np_name": "NP-TableScan_poly_bstar_cslog_loggauss_0_0.cl",
  "param_names": [
    "lambda1",
    "lambda2",
    "lambda3",
    "lambda4",
    "alpha",
    "logx0",
    "sigx",
    "amp",
    "BNP",
    "c0",
    "c1"
  ],
  "free_idx": [
    0,
    1,
    2,
    3,
    4,
    5,
    6,
    7,
    8,
    9,
    10
  ],
  "frozen_idx": [],
  "initial": {
    "full_params": [
      0.751883428893,
      0.984075235429,
      -0.617288022623,
      0.0559830930086,
      0.802884531187,
      -4.52591784597,
      0.341294297697,
      -0.337847161581,
      1.62253640916,
      0.0749520392547,
      0.0199290726875
    ],
    "free_params": [
      0.751883428893,
      0.984075235429,
      -0.617288022623,
      0.0559830930086,
      0.802884531187,
      -4.52591784597,
      0.341294297697,
      -0.337847161581,
      1.62253640916,
      0.0749520392547,
      0.0199290726875
    ],
    "metrics": {
      "chi2dN_total": 5.445004099358362,
      "chi2dN_collider": 7.57687509301957,
      "chi2dN_fixed_target": 2.570208365481886,
      "highE_weighted_chi2dN": 15.285029189012096,
      "highE_mean_ratio_first3": 0.9883151323025362,
      "highE_mean_absdev_first3": 0.06547471734822308,
      "highE_mean_signed_first3": -0.011684867697463701,
      "highE_mean_shortfall_first3": 0.03857979252284339,
      "highE_mean_overshoot_first3": 0.02689492482537969,
      "cms_highmass_mean_ratio_first3": 1.054514536172072,
      "cms_highmass_mean_absdev_first3": 0.06326036578293359,
      "cms_highmass_mean_signed_first3": 0.054514536172072026,
      "zlike_mean_ratio_first3": 0.9441821963895125,
      "zlike_mean_absdev_first3": 0.06695095172508274,
      "zlike_mean_signed_first3": -0.05581780361048752,
      "compute_s": 0.0423108
    },
    "per_file_chi2dN": {
      "ATLAS_7\\ATLAS7-00y10.csv": 27.65350482847522,
      "ATLAS_7\\ATLAS7-10y20.csv": 18.61054623631376,
      "ATLAS_7\\ATLAS7-20y24.csv": 3.5114501181142725,
      "ATLAS_8\\ATLAS8-00y04.csv": 50.4936431296162,
      "ATLAS_8\\ATLAS8-04y08.csv": 39.99794383603833,
      "ATLAS_8\\ATLAS8-08y12.csv": 27.85025617950403,
      "ATLAS_8\\ATLAS8-116Q150.csv": 2.228695360336301,
      "ATLAS_8\\ATLAS8-12y16.csv": 30.174619555005922,
      "ATLAS_8\\ATLAS8-16y20.csv": 16.73875847142857,
      "ATLAS_8\\ATLAS8-20y24.csv": 11.160593110677667,
      "ATLAS_8\\ATLAS8-46Q66.csv": 10.016030394720453,
      "CDF_I\\CDF1.csv": 0.9319902968696858,
      "CDF_II\\CDF2.csv": 7.0950491448319095,
      "CMS_7\\CMS7.csv": 2.4492783129897164,
      "CMS_8\\CMS8.csv": 2.2729054725481133,
      "CMS_13\\CMS13-00y04.csv": 6.396497065607644,
      "CMS_13\\CMS13-04y08.csv": 2.748849350436742,
      "CMS_13\\CMS13-08y12.csv": 1.703821461099483,
      "CMS_13\\CMS13-106Q170.csv": 4.141647949769251,
      "CMS_13\\CMS13-12y16.csv": 1.1035979344297135,
      "CMS_13\\CMS13-16y24.csv": 0.716861538100129,
      "CMS_13\\CMS13-170Q350.csv": 1.5977401818010106,
      "CMS_13\\CMS13-350Q1000.csv": 1.752602959105389,
      "D0_I\\D01.csv": 2.586674711781379,
      "D0_II\\D02.csv": 1.7140203878233329,
      "D0_II_mu\\D02mu.csv": 13.121543151357223,
      "E288\\E228-200-4Q5.csv": 2.1551462685596032,
      "E288\\E228-200-5Q6.csv": 1.5310566516067416,
      "E288\\E228-200-6Q7.csv": 1.9387576132374094,
      "E288\\E228-200-7Q8.csv": 1.7661542671152437,
      "E288\\E228-200-8Q9.csv": 0.7793159221094893,
      "E288\\E228-300-11Q12.csv": 0.32009529891639965,
      "E288\\E228-300-4Q5.csv": 2.447522097617412,
      "E288\\E228-300-5Q6.csv": 1.1847386173555363,
      "E288\\E228-300-6Q7.csv": 3.89925627538744,
      "E288\\E228-300-7Q8.csv": 2.003285949200273,
      "E288\\E228-300-8Q9.csv": 0.5964696643994749,
      "E288\\E228-400-11Q12.csv": 1.4313150309372422,
      "E288\\E228-400-12Q13.csv": 1.0000574382872296,
      "E288\\E228-400-13Q14.csv": 0.6526514243125903,
      "E288\\E228-400-5Q6.csv": 2.2813310534996765,
      "E288\\E228-400-6Q7.csv": 10.100345940329158,
      "E288\\E228-400-7Q8.csv": 6.56363531491443,
      "E288\\E228-400-8Q9.csv": 7.218255572056902,
      "E605\\E605-10.5Q11.5.csv": 2.4800569934278576,
      "E605\\E605-11.5Q13.5.csv": 3.0823220567383136,
      "E605\\E605-13.5Q18.csv": 2.924175693996624,
      "E605\\E605-7Q8.csv": 0.9994069790409066,
      "E605\\E605-8Q9.csv": 0.9204680792070737,
      "E772\\E772-11Q12.csv": 3.817464478611401,
      "E772\\E772-12Q13.csv": 5.13451802466945,
      "E772\\E772-13Q14.csv": 3.039213712284559,
      "E772\\E772-14Q15.csv": 0.4044185372057158,
      "LHCb_7\\LHCb7.csv": 3.1365887722065566,
      "LHCb_8\\LHCb8.csv": 4.7422301997696,
      "LHCb_13\\LHCb13.csv": 1.237003931683537,
      "STAR\\STAR510.csv": 0.7777629259745052
    },
    "high_energy_rows": [
      {
        "file": "CMS_13\\CMS13-170Q350.csv",
        "chi2dN": 1.5977401818010106,
        "N": 10,
        "ratio_1": 0.9737625111674153,
        "data_1": 0.0344,
        "pred_1": 0.03349743038415909,
        "ratio_2": 1.0533684270787942,
        "data_2": 0.0781,
        "pred_2": 0.08226807415485382,
        "ratio_3": 1.0939427298347066,
        "data_3": 0.0902,
        "pred_3": 0.09867363423109055
      },
      {
        "file": "CMS_13\\CMS13-350Q1000.csv",
        "chi2dN": 1.752602959105389,
        "N": 11,
        "ratio_1": 1.014140630219163,
        "data_1": 0.00238,
        "pred_1": 0.002413654699921608,
        "ratio_2": 1.0852210751149507,
        "data_2": 0.00565,
        "pred_2": 0.006131499074399471,
        "ratio_3": 1.1066518436174024,
        "data_3": 0.00699,
        "pred_3": 0.007735496386885643
      },
      {
        "file": "ATLAS_8\\ATLAS8-00y04.csv",
        "chi2dN": 50.4936431296162,
        "N": 6,
        "ratio_1": 0.8814972457909166,
        "data_1": 3.257,
        "pred_1": 2.8710365295410156,
        "ratio_2": 0.9679607358374053,
        "data_2": 6.708,
        "pred_2": 6.4930806159973145,
        "ratio_3": 1.0292655057341775,
        "data_3": 6.714,
        "pred_3": 6.910488605499268
      },
      {
        "file": "ATLAS_8\\ATLAS8-04y08.csv",
        "chi2dN": 39.99794383603833,
        "N": 6,
        "ratio_1": 0.8773937029807455,
        "data_1": 3.219,
        "pred_1": 2.8243303298950195,
        "ratio_2": 0.961915970991442,
        "data_2": 6.676,
        "pred_2": 6.421751022338867,
        "ratio_3": 1.0199679170427043,
        "data_3": 6.737,
        "pred_3": 6.871523857116699
      },
      {
        "file": "LHCb_8\\LHCb8.csv",
        "chi2dN": 4.7422301997696,
        "N": 7,
        "ratio_1": 0.8309427463377549,
        "data_1": 3.592273,
        "pred_1": 2.984973192214966,
        "ratio_2": 0.9278301990516696,
        "data_2": 6.420833,
        "pred_2": 5.957442760467529,
        "ratio_3": 1.0008657437387967,
        "data_3": 6.340833,
        "pred_3": 6.346322536468506
      }
    ]
  },
  "fit": {
    "elapsed_s": 9.190689999988535,
    "nf": 100,
    "flag": 1,
    "free_params": [
      0.6532082614018725,
      0.9792051768283015,
      -2.992347531637086,
      0.07402908195317848,
      0.8138593433509397,
      -4.319943225677133,
      0.5891567099803154,
      -0.3641935098162732,
      0.4312224306243987,
      0.02699026963199342,
      0.016024431984375788
    ],
    "stage1_log10_chi2": -5.8745283494593836e-05,
    "stage2_log10_chi2": -0.011304407327829703
  },
  "best": {
    "full_params": [
      0.6532082614018725,
      0.9792051768283015,
      -2.992347531637086,
      0.07402908195317848,
      0.8138593433509397,
      -4.319943225677133,
      0.5891567099803154,
      -0.3641935098162732,
      0.4312224306243987,
      0.02699026963199342,
      0.016024431984375788
    ],