{
  "model": "poly_bstar_cslog_loggauss",
  "label": "Poly-x bstar + CSlog + loggauss",
  "table_name": "MSHT20N3LO-MC-4-4",
  "n": 4,
  "m": 4,
  "fit_name": "TableScan_poly_bstar_cslog_loggauss_4_4",
  "np_name": "NP-TableScan_poly_bstar_cslog_loggauss_4_4.cl",
  "param_names": [
    "lambda1",
    "lambda2",
    "lambda3",
    "lambda4",
    "alpha",
    "logx0",
    "sigx",
    "amp",
    "BNP",
    "c0",
    "c1"
  ],
  "free_idx": [
    0,
    1,
    2,
    3,
    4,
    5,
    6,
    7,
    8,
    9,
    10
  ],
  "frozen_idx": [],
  "initial": {
    "full_params": [
      0.751883428893,
      0.984075235429,
      -0.617288022623,
      0.0559830930086,
      0.802884531187,
      -4.52591784597,
      0.341294297697,
      -0.337847161581,
      1.62253640916,
      0.0749520392547,
      0.0199290726875
    ],
    "free_params": [
      0.751883428893,
      0.984075235429,
      -0.617288022623,
      0.0559830930086,
      0.802884531187,
      -4.52591784597,
      0.341294297697,
      -0.337847161581,
      1.62253640916,
      0.0749520392547,
      0.0199290726875
    ],
    "metrics": {
      "chi2dN_total": 3.823479862880493,
      "chi2dN_collider": 5.28466057670969,
      "chi2dN_fixed_target": 1.853099809383549,
      "highE_weighted_chi2dN": 9.67253026959469,
      "highE_mean_ratio_first3": 0.991536493102542,
      "highE_mean_absdev_first3": 0.059928109576995445,
      "highE_mean_signed_first3": -0.008463506897458117,
      "highE_mean_shortfall_first3": 0.03419580823722678,
      "highE_mean_overshoot_first3": 0.025732301339768664,
      "cms_highmass_mean_ratio_first3": 1.0582846335984668,
      "cms_highmass_mean_absdev_first3": 0.060614914092325146,
      "cms_highmass_mean_signed_first3": 0.05828463359846692,
      "zlike_mean_ratio_first3": 0.9470377327719253,
      "zlike_mean_absdev_first3": 0.059470239900108975,
      "zlike_mean_signed_first3": -0.05296226722807481,
      "compute_s": 0.0391603
    },
    "per_file_chi2dN": {
      "ATLAS_7\\ATLAS7-00y10.csv": 14.677661068113755,
      "ATLAS_7\\ATLAS7-10y20.csv": 14.208262328338334,
      "ATLAS_7\\ATLAS7-20y24.csv": 2.8118038837235946,
      "ATLAS_8\\ATLAS8-00y04.csv": 30.657653976154972,
      "ATLAS_8\\ATLAS8-04y08.csv": 24.21140936618812,
      "ATLAS_8\\ATLAS8-08y12.csv": 17.605709594025225,
      "ATLAS_8\\ATLAS8-116Q150.csv": 1.8088257778856345,
      "ATLAS_8\\ATLAS8-12y16.csv": 24.074469982751122,
      "ATLAS_8\\ATLAS8-16y20.csv": 13.55070879321386,
      "ATLAS_8\\ATLAS8-20y24.csv": 8.793882462424849,
      "ATLAS_8\\ATLAS8-46Q66.csv": 9.12113639167843,
      "CDF_I\\CDF1.csv": 0.7758300345842433,
      "CDF_II\\CDF2.csv": 5.008468208905901,
      "CMS_7\\CMS7.csv": 2.176793405795105,
      "CMS_8\\CMS8.csv": 1.923788451858278,
      "CMS_13\\CMS13-00y04.csv": 4.423360055809558,
      "CMS_13\\CMS13-04y08.csv": 2.3654439120721165,
      "CMS_13\\CMS13-08y12.csv": 1.2813675914719838,
      "CMS_13\\CMS13-106Q170.csv": 2.907188863562106,
      "CMS_13\\CMS13-12y16.csv": 0.7881840661895644,
      "CMS_13\\CMS13-16y24.csv": 0.5112210099506789,
      "CMS_13\\CMS13-170Q350.csv": 1.3741309575043341,
      "CMS_13\\CMS13-350Q1000.csv": 1.7311103917561619,
      "D0_I\\D01.csv": 1.9539390171578332,
      "D0_II\\D02.csv": 0.9457810088618943,
      "D0_II_mu\\D02mu.csv": 9.494200988138866,
      "E288\\E228-200-4Q5.csv": 1.4489400708380167,
      "E288\\E228-200-5Q6.csv": 1.098643089260877,
      "E288\\E228-200-6Q7.csv": 1.510596915528632,
      "E288\\E228-200-7Q8.csv": 1.5194349521066604,
      "E288\\E228-200-8Q9.csv": 0.720791032999596,
      "E288\\E228-300-11Q12.csv": 0.31470084544517035,
      "E288\\E228-300-4Q5.csv": 1.737246859321747,
      "E288\\E228-300-5Q6.csv": 0.6563430822693757,
      "E288\\E228-300-6Q7.csv": 2.734041866128488,
      "E288\\E228-300-7Q8.csv": 1.389277995964606,
      "E288\\E228-300-8Q9.csv": 0.5077443902504192,
      "E288\\E228-400-11Q12.csv": 1.2667801522110143,
      "E288\\E228-400-12Q13.csv": 0.9074535248207051,
      "E288\\E228-400-13Q14.csv": 0.606705955493423,
      "E288\\E228-400-5Q6.csv": 1.1463475169526491,
      "E288\\E228-400-6Q7.csv": 5.615004875859621,
      "E288\\E228-400-7Q8.csv": 3.7406260973508796,
      "E288\\E228-400-8Q9.csv": 5.007712933433731,
      "E605\\E605-10.5Q11.5.csv": 1.5899709954802013,
      "E605\\E605-11.5Q13.5.csv": 2.150837406753538,
      "E605\\E605-13.5Q18.csv": 2.344303120320581,
      "E605\\E605-7Q8.csv": 0.5771155449873983,
      "E605\\E605-8Q9.csv": 0.5484376504231185,
      "E772\\E772-11Q12.csv": 3.0922678665944456,
      "E772\\E772-12Q13.csv": 4.3228081975865535,
      "E772\\E772-13Q14.csv": 2.811916301453502,
      "E772\\E772-14Q15.csv": 0.3481684719926945,
      "LHCb_7\\LHCb7.csv": 2.448374243621385,
      "LHCb_8\\LHCb8.csv": 3.557615263623989,
      "LHCb_13\\LHCb13.csv": 1.134280500345114,
      "STAR\\STAR510.csv": 0.8564863447543564
    },
    "high_energy_rows": [
      {
        "file": "CMS_13\\CMS13-170Q350.csv",
        "chi2dN": 1.3741309575043341,
        "N": 10,
        "ratio_1": 0.9930091585184253,
        "data_1": 0.0344,
        "pred_1": 0.03415951505303383,
        "ratio_2": 1.0525084144785217,
        "data_2": 0.0781,
        "pred_2": 0.08220090717077255,
        "ratio_3": 1.0873412841439511,
        "data_3": 0.0902,
        "pred_3": 0.0980781838297844
      },
      {
        "file": "CMS_13\\CMS13-350Q1000.csv",
        "chi2dN": 1.7311103917561619,
        "N": 11,
        "ratio_1": 1.0290558786452317,
        "data_1": 0.00238,
        "pred_1": 0.0024491529911756516,
        "ratio_2": 1.0860146773336208,
        "data_2": 0.00565,
        "pred_2": 0.0061359829269349575,
        "ratio_3": 1.1017783884710508,
        "data_3": 0.00699,
        "pred_3": 0.007701430935412645
      },
      {
        "file": "ATLAS_8\\ATLAS8-00y04.csv",
        "chi2dN": 30.657653976154972,
        "N": 6,
        "ratio_1": 0.9092357870915347,
        "data_1": 3.257,
        "pred_1": 2.961380958557129,
        "ratio_2": 0.9616356771761417,
        "data_2": 6.708,
        "pred_2": 6.450652122497559,
        "ratio_3": 1.0190827526220936,
        "data_3": 6.714,
        "pred_3": 6.842121601104736
      },
      {
        "file": "ATLAS_8\\ATLAS8-04y08.csv",
        "chi2dN": 24.21140936618812,
        "N": 6,
        "ratio_1": 0.9031863122224882,
        "data_1": 3.219,
        "pred_1": 2.9073567390441895,
        "ratio_2": 0.956644977617578,
        "data_2": 6.676,
        "pred_2": 6.386561870574951,
        "ratio_3": 1.0102031244020602,
        "data_3": 6.737,
        "pred_3": 6.80573844909668
      },
      {
        "file": "LHCb_8\\LHCb8.csv",
        "chi2dN": 3.557615263623989,
        "N": 7,
        "ratio_1": 0.8576901894996205,
        "data_1": 3.592273,
        "pred_1": 3.08105731010437,
        "ratio_2": 0.9194649462605884,
        "data_2": 6.420833,
        "pred_2": 5.903730869293213,
        "ratio_3": 0.9861958280552213,
        "data_3": 6.340833,
        "pred_3": 6.253303050994873
      }
    ]
  },
  "fit": {
    "elapsed_s": 8.96701779999421,
    "nf": 100,
    "flag": 1,
    "free_params": [
      0.44816368932643497,
      0.9959488824497941,
      -0.6697177744406542,
      0.012058134871814397,
      0.86606874309279,
      -4.372145722198155,
      0.16282757096488193,
      -0.2869166115447328,
      1.8781147217346312,
      0.049033997623736315,
      0.028909148659621346
    ],
    "stage1_log10_chi2": 0.11714185043229036,
    "stage2_log10_chi2": 0.09521586032188914
  },
  "best": {
    "full_params": [
      0.44816368932643497,
      0.9959488824497941,
      -0.6697177744406542,
      0.012058134871814397,
      0.86606874309279,
      -4.372145722198155,
      0.16282757096488193,
      -0.2869166115447328,
      1.8781147217346312,
      0.049033997623736315,
      0.028909148659621346
    ],