{
  "model": "poly_bstar_cslog_loggauss",
  "label": "Poly-x bstar + CSlog + loggauss",
  "table_name": "MSHT20N3LO-MC-0-2",
  "n": 0,
  "m": 2,
  "fit_name": "TableScan_poly_bstar_cslog_loggauss_0_2",
  "np_name": "NP-TableScan_poly_bstar_cslog_loggauss_0_2.cl",
  "param_names": [
    "lambda1",
    "lambda2",
    "lambda3",
    "lambda4",
    "alpha",
    "logx0",
    "sigx",
    "amp",
    "BNP",
    "c0",
    "c1"
  ],
  "free_idx": [
    0,
    1,
    2,
    3,
    4,
    5,
    6,
    7,
    8,
    9,
    10
  ],
  "frozen_idx": [],
  "initial": {
    "full_params": [
      0.751883428893,
      0.984075235429,
      -0.617288022623,
      0.0559830930086,
      0.802884531187,
      -4.52591784597,
      0.341294297697,
      -0.337847161581,
      1.62253640916,
      0.0749520392547,
      0.0199290726875
    ],
    "free_params": [
      0.751883428893,
      0.984075235429,
      -0.617288022623,
      0.0559830930086,
      0.802884531187,
      -4.52591784597,
      0.341294297697,
      -0.337847161581,
      1.62253640916,
      0.0749520392547,
      0.0199290726875
    ],
    "metrics": {
      "chi2dN_total": 0.8221627733589244,
      "chi2dN_collider": 0.8805645189199562,
      "chi2dN_fixed_target": 0.7434089043448053,
      "highE_weighted_chi2dN": 1.369769180039698,
      "highE_mean_ratio_first3": 1.029746168157954,
      "highE_mean_absdev_first3": 0.051220153687860336,
      "highE_mean_signed_first3": 0.029746168157954264,
      "highE_mean_shortfall_first3": 0.010736992764953036,
      "highE_mean_overshoot_first3": 0.040483160922907296,
      "cms_highmass_mean_ratio_first3": 1.1008377809357601,
      "cms_highmass_mean_absdev_first3": 0.10083778093576012,
      "cms_highmass_mean_signed_first3": 0.10083778093576012,
      "zlike_mean_ratio_first3": 0.982351759639417,
      "zlike_mean_absdev_first3": 0.018141735522593808,
      "zlike_mean_signed_first3": -0.017648240360582976,
      "compute_s": 0.0423925
    },
    "per_file_chi2dN": {
      "ATLAS_7\\ATLAS7-00y10.csv": 0.5067663061428861,
      "ATLAS_7\\ATLAS7-10y20.csv": 3.187903846655766,
      "ATLAS_7\\ATLAS7-20y24.csv": 1.3684635929009115,
      "ATLAS_8\\ATLAS8-00y04.csv": 2.785917216581297,
      "ATLAS_8\\ATLAS8-04y08.csv": 1.2046162878025044,
      "ATLAS_8\\ATLAS8-08y12.csv": 0.6951003738628474,
      "ATLAS_8\\ATLAS8-116Q150.csv": 0.5372260699011109,
      "ATLAS_8\\ATLAS8-12y16.csv": 1.3860071442583648,
      "ATLAS_8\\ATLAS8-16y20.csv": 0.9442126815884562,
      "ATLAS_8\\ATLAS8-20y24.csv": 0.8501188319733597,
      "ATLAS_8\\ATLAS8-46Q66.csv": 0.4226733480005741,
      "CDF_I\\CDF1.csv": 0.4932862010290984,
      "CDF_II\\CDF2.csv": 0.7385169514475967,
      "CMS_7\\CMS7.csv": 1.4526386594330263,
      "CMS_8\\CMS8.csv": 0.7585205028405908,
      "CMS_13\\CMS13-00y04.csv": 1.4214717418384322,
      "CMS_13\\CMS13-04y08.csv": 0.8437110767520615,
      "CMS_13\\CMS13-08y12.csv": 0.46476685686881775,
      "CMS_13\\CMS13-106Q170.csv": 0.7858453985814372,
      "CMS_13\\CMS13-12y16.csv": 0.24679747115259662,
      "CMS_13\\CMS13-16y24.csv": 0.2627906172110588,
      "CMS_13\\CMS13-170Q350.csv": 1.0558131365459031,
      "CMS_13\\CMS13-350Q1000.csv": 1.5417877650060818,
      "D0_I\\D01.csv": 0.6004493395138747,
      "D0_II\\D02.csv": 0.6115187306318267,
      "D0_II_mu\\D02mu.csv": 0.2937642187091534,
      "E288\\E228-200-4Q5.csv": 0.49999592318325153,
      "E288\\E228-200-5Q6.csv": 0.30975345954612715,
      "E288\\E228-200-6Q7.csv": 0.3215008564419317,
      "E288\\E228-200-7Q8.csv": 0.12613221893213922,
      "E288\\E228-200-8Q9.csv": 0.4439336307125972,
      "E288\\E228-300-11Q12.csv": 0.2806096814033199,
      "E288\\E228-300-4Q5.csv": 1.3857338462362534,
      "E288\\E228-300-5Q6.csv": 0.2671303787791532,
      "E288\\E228-300-6Q7.csv": 0.284923458376896,
      "E288\\E228-300-7Q8.csv": 0.11095820211401153,
      "E288\\E228-300-8Q9.csv": 1.1025622469936986,
      "E288\\E228-400-11Q12.csv": 0.6810734924775464,
      "E288\\E228-400-12Q13.csv": 0.8802458482733271,
      "E288\\E228-400-13Q14.csv": 0.5678647613021605,
      "E288\\E228-400-5Q6.csv": 0.7150157857449074,
      "E288\\E228-400-6Q7.csv": 1.2042783917116548,
      "E288\\E228-400-7Q8.csv": 0.5770099285309028,
      "E288\\E228-400-8Q9.csv": 0.7839972840455207,
      "E605\\E605-10.5Q11.5.csv": 0.23202593663518273,
      "E605\\E605-11.5Q13.5.csv": 0.46767288437402593,
      "E605\\E605-13.5Q18.csv": 0.9027306001401769,
      "E605\\E605-7Q8.csv": 0.25365576696333597,
      "E605\\E605-8Q9.csv": 0.41972442364863205,
      "E772\\E772-11Q12.csv": 1.6627752771598932,
      "E772\\E772-12Q13.csv": 2.4076660581136378,
      "E772\\E772-13Q14.csv": 2.4506086352202394,
      "E772\\E772-14Q15.csv": 0.21814040147040323,
      "LHCb_7\\LHCb7.csv": 0.8663927359646498,
      "LHCb_8\\LHCb8.csv": 0.47568134210845336,
      "LHCb_13\\LHCb13.csv": 0.8236600779784925,
      "STAR\\STAR510.csv": 1.2780551603812995
    },
    "high_energy_rows": [
      {
        "file": "CMS_13\\CMS13-170Q350.csv",
        "chi2dN": 1.0558131365459031,
        "N": 10,
        "ratio_1": 1.0771613004942273,
        "data_1": 0.0344,
        "pred_1": 0.03705434873700142,
        "ratio_2": 1.0934333757004877,
        "data_2": 0.0781,
        "pred_2": 0.0853971466422081,
        "ratio_3": 1.083241812802207,
        "data_3": 0.0902,
        "pred_3": 0.09770841151475906
      },
      {
        "file": "CMS_13\\CMS13-350Q1000.csv",
        "chi2dN": 1.5417877650060818,
        "N": 11,
        "ratio_1": 1.1153821442119713,
        "data_1": 0.00238,
        "pred_1": 0.002654609503224492,
        "ratio_2": 1.1318137424182049,
        "data_2": 0.00565,
        "pred_2": 0.006394747644662857,
        "ratio_3": 1.1039943099874625,
        "data_3": 0.00699,
        "pred_3": 0.007716920226812363
      },
      {
        "file": "ATLAS_8\\ATLAS8-00y04.csv",
        "chi2dN": 2.785917216581297,
        "N": 6,
        "ratio_1": 0.9920136636482779,
        "data_1": 3.257,
        "pred_1": 3.2309885025024414,
        "ratio_2": 0.9950076673595266,
        "data_2": 6.708,
        "pred_2": 6.674511432647705,
        "ratio_3": 1.0022207282290487,
        "data_3": 6.714,
        "pred_3": 6.728909969329834
      },
      {
        "file": "ATLAS_8\\ATLAS8-04y08.csv",
        "chi2dN": 1.2046162878025044,
        "N": 6,
        "ratio_1": 0.9837501646754682,
        "data_1": 3.219,
        "pred_1": 3.166691780090332,
        "ratio_2": 0.9901531446901461,
        "data_2": 6.676,
        "pred_2": 6.610262393951416,
        "ratio_3": 0.9944888026172513,
        "data_3": 6.737,
        "pred_3": 6.699871063232422
      },
      {
        "file": "LHCb_8\\LHCb8.csv",
        "chi2dN": 0.47568134210845336,
        "N": 7,
        "ratio_1": 0.9533234190697419,
        "data_1": 3.592273,
        "pred_1": 3.424597978591919,
        "ratio_2": 0.9605999603005155,
        "data_2": 6.420833,
        "pred_2": 6.16785192489624,
        "ratio_3": 0.9696082861647769,
        "data_3": 6.340833,
        "pred_3": 6.1481242179870605
      }
    ]
  },
  "fit": {
    "elapsed_s": 9.232908200006932,
    "nf": 100,
    "flag": 1,
    "free_params": [
      0.7518779203675866,
      0.9850469606545497,
      -0.6196613114033607,
      0.056153223200857805,
      0.8024440688083804,
      -4.525549063755133,
      0.3403012560718821,
      -0.33784066723733996,
      1.6223933945513687,
      0.07501277402612337,
      0.019957289624961978
    ],
    "stage1_log10_chi2": -0.08504653839603965,
    "stage2_log10_chi2": -0.08504781377068239
  },
  "best": {
    "full_params": [
      0.7518779203675866,
      0.9850469606545497,
      -0.6196613114033607,
      0.056153223200857805,
      0.8024440688083804,
      -4.525549063755133,
      0.3403012560718821,
      -0.33784066723733996,
      1.6223933945513687,
      0.07501277402612337,
      0.019957289624961978
    ],