{
  "model": "poly_bstar_cslog_loggauss",
  "label": "Poly-x bstar + CSlog + loggauss",
  "table_name": "MSHT20N3LO-MC-4-2",
  "n": 4,
  "m": 2,
  "fit_name": "TableScan_poly_bstar_cslog_loggauss_4_2",
  "np_name": "NP-TableScan_poly_bstar_cslog_loggauss_4_2.cl",
  "param_names": [
    "lambda1",
    "lambda2",
    "lambda3",
    "lambda4",
    "alpha",
    "logx0",
    "sigx",
    "amp",
    "BNP",
    "c0",
    "c1"
  ],
  "free_idx": [
    0,
    1,
    2,
    3,
    4,
    5,
    6,
    7,
    8,
    9,
    10
  ],
  "frozen_idx": [],
  "initial": {
    "full_params": [
      0.751883428893,
      0.984075235429,
      -0.617288022623,
      0.0559830930086,
      0.802884531187,
      -4.52591784597,
      0.341294297697,
      -0.337847161581,
      1.62253640916,
      0.0749520392547,
      0.0199290726875
    ],
    "free_params": [
      0.751883428893,
      0.984075235429,
      -0.617288022623,
      0.0559830930086,
      0.802884531187,
      -4.52591784597,
      0.341294297697,
      -0.337847161581,
      1.62253640916,
      0.0749520392547,
      0.0199290726875
    ],
    "metrics": {
      "chi2dN_total": 1.4381026008430127,
      "chi2dN_collider": 0.9553634996434228,
      "chi2dN_fixed_target": 2.089068964581854,
      "highE_weighted_chi2dN": 1.368292008188631,
      "highE_mean_ratio_first3": 1.0303411625745122,
      "highE_mean_absdev_first3": 0.050999618882273674,
      "highE_mean_signed_first3": 0.030341162574512092,
      "highE_mean_shortfall_first3": 0.010329228153880791,
      "highE_mean_overshoot_first3": 0.04067039072839288,
      "cms_highmass_mean_ratio_first3": 1.1013052672455765,
      "cms_highmass_mean_absdev_first3": 0.10130526724557638,
      "cms_highmass_mean_signed_first3": 0.10130526724557638,
      "zlike_mean_ratio_first3": 0.9830317594604693,
      "zlike_mean_absdev_first3": 0.0174625199734052,
      "zlike_mean_signed_first3": -0.01696824053953077,
      "compute_s": 0.0405385
    },
    "per_file_chi2dN": {
      "ATLAS_7\\ATLAS7-00y10.csv": 1.3989730572454995,
      "ATLAS_7\\ATLAS7-10y20.csv": 4.348447045559328,
      "ATLAS_7\\ATLAS7-20y24.csv": 1.5952027845535361,
      "ATLAS_8\\ATLAS8-00y04.csv": 2.758246016965389,
      "ATLAS_8\\ATLAS8-04y08.csv": 1.1824712925905525,
      "ATLAS_8\\ATLAS8-08y12.csv": 0.5521122428734073,
      "ATLAS_8\\ATLAS8-116Q150.csv": 0.5276981967765672,
      "ATLAS_8\\ATLAS8-12y16.csv": 2.5651634287638103,
      "ATLAS_8\\ATLAS8-16y20.csv": 1.3967939368232376,
      "ATLAS_8\\ATLAS8-20y24.csv": 1.0484820660726009,
      "ATLAS_8\\ATLAS8-46Q66.csv": 0.6493396019960817,
      "CDF_I\\CDF1.csv": 0.4958310224820364,
      "CDF_II\\CDF2.csv": 0.6787337451967504,
      "CMS_7\\CMS7.csv": 1.4966107035272103,
      "CMS_8\\CMS8.csv": 0.6987222772244845,
      "CMS_13\\CMS13-00y04.csv": 1.233001170971829,
      "CMS_13\\CMS13-04y08.csv": 0.8037388622362844,
      "CMS_13\\CMS13-08y12.csv": 0.4447863211939111,
      "CMS_13\\CMS13-106Q170.csv": 0.8510714441443937,
      "CMS_13\\CMS13-12y16.csv": 0.20217701365515464,
      "CMS_13\\CMS13-16y24.csv": 0.2326971113663389,
      "CMS_13\\CMS13-170Q350.csv": 1.0471274847717524,
      "CMS_13\\CMS13-350Q1000.csv": 1.5428879983001438,
      "D0_I\\D01.csv": 0.5980869427317584,
      "D0_II\\D02.csv": 0.5354202402295428,
      "D0_II_mu\\D02mu.csv": 0.49322668085154414,
      "E288\\E228-200-4Q5.csv": 1.3045308887936258,
      "E288\\E228-200-5Q6.csv": 0.9933505066563072,
      "E288\\E228-200-6Q7.csv": 1.694124838979479,
      "E288\\E228-200-7Q8.csv": 1.80441728270414,
      "E288\\E228-200-8Q9.csv": 0.8109686925815535,
      "E288\\E228-300-11Q12.csv": 0.3672594092093918,
      "E288\\E228-300-4Q5.csv": 1.6901055556094662,
      "E288\\E228-300-5Q6.csv": 0.4914247171305027,
      "E288\\E228-300-6Q7.csv": 3.2123065413763565,
      "E288\\E228-300-7Q8.csv": 1.5944751558034604,
      "E288\\E228-300-8Q9.csv": 0.45328272270747877,
      "E288\\E228-400-11Q12.csv": 1.5196196255471377,
      "E288\\E228-400-12Q13.csv": 0.9699391665055105,
      "E288\\E228-400-13Q14.csv": 0.7051140657863125,
      "E288\\E228-400-5Q6.csv": 1.1683966202521412,
      "E288\\E228-400-6Q7.csv": 6.71795808033687,
      "E288\\E228-400-7Q8.csv": 4.510528626749781,
      "E288\\E228-400-8Q9.csv": 6.249778096056027,
      "E605\\E605-10.5Q11.5.csv": 1.7045950452771792,
      "E605\\E605-11.5Q13.5.csv": 2.2449591972649867,
      "E605\\E605-13.5Q18.csv": 2.585162575418374,
      "E605\\E605-7Q8.csv": 0.3893757183605798,
      "E605\\E605-8Q9.csv": 0.4351052279766443,
      "E772\\E772-11Q12.csv": 3.4167932322472234,
      "E772\\E772-12Q13.csv": 4.846496333353514,
      "E772\\E772-13Q14.csv": 3.5257004601743676,
      "E772\\E772-14Q15.csv": 0.2799690017552028,
      "LHCb_7\\LHCb7.csv": 0.9048720509525789,
      "LHCb_8\\LHCb8.csv": 0.5206190915986396,
      "LHCb_13\\LHCb13.csv": 0.9005542038444003,
      "STAR\\STAR510.csv": 1.2260873911152628
    },
    "high_energy_rows": [
      {
        "file": "CMS_13\\CMS13-170Q350.csv",
        "chi2dN": 1.0471274847717524,
        "N": 10,
        "ratio_1": 1.082075759768486,
        "data_1": 0.0344,
        "pred_1": 0.03722340613603592,
        "ratio_2": 1.091791576826313,
        "data_2": 0.0781,
        "pred_2": 0.08526892215013504,
        "ratio_3": 1.0820972152929877,
        "data_3": 0.0902,
        "pred_3": 0.09760516881942749
      },
      {
        "file": "CMS_13\\CMS13-350Q1000.csv",
        "chi2dN": 1.5428879983001438,
        "N": 11,
        "ratio_1": 1.117660558367727,
        "data_1": 0.00238,
        "pred_1": 0.0026600321289151907,
        "ratio_2": 1.1308108810829907,
        "data_2": 0.00565,
        "pred_2": 0.0063890814781188965,
        "ratio_3": 1.103395612134954,
        "data_3": 0.00699,
        "pred_3": 0.007712735328823328
      },
      {
        "file": "ATLAS_8\\ATLAS8-00y04.csv",
        "chi2dN": 2.758246016965389,
        "N": 6,
        "ratio_1": 1.0021358023840552,
        "data_1": 3.257,
        "pred_1": 3.263956308364868,
        "ratio_2": 0.9905282556832938,
        "data_2": 6.708,
        "pred_2": 6.644463539123535,
        "ratio_3": 1.0000884550683797,
        "data_3": 6.714,
        "pred_3": 6.714593887329102
      },
      {
        "file": "ATLAS_8\\ATLAS8-04y08.csv",
        "chi2dN": 1.1824712925905525,
        "N": 6,
        "ratio_1": 0.9927975535207596,
        "data_1": 3.219,
        "pred_1": 3.195815324783325,
        "ratio_2": 0.986365874846443,
        "data_2": 6.676,
        "pred_2": 6.5849785804748535,
        "ratio_3": 0.9927046091952557,
        "data_3": 6.737,
        "pred_3": 6.6878509521484375
      },
      {
        "file": "LHCb_8\\LHCb8.csv",
        "chi2dN": 0.5206190915986396,
        "N": 7,
        "ratio_1": 0.9548195279707379,
        "data_1": 3.592273,
        "pred_1": 3.4299724102020264,
        "ratio_2": 0.9549951027993305,
        "data_2": 6.420833,
        "pred_2": 6.131864070892334,
        "ratio_3": 0.9728506536759676,
        "data_3": 6.340833,
        "pred_3": 6.1686835289001465
      }
    ]
  },
  "fit": {
    "elapsed_s": 9.318004200002179,
    "nf": 100,
    "flag": 1,
    "free_params": [
      0.8622503976914677,
      0.935461831759411,
      -3.0177168123746547,
      0.045584390674869635,
      1.137975253741792,
      -4.584308481918344,
      0.26291873216053063,
      -0.27974397300510634,
      1.418526955100115,
      0.07393906447357718,
      0.02649059042033932
    ],
    "stage1_log10_chi2": 0.0208259000356921,
    "stage2_log10_chi2": 0.009730518918377118
  },
  "best": {
    "full_params": [
      0.8622503976914677,
      0.935461831759411,
      -3.0177168123746547,
      0.045584390674869635,
      1.137975253741792,
      -4.584308481918344,
      0.26291873216053063,
      -0.27974397300510634,
      1.418526955100115,
      0.07393906447357718,
      0.02649059042033932
    ],