{
  "model": "poly_bstar_cslog",
  "label": "Poly-x bstar + CSlog",
  "table_name": "MSHT20N3LO-MC-4-2",
  "n": 4,
  "m": 2,
  "fit_name": "TableScan_poly_bstar_cslog_4_2",
  "np_name": "NP-TableScan_poly_bstar_cslog_4_2.cl",
  "param_names": [
    "lambda1",
    "lambda2",
    "lambda3",
    "lambda4",
    "alpha",
    "BNP",
    "c0",
    "c1"
  ],
  "free_idx": [
    0,
    1,
    2,
    3,
    4,
    5,
    6,
    7
  ],
  "frozen_idx": [],
  "initial": {
    "full_params": [
      1.04068048666,
      0.99850096912,
      -1.15183835919,
      0.190079827968,
      0.87422103378,
      1.52270546838,
      0.0818922818062,
      0.0202840470381
    ],
    "free_params": [
      1.04068048666,
      0.99850096912,
      -1.15183835919,
      0.190079827968,
      0.87422103378,
      1.52270546838,
      0.0818922818062,
      0.0202840470381
    ],
    "metrics": {
      "chi2dN_total": 1.4744055809060117,
      "chi2dN_collider": 0.9918328698324351,
      "chi2dN_fixed_target": 2.125147570080985,
      "highE_weighted_chi2dN": 1.4442633406762146,
      "highE_mean_ratio_first3": 1.0283586511266367,
      "highE_mean_absdev_first3": 0.05226442901186033,
      "highE_mean_signed_first3": 0.028358651126636714,
      "highE_mean_shortfall_first3": 0.01195288894261181,
      "highE_mean_overshoot_first3": 0.04031154006924852,
      "cms_highmass_mean_ratio_first3": 1.1003332449728507,
      "cms_highmass_mean_absdev_first3": 0.10033324497285086,
      "cms_highmass_mean_signed_first3": 0.10033324497285086,
      "zlike_mean_ratio_first3": 0.980375588562494,
      "zlike_mean_absdev_first3": 0.02021855170453331,
      "zlike_mean_signed_first3": -0.019624411437506054,
      "compute_s": 0.0422562
    },
    "per_file_chi2dN": {
      "ATLAS_7\\ATLAS7-00y10.csv": 1.2802858685270262,
      "ATLAS_7\\ATLAS7-10y20.csv": 4.845178685530228,
      "ATLAS_7\\ATLAS7-20y24.csv": 1.5589173698858023,
      "ATLAS_8\\ATLAS8-00y04.csv": 2.84296918237841,
      "ATLAS_8\\ATLAS8-04y08.csv": 1.41029997533719,
      "ATLAS_8\\ATLAS8-08y12.csv": 0.9614577492697167,
      "ATLAS_8\\ATLAS8-116Q150.csv": 0.5376972304235181,
      "ATLAS_8\\ATLAS8-12y16.csv": 2.8293123884168847,
      "ATLAS_8\\ATLAS8-16y20.csv": 1.561175412540769,
      "ATLAS_8\\ATLAS8-20y24.csv": 1.1214128993296395,
      "ATLAS_8\\ATLAS8-46Q66.csv": 0.591291003874469,
      "CDF_I\\CDF1.csv": 0.4977559001916073,
      "CDF_II\\CDF2.csv": 0.6990812247143217,
      "CMS_7\\CMS7.csv": 1.4876320801907261,
      "CMS_8\\CMS8.csv": 0.6756907958737738,
      "CMS_13\\CMS13-00y04.csv": 1.1997514116319177,
      "CMS_13\\CMS13-04y08.csv": 0.8062004475462264,
      "CMS_13\\CMS13-08y12.csv": 0.4482833783433813,
      "CMS_13\\CMS13-106Q170.csv": 0.8920218098591461,
      "CMS_13\\CMS13-12y16.csv": 0.2101767187488957,
      "CMS_13\\CMS13-16y24.csv": 0.23320363196780974,
      "CMS_13\\CMS13-170Q350.csv": 1.0553112306410235,
      "CMS_13\\CMS13-350Q1000.csv": 1.5514112943387166,
      "D0_I\\D01.csv": 0.6101307317233475,
      "D0_II\\D02.csv": 0.5489869595206446,
      "D0_II_mu\\D02mu.csv": 0.49948413933686037,
      "E288\\E228-200-4Q5.csv": 1.2438071749089141,
      "E288\\E228-200-5Q6.csv": 0.9675993848800253,
      "E288\\E228-200-6Q7.csv": 1.7404999551102012,
      "E288\\E228-200-7Q8.csv": 1.8630221477096995,
      "E288\\E228-200-8Q9.csv": 0.8297664279690592,
      "E288\\E228-300-11Q12.csv": 0.3747626798139277,
      "E288\\E228-300-4Q5.csv": 1.6738428484005248,
      "E288\\E228-300-5Q6.csv": 0.45405180697930947,
      "E288\\E228-300-6Q7.csv": 3.3115761498414664,
      "E288\\E228-300-7Q8.csv": 1.6308447708989777,
      "E288\\E228-300-8Q9.csv": 0.44733743853273866,
      "E288\\E228-400-11Q12.csv": 1.5514471861159893,
      "E288\\E228-400-12Q13.csv": 0.9787560084852512,
      "E288\\E228-400-13Q14.csv": 0.7172222556170819,
      "E288\\E228-400-5Q6.csv": 1.1820896385924686,
      "E288\\E228-400-6Q7.csv": 6.9381354978561065,
      "E288\\E228-400-7Q8.csv": 4.633733262563356,
      "E288\\E228-400-8Q9.csv": 6.430597778032448,
      "E605\\E605-10.5Q11.5.csv": 1.7256562770250041,
      "E605\\E605-11.5Q13.5.csv": 2.265530976947864,
      "E605\\E605-13.5Q18.csv": 2.6136719825273165,
      "E605\\E605-7Q8.csv": 0.3631309355727545,
      "E605\\E605-8Q9.csv": 0.4277268977854172,
      "E772\\E772-11Q12.csv": 3.458526064004858,
      "E772\\E772-12Q13.csv": 4.903530190906998,
      "E772\\E772-13Q14.csv": 3.5924079631833705,
      "E772\\E772-14Q15.csv": 0.2771816831480928,
      "LHCb_7\\LHCb7.csv": 0.9104291786799392,
      "LHCb_8\\LHCb8.csv": 0.6617545909455528,
      "LHCb_13\\LHCb13.csv": 0.7168836067449709,
      "STAR\\STAR510.csv": 1.2001478637808687
    },
    "high_energy_rows": [
      {
        "file": "CMS_13\\CMS13-170Q350.csv",
        "chi2dN": 1.0553112306410235,
        "N": 10,
        "ratio_1": 1.081392645489338,
        "data_1": 0.0344,
        "pred_1": 0.03719990700483322,
        "ratio_2": 1.0916285417144032,
        "data_2": 0.0781,
        "pred_2": 0.0852561891078949,
        "ratio_3": 1.082867053554222,
        "data_3": 0.0902,
        "pred_3": 0.09767460823059082
      },
      {
        "file": "CMS_13\\CMS13-350Q1000.csv",
        "chi2dN": 1.5514112943387166,
        "N": 11,
        "ratio_1": 1.1133102449674566,
        "data_1": 0.00238,
        "pred_1": 0.0026496783830225468,
        "ratio_2": 1.1289753514317284,
        "data_2": 0.00565,
        "pred_2": 0.006378710735589266,
        "ratio_3": 1.1038256326799571,
        "data_3": 0.00699,
        "pred_3": 0.0077157411724328995
      },
      {
        "file": "ATLAS_8\\ATLAS8-00y04.csv",
        "chi2dN": 2.84296918237841,
        "N": 6,
        "ratio_1": 0.9880683741980913,
        "data_1": 3.257,
        "pred_1": 3.2181386947631836,
        "ratio_2": 0.9870339378261396,
        "data_2": 6.708,
        "pred_2": 6.621023654937744,
        "ratio_3": 1.0026736312016227,
        "data_3": 6.714,
        "pred_3": 6.731950759887695
      },
      {
        "file": "ATLAS_8\\ATLAS8-04y08.csv",
        "chi2dN": 1.41029997533719,
        "N": 6,
        "ratio_1": 0.998602108986491,
        "data_1": 3.219,
        "pred_1": 3.2145001888275146,
        "ratio_2": 0.9880661607288614,
        "data_2": 6.676,
        "pred_2": 6.596329689025879,
        "ratio_3": 0.9931587263404288,
        "data_3": 6.737,
        "pred_3": 6.690910339355469
      },
      {
        "file": "LHCb_8\\LHCb8.csv",
        "chi2dN": 0.6617545909455528,
        "N": 7,
        "ratio_1": 0.9387222536943357,
        "data_1": 3.592273,
        "pred_1": 3.3721466064453125,
        "ratio_2": 0.95140005368476,
        "data_2": 6.420833,
        "pred_2": 6.108780860900879,
        "ratio_3": 0.975655050401715,
        "data_3": 6.340833,
        "pred_3": 6.186465740203857
      }
    ]
  },
  "fit": {
    "elapsed_s": 9.044462799996836,
    "nf": 100,
    "flag": 1,
    "free_params": [
      1.0720375882192312,
      0.812890792160078,
      -3.2664248685487145,
      0.17270543774038083,
      0.9480674428632583,
      1.5582039659191125,
      0.08609056015799232,
      0.022060726872928618
    ],
    "stage1_log10_chi2": 0.03722181844688123,
    "stage2_log10_chi2": 0.03520322975298057
  },
  "best": {
    "full_params": [
      1.0720375882192312,
      0.812890792160078,
      -3.2664248685487145,
      0.17270543774038083,
      0.9480674428632583,
      1.5582039659191125,
      0.08609056015799232,
      0.022060726872928618
    ],
    "free_params": [
      1.0720375882192312,
      0.812890792160078,
      -3.2664248685487145,
      0.17270543774038083,
      0.9480674428632583,
      1.5582039659191125,
      0.08609056015799232,
      0.022060726872928618
    ],
    "metrics": {
      "chi2dN_total": 1.0844361472058046,
      "chi2dN_collider": 0.9612556749282325,
      "chi2dN_fixed_target": 1.2505431477013185,
      "highE_weighted_chi2dN": 1.4805787166377509,