{
  "candidate": "broad_bump_42_alpha1_nolambda2_currentbest_deep",
  "fit_name": "BroadBump42LogGaussAlpha1NoLambda2",
  "param_names": [
    "lambda1",
    "lambda2",
    "lambda3",
    "logx0",
    "sigx",
    "amp",
    "BNP",
    "c0",
    "c1"
  ],
  "free_idx": [
    0,
    1,
    2,
    3,
    4,
    5,
    6,
    7,
    8
  ],
  "frozen_idx": [],
  "initial": {
    "full_params": [
      0.04375743605,
      0.9774184714,
      -1.960659735,
      -4.99216975,
      0.717326296,
      -0.338498232,
      1.455523349,
      0.0717885484,
      0.02583083271
    ],
    "free_params": [
      0.04375743605,
      0.9774184714,
      -1.960659735,
      -4.99216975,
      0.717326296,
      -0.338498232,
      1.455523349,
      0.0717885484,
      0.02583083271
    ],
    "metrics": {
      "chi2dN_total": 1.0131714121400635,
      "chi2dN_collider": 0.9528183645291416,
      "chi2dN_fixed_target": 1.0945565824032761,
      "highE_weighted_chi2dN": 1.3349582164952545,
      "highE_mean_ratio_first3": 1.0326571893425818,
      "highE_mean_absdev_first3": 0.05189677209991538,
      "highE_mean_signed_first3": 0.032657189342581834,
      "highE_mean_shortfall_first3": 0.009619791378666776,
      "highE_mean_overshoot_first3": 0.04227698072124861,
      "cms_highmass_mean_ratio_first3": 1.1052128273894495,
      "cms_highmass_mean_absdev_first3": 0.10521282738944933,
      "cms_highmass_mean_signed_first3": 0.10521282738944933,
      "zlike_mean_ratio_first3": 0.9842867639780035,
      "zlike_mean_absdev_first3": 0.016352735240226082,
      "zlike_mean_signed_first3": -0.015713236021996504,
      "compute_s": 0.0374638
    },
    "per_file_chi2dN": {
      "ATLAS_7\\ATLAS7-00y10.csv": 0.785493204442432,
      "ATLAS_7\\ATLAS7-10y20.csv": 3.8228826238055,
      "ATLAS_7\\ATLAS7-20y24.csv": 1.3573943433478934,
      "ATLAS_8\\ATLAS8-00y04.csv": 2.7537461697863157,
      "ATLAS_8\\ATLAS8-04y08.csv": 0.9911288292137427,
      "ATLAS_8\\ATLAS8-08y12.csv": 0.40787176977296236,
      "ATLAS_8\\ATLAS8-116Q150.csv": 0.5556529090556592,
      "ATLAS_8\\ATLAS8-12y16.csv": 2.5209522406757667,
      "ATLAS_8\\ATLAS8-16y20.csv": 1.2013294791298488,
      "ATLAS_8\\ATLAS8-20y24.csv": 1.085712604103083,
      "ATLAS_8\\ATLAS8-46Q66.csv": 0.9766175562721277,
      "CDF_I\\CDF1.csv": 0.5502667340151267,
      "CDF_II\\CDF2.csv": 0.7665322346743092,
      "CMS_7\\CMS7.csv": 1.4390471501808384,
      "CMS_8\\CMS8.csv": 0.7367368509425969,
      "CMS_13\\CMS13-00y04.csv": 1.2833884585006439,
      "CMS_13\\CMS13-04y08.csv": 0.8197175869517671,
      "CMS_13\\CMS13-08y12.csv": 0.43094045944527815,
      "CMS_13\\CMS13-106Q170.csv": 0.8302380677575758,
      "CMS_13\\CMS13-12y16.csv": 0.20639455284022987,
      "CMS_13\\CMS13-16y24.csv": 0.2216587510627504,
      "CMS_13\\CMS13-170Q350.csv": 1.0865247187737823,
      "CMS_13\\CMS13-350Q1000.csv": 1.5502329245614996,
      "D0_I\\D01.csv": 0.5698152597945705,
      "D0_II\\D02.csv": 0.7607696316163659,
      "D0_II_mu\\D02mu.csv": 0.5613623885375082,
      "E288\\E228-200-4Q5.csv": 0.2969053590979999,
      "E288\\E228-200-5Q6.csv": 0.26857433448335716,
      "E288\\E228-200-6Q7.csv": 0.4795364861710503,
      "E288\\E228-200-7Q8.csv": 0.5740546901035669,
      "E288\\E228-200-8Q9.csv": 0.45856301281108947,
      "E288\\E228-300-11Q12.csv": 0.402548809733539,
      "E288\\E228-300-4Q5.csv": 1.2920533239343504,
      "E288\\E228-300-5Q6.csv": 0.34760602683087716,
      "E288\\E228-300-6Q7.csv": 0.5364399006639682,
      "E288\\E228-300-7Q8.csv": 0.21151737640897364,
      "E288\\E228-300-8Q9.csv": 1.070147096651929,
      "E288\\E228-400-11Q12.csv": 0.972636233047494,
      "E288\\E228-400-12Q13.csv": 1.098803655478332,
      "E288\\E228-400-13Q14.csv": 0.6775555953427813,
      "E288\\E228-400-5Q6.csv": 0.774339032927766,
      "E288\\E228-400-6Q7.csv": 1.6065336020470724,
      "E288\\E228-400-7Q8.csv": 1.4917009171536744,
      "E288\\E228-400-8Q9.csv": 1.6039547179694462,
      "E605\\E605-10.5Q11.5.csv": 0.5284375180373602,
      "E605\\E605-11.5Q13.5.csv": 0.7748926274476852,
      "E605\\E605-13.5Q18.csv": 1.3790656479828036,
      "E605\\E605-7Q8.csv": 0.2294593938709168,
      "E605\\E605-8Q9.csv": 0.5518474111439137,
      "E772\\E772-11Q12.csv": 2.468054304378131,
      "E772\\E772-12Q13.csv": 3.680211782799088,
      "E772\\E772-13Q14.csv": 3.9010552506272593,
      "E772\\E772-14Q15.csv": 0.23694094507115096,
      "LHCb_7\\LHCb7.csv": 1.0030348759277277,
      "LHCb_8\\LHCb8.csv": 0.43018132969935713,
      "LHCb_13\\LHCb13.csv": 0.9425325125012086,
      "STAR\\STAR510.csv": 1.7255898438809962
    },
    "high_energy_rows": [
      {
        "file": "CMS_13\\CMS13-170Q350.csv",
        "chi2dN": 1.0865247187737823,
        "N": 10,
        "ratio_1": 1.083444154193235,
        "data_1": 0.0344,
        "pred_1": 0.037270478904247284,
        "ratio_2": 1.0940836081889467,
        "data_2": 0.0781,
        "pred_2": 0.08544792979955673,
        "ratio_3": 1.0838252213471744,
        "data_3": 0.0902,
        "pred_3": 0.09776103496551514
      },
      {
        "file": "CMS_13\\CMS13-350Q1000.csv",
        "chi2dN": 1.5502329245614996,
        "N": 11,
        "ratio_1": 1.1273163777752584,
        "data_1": 0.00238,
        "pred_1": 0.002683012979105115,
        "ratio_2": 1.136782224726888,
        "data_2": 0.00565,
        "pred_2": 0.006422819569706917,
        "ratio_3": 1.1058253781051937,
        "data_3": 0.00699,
        "pred_3": 0.007729719392955303
      },
      {
        "file": "ATLAS_8\\ATLAS8-00y04.csv",
        "chi2dN": 2.7537461697863157,
        "N": 6,
        "ratio_1": 0.9879994912128489,
        "data_1": 3.257,
        "pred_1": 3.217914342880249,
        "ratio_2": 0.988588634529637,
        "data_2": 6.708,
        "pred_2": 6.631452560424805,
        "ratio_3": 1.002877746482033,
        "data_3": 6.714,
        "pred_3": 6.733321189880371
      },
      {
        "file": "ATLAS_8\\ATLAS8-04y08.csv",
        "chi2dN": 0.9911288292137427,
        "N": 6,
        "ratio_1": 0.9925538762528988,
        "data_1": 3.219,
        "pred_1": 3.195030927658081,
        "ratio_2": 0.9879483085252911,
        "data_2": 6.676,
        "pred_2": 6.595542907714844,
        "ratio_3": 0.993939771025121,
        "data_3": 6.737,
        "pred_3": 6.69617223739624
      },
      {
        "file": "LHCb_8\\LHCb8.csv",
        "chi2dN": 0.43018132969935713,
        "N": 7,
        "ratio_1": 0.9715525589307812,
        "data_1": 3.592273,
        "pred_1": 3.490082025527954,
        "ratio_2": 0.9605278498935613,
        "data_2": 6.420833,
        "pred_2": 6.167388916015625,
        "ratio_3": 0.972592638949859,
        "data_3": 6.340833,
        "pred_3": 6.167047500610352
      }
    ]
  },
  "fit": {
    "elapsed_s": 413.57172699999995,
    "nf": 5465,
    "flag": 0,
    "free_params": [
      0.02359248944481407,
      1.0547935947065572,
      -2.354456696325701,
      -5.211365058158037,
      1.1037690127446673,
      -0.4324625556574935,
      1.493301919733006,
      0.07001502121630351,
      0.027699782530320217
    ],
    "log10_chi2": 0.00308058683255928,
    "stage1": [
      {
        "start_id": 24,
        "log10_chi2": 0.004466110749037854,
        "nf": 105,
        "flag": 1
      },
      {
        "start_id": 0,
        "log10_chi2": 0.004689057415967744,
        "nf": 105,
        "flag": 1
      },
      {
        "start_id": 11,
        "log10_chi2": 0.0047055492885608894,
        "nf": 105,
        "flag": 1
      },
      {
        "start_id": 26,
        "log10_chi2": 0.004764085924638863,
        "nf": 105,
        "flag": 1
      },
      {
        "start_id": 19,
        "log10_chi2": 0.005165888097004318,
        "nf": 105,
        "flag": 1
      },
      {
        "start_id": 25,
        "log10_chi2": 0.0053287222073128806,
        "nf": 105,
        "flag": 1
      },
      {
        "start_id": 27,
        "log10_chi2": 0.007407924463159174,