{
  "candidate": "broad_bump_42_alpha1_nolambda2_currentbest_deep",
  "fit_name": "BroadBump42LogGaussAlpha1NoLambda2",
  "param_names": [
    "lambda1",
    "lambda2",
    "lambda3",
    "logx0",
    "sigx",
    "amp",
    "BNP",
    "c0",
    "c1"
  ],
  "free_idx": [
    0,
    1,
    2,
    3,
    4,
    5,
    6,
    7,
    8
  ],
  "frozen_idx": [],
  "initial": {
    "full_params": [
      0.04375743605,
      0.9774184714,
      -1.960659735,
      -4.99216975,
      0.717326296,
      -0.338498232,
      1.455523349,
      0.0717885484,
      0.02583083271
    ],
    "free_params": [
      0.04375743605,
      0.9774184714,
      -1.960659735,
      -4.99216975,
      0.717326296,
      -0.338498232,
      1.455523349,
      0.0717885484,
      0.02583083271
    ],
    "metrics": {
      "chi2dN_total": 0.9905151516231997,
      "chi2dN_collider": 0.9206264296514034,
      "chi2dN_fixed_target": 1.0847590342821372,
      "highE_weighted_chi2dN": 1.3602330696673082,
      "highE_mean_ratio_first3": 1.0326342888401951,
      "highE_mean_absdev_first3": 0.051886152409785904,
      "highE_mean_signed_first3": 0.03263428884019508,
      "highE_mean_shortfall_first3": 0.009625931784795412,
      "highE_mean_overshoot_first3": 0.04226022062499049,
      "cms_highmass_mean_ratio_first3": 1.1050968637464886,
      "cms_highmass_mean_absdev_first3": 0.10509686374648856,
      "cms_highmass_mean_signed_first3": 0.10509686374648856,
      "zlike_mean_ratio_first3": 0.9843259055693329,
      "zlike_mean_absdev_first3": 0.016412344851984135,
      "zlike_mean_signed_first3": -0.015674094430667238,
      "compute_s": 0.0420152
    },
    "per_file_chi2dN": {
      "ATLAS_7\\ATLAS7-00y10.csv": 0.6251790252731211,
      "ATLAS_7\\ATLAS7-10y20.csv": 3.3939378537900295,
      "ATLAS_7\\ATLAS7-20y24.csv": 1.2222990610161992,
      "ATLAS_8\\ATLAS8-00y04.csv": 2.846741914085363,
      "ATLAS_8\\ATLAS8-04y08.csv": 1.0250922663659052,
      "ATLAS_8\\ATLAS8-08y12.csv": 0.35368378341974366,
      "ATLAS_8\\ATLAS8-116Q150.csv": 0.5507067251635895,
      "ATLAS_8\\ATLAS8-12y16.csv": 2.2203829985908823,
      "ATLAS_8\\ATLAS8-16y20.csv": 1.0104784453285203,
      "ATLAS_8\\ATLAS8-20y24.csv": 0.9661112203427304,
      "ATLAS_8\\ATLAS8-46Q66.csv": 0.9105560003581333,
      "CDF_I\\CDF1.csv": 0.5434507348092502,
      "CDF_II\\CDF2.csv": 0.7377993575333928,
      "CMS_7\\CMS7.csv": 1.445212804132674,
      "CMS_8\\CMS8.csv": 0.7531983657426733,
      "CMS_13\\CMS13-00y04.csv": 1.2987699780315032,
      "CMS_13\\CMS13-04y08.csv": 0.8281227675405152,
      "CMS_13\\CMS13-08y12.csv": 0.4356793123201831,
      "CMS_13\\CMS13-106Q170.csv": 0.8178093718319288,
      "CMS_13\\CMS13-12y16.csv": 0.21485394400206925,
      "CMS_13\\CMS13-16y24.csv": 0.22158272543970275,
      "CMS_13\\CMS13-170Q350.csv": 1.0874717467890904,
      "CMS_13\\CMS13-350Q1000.csv": 1.5499373499432723,
      "D0_I\\D01.csv": 0.575861316179327,
      "D0_II\\D02.csv": 0.7954811034243772,
      "D0_II_mu\\D02mu.csv": 0.5421344248905637,
      "E288\\E228-200-4Q5.csv": 0.29922274577495217,
      "E288\\E228-200-5Q6.csv": 0.2695511552685593,
      "E288\\E228-200-6Q7.csv": 0.4629536278009561,
      "E288\\E228-200-7Q8.csv": 0.5416948957928416,
      "E288\\E228-200-8Q9.csv": 0.4425556864838038,
      "E288\\E228-300-11Q12.csv": 0.39490348232221956,
      "E288\\E228-300-4Q5.csv": 1.269507797286136,
      "E288\\E228-300-5Q6.csv": 0.35029247231666916,
      "E288\\E228-300-6Q7.csv": 0.49623899943495003,
      "E288\\E228-300-7Q8.csv": 0.2028155052164535,
      "E288\\E228-300-8Q9.csv": 1.0543080325707972,
      "E288\\E228-400-11Q12.csv": 0.9648433522104594,
      "E288\\E228-400-12Q13.csv": 1.1085485745877526,
      "E288\\E228-400-13Q14.csv": 0.6757489582829441,
      "E288\\E228-400-5Q6.csv": 0.7487071570631793,
      "E288\\E228-400-6Q7.csv": 1.556607343148558,
      "E288\\E228-400-7Q8.csv": 1.4730400622438733,
      "E288\\E228-400-8Q9.csv": 1.5721111433271122,
      "E605\\E605-10.5Q11.5.csv": 0.529649249027306,
      "E605\\E605-11.5Q13.5.csv": 0.8062616845238199,
      "E605\\E605-13.5Q18.csv": 1.3972354012859147,
      "E605\\E605-7Q8.csv": 0.23029420522208727,
      "E605\\E605-8Q9.csv": 0.5285745110653871,
      "E772\\E772-11Q12.csv": 2.442896295398249,
      "E772\\E772-12Q13.csv": 3.6891431184967214,
      "E772\\E772-13Q14.csv": 3.826840574209082,
      "E772\\E772-14Q15.csv": 0.23136265321349422,
      "LHCb_7\\LHCb7.csv": 0.9531339523597985,
      "LHCb_8\\LHCb8.csv": 0.46489848381683124,
      "LHCb_13\\LHCb13.csv": 0.9241592334940185,
      "STAR\\STAR510.csv": 1.6928771626290846
    },
    "high_energy_rows": [
      {
        "file": "CMS_13\\CMS13-170Q350.csv",
        "chi2dN": 1.0874717467890904,
        "N": 10,
        "ratio_1": 1.082361220966938,
        "data_1": 0.0344,
        "pred_1": 0.037233226001262665,
        "ratio_2": 1.0944822762595554,
        "data_2": 0.0781,
        "pred_2": 0.08547906577587128,
        "ratio_3": 1.0841404255107872,
        "data_3": 0.0902,
        "pred_3": 0.097789466381073
      },
      {
        "file": "CMS_13\\CMS13-350Q1000.csv",
        "chi2dN": 1.5499373499432723,
        "N": 11,
        "ratio_1": 1.1264892420222778,
        "data_1": 0.00238,
        "pred_1": 0.0026810443960130215,
        "ratio_2": 1.1370347532550846,
        "data_2": 0.00565,
        "pred_2": 0.006424246355891228,
        "ratio_3": 1.1060732644642883,
        "data_3": 0.00699,
        "pred_3": 0.007731452118605375
      },
      {
        "file": "ATLAS_8\\ATLAS8-00y04.csv",
        "chi2dN": 2.846741914085363,
        "N": 6,
        "ratio_1": 0.986377629979022,
        "data_1": 3.257,
        "pred_1": 3.212631940841675,
        "ratio_2": 0.9893621087571873,
        "data_2": 6.708,
        "pred_2": 6.636641025543213,
        "ratio_3": 1.003322126895926,
        "data_3": 6.714,
        "pred_3": 6.736304759979248
      },
      {
        "file": "ATLAS_8\\ATLAS8-04y08.csv",
        "chi2dN": 1.0250922663659052,
        "N": 6,
        "ratio_1": 0.9909447915585895,
        "data_1": 3.219,
        "pred_1": 3.1898512840270996,
        "ratio_2": 0.9887047768210565,
        "data_2": 6.676,
        "pred_2": 6.600593090057373,
        "ratio_3": 0.9943841206880569,
        "data_3": 6.737,
        "pred_3": 6.6991658210754395
      },
      {
        "file": "LHCb_8\\LHCb8.csv",
        "chi2dN": 0.46489848381683124,
        "N": 7,
        "ratio_1": 0.9695081024235378,
        "data_1": 3.592273,
        "pred_1": 3.4827377796173096,
        "ratio_2": 0.9617536525477186,
        "data_2": 6.420833,
        "pred_2": 6.175259590148926,
        "ratio_3": 0.9745758404529001,
        "data_3": 6.340833,
        "pred_3": 6.179622650146484
      }
    ]
  },
  "fit": {
    "elapsed_s": 423.2141518999997,
    "nf": 5375,
    "flag": 0,
    "free_params": [
      0.03678546543100558,
      0.9995964563234889,
      -2.0420291163854856,
      -5.101398793102666,
      0.8391539898501201,
      -0.38647034020512105,
      1.4469086984721615,
      0.07148069971158534,
      0.02665757838430512
    ],
    "log10_chi2": -0.004910963148812975,
    "stage1": [
      {
        "start_id": 0,
        "log10_chi2": -0.004415279227370106,
        "nf": 105,
        "flag": 1
      },
      {
        "start_id": 11,
        "log10_chi2": -0.004231353641672906,
        "nf": 105,
        "flag": 1
      },
      {
        "start_id": 24,
        "log10_chi2": -0.004181613254168821,
        "nf": 105,
        "flag": 1
      },
      {
        "start_id": 25,
        "log10_chi2": -0.0037486775432067354,
        "nf": 105,
        "flag": 1
      },
      {
        "start_id": 26,
        "log10_chi2": -0.0034660709091984183,
        "nf": 105,
        "flag": 1
      },
      {
        "start_id": 19,
        "log10_chi2": -0.0015442338485189455,
        "nf": 105,
        "flag": 1
      },
      {
        "start_id": 27,