{
  "candidate": "powerseed_den_base_sech",
  "fit_name": "PowerseedDenBaseSech",
  "param_names": [
    "lambda1",
    "lambda2",
    "lambda4",
    "logx0",
    "sigx",
    "amp",
    "l0",
    "BNP",
    "c0",
    "c1"
  ],
  "free_idx": [
    0,
    1,
    2,
    3,
    4,
    5,
    6,
    7,
    8,
    9
  ],
  "frozen_idx": [],
  "initial": {
    "full_params": [
      0.543680868462,
      0.624789037837,
      0.0246503980779,
      -4.58085522435,
      0.33536604003,
      -0.485169528067,
      17.2591987195,
      1.41627869933,
      0.0793882165002,
      0.0222843375467
    ],
    "free_params": [
      0.543680868462,
      0.624789037837,
      0.0246503980779,
      -4.58085522435,
      0.33536604003,
      -0.485169528067,
      17.2591987195,
      1.41627869933,
      0.0793882165002,
      0.0222843375467
    ],
    "metrics": {
      "chi2dN_total": 25.375145361382238,
      "chi2dN_collider": 0.9219263785134685,
      "chi2dN_fixed_target": 58.34994065646286,
      "highE_weighted_chi2dN": 1.357420971621135,
      "highE_mean_ratio_first3": 1.031074244527103,
      "highE_mean_absdev_first3": 0.05121251870169006,
      "highE_mean_signed_first3": 0.031074244527103154,
      "highE_mean_shortfall_first3": 0.010069137087293453,
      "highE_mean_overshoot_first3": 0.0411433816143966,
      "cms_highmass_mean_ratio_first3": 1.1022910235941306,
      "cms_highmass_mean_absdev_first3": 0.10229102359413067,
      "cms_highmass_mean_signed_first3": 0.10229102359413067,
      "zlike_mean_ratio_first3": 0.9835963918157515,
      "zlike_mean_absdev_first3": 0.01716018210672965,
      "zlike_mean_signed_first3": -0.016403608184248526,
      "compute_s": 0.042899
    },
    "per_file_chi2dN": {
      "ATLAS_7\\ATLAS7-00y10.csv": 0.46044995109286657,
      "ATLAS_7\\ATLAS7-10y20.csv": 3.4163546447435214,
      "ATLAS_7\\ATLAS7-20y24.csv": 1.5857731672864155,
      "ATLAS_8\\ATLAS8-00y04.csv": 2.755337895951562,
      "ATLAS_8\\ATLAS8-04y08.csv": 1.090181879966891,
      "ATLAS_8\\ATLAS8-08y12.csv": 0.5180467022404908,
      "ATLAS_8\\ATLAS8-116Q150.csv": 0.5436037884359455,
      "ATLAS_8\\ATLAS8-12y16.csv": 1.6308741700255427,
      "ATLAS_8\\ATLAS8-16y20.csv": 1.1299350469946579,
      "ATLAS_8\\ATLAS8-20y24.csv": 1.013205817169692,
      "ATLAS_8\\ATLAS8-46Q66.csv": 0.4835418586574116,
      "CDF_I\\CDF1.csv": 0.5415978585595941,
      "CDF_II\\CDF2.csv": 0.8338449670303364,
      "CMS_7\\CMS7.csv": 1.44173272500173,
      "CMS_8\\CMS8.csv": 0.7447640595659215,
      "CMS_13\\CMS13-00y04.csv": 1.3725117968061948,
      "CMS_13\\CMS13-04y08.csv": 0.8457781523197299,
      "CMS_13\\CMS13-08y12.csv": 0.45009050645233206,
      "CMS_13\\CMS13-106Q170.csv": 0.8129456816137955,
      "CMS_13\\CMS13-12y16.csv": 0.23821288947099994,
      "CMS_13\\CMS13-16y24.csv": 0.2580470617402799,
      "CMS_13\\CMS13-170Q350.csv": 1.072442750273143,
      "CMS_13\\CMS13-350Q1000.csv": 1.5502833214630138,
      "D0_I\\D01.csv": 0.5667960634359475,
      "D0_II\\D02.csv": 0.6951764205636073,
      "D0_II_mu\\D02mu.csv": 0.31404014063108615,
      "E288\\E228-200-4Q5.csv": 14.541342775866374,
      "E288\\E228-200-5Q6.csv": 86.60668797428359,
      "E288\\E228-200-6Q7.csv": 177.2661886227694,
      "E288\\E228-200-7Q8.csv": 90.0007782437297,
      "E288\\E228-200-8Q9.csv": 44.94359238265127,
      "E288\\E228-300-11Q12.csv": 2.7865494158957946,
      "E288\\E228-300-4Q5.csv": 6.464045391355256,
      "E288\\E228-300-5Q6.csv": 49.53017173325246,
      "E288\\E228-300-6Q7.csv": 108.03984332846238,
      "E288\\E228-300-7Q8.csv": 90.92161306912443,
      "E288\\E228-300-8Q9.csv": 52.878279783418755,
      "E288\\E228-400-11Q12.csv": 21.536730311208967,
      "E288\\E228-400-12Q13.csv": 8.410899489362485,
      "E288\\E228-400-13Q14.csv": 0.6294319359315186,
      "E288\\E228-400-5Q6.csv": 62.56945201109403,
      "E288\\E228-400-6Q7.csv": 322.1644893700658,
      "E288\\E228-400-7Q8.csv": 314.6648163608215,
      "E288\\E228-400-8Q9.csv": 283.1880519442678,
      "E605\\E605-10.5Q11.5.csv": 11.723709983945147,
      "E605\\E605-11.5Q13.5.csv": 11.62356395297539,
      "E605\\E605-13.5Q18.csv": 4.1743038567532755,
      "E605\\E605-7Q8.csv": 4.2874253296009766,
      "E605\\E605-8Q9.csv": 10.255523217920919,
      "E772\\E772-11Q12.csv": 5.455366858466425,
      "E772\\E772-12Q13.csv": 5.7610007714371445,
      "E772\\E772-13Q14.csv": 9.194637371565912,
      "E772\\E772-14Q15.csv": 0.8542830767635087,
      "LHCb_7\\LHCb7.csv": 0.9630799009037105,
      "LHCb_8\\LHCb8.csv": 0.4923108815014433,
      "LHCb_13\\LHCb13.csv": 0.9258672199179363,
      "STAR\\STAR510.csv": 1.570670120128085
    },
    "high_energy_rows": [
      {
        "file": "CMS_13\\CMS13-170Q350.csv",
        "chi2dN": 1.072442750273143,
        "N": 10,
        "ratio_1": 1.0791233589136324,
        "data_1": 0.0344,
        "pred_1": 0.03712184354662895,
        "ratio_2": 1.0939068357709427,
        "data_2": 0.0781,
        "pred_2": 0.08543412387371063,
        "ratio_3": 1.0840272625904126,
        "data_3": 0.0902,
        "pred_3": 0.09777925908565521
      },
      {
        "file": "CMS_13\\CMS13-350Q1000.csv",
        "chi2dN": 1.5502833214630138,
        "N": 11,
        "ratio_1": 1.1193085688815898,
        "data_1": 0.00238,
        "pred_1": 0.002663954393938184,
        "ratio_2": 1.1328761094966822,
        "data_2": 0.00565,
        "pred_2": 0.006400750018656254,
        "ratio_3": 1.1045040059115243,
        "data_3": 0.00699,
        "pred_3": 0.007720483001321554
      },
      {
        "file": "ATLAS_8\\ATLAS8-00y04.csv",
        "chi2dN": 2.755337895951562,
        "N": 6,
        "ratio_1": 0.9918024029730286,
        "data_1": 3.257,
        "pred_1": 3.2303004264831543,
        "ratio_2": 0.9944615935596882,
        "data_2": 6.708,
        "pred_2": 6.670848369598389,
        "ratio_3": 1.003404582651165,
        "data_3": 6.714,
        "pred_3": 6.736858367919922
      },
      {
        "file": "ATLAS_8\\ATLAS8-04y08.csv",
        "chi2dN": 1.090181879966891,
        "N": 6,
        "ratio_1": 0.9875305693650994,
        "data_1": 3.219,
        "pred_1": 3.178860902786255,
        "ratio_2": 0.9911803873518115,
        "data_2": 6.676,
        "pred_2": 6.617120265960693,
        "ratio_3": 0.9951666517287417,
        "data_3": 6.737,
        "pred_3": 6.704437732696533
      },
      {
        "file": "LHCb_8\\LHCb8.csv",
        "chi2dN": 0.4923108815014433,
        "N": 7,
        "ratio_1": 0.9666149084206891,
        "data_1": 3.592273,
        "pred_1": 3.4723446369171143,
        "ratio_2": 0.958607232648813,
        "data_2": 6.420833,
        "pred_2": 6.155056953430176,
        "ratio_3": 0.9635991976427267,
        "data_3": 6.340833,
        "pred_3": 6.110021591186523
      }
    ]
  },
  "fit": {
    "elapsed_s": 253.7271407999997,
    "nf": 3150,
    "flag": 1,
    "free_params": [
      0.4067951901475374,
      2.5642920610997906,
      0.01980234759047239,
      -4.4236424951486395,
      0.27414256814613813,
      -0.4581046639351958,
      6.3636761072078585,
      4.1454109748684695,
      0.07656723909750729,
      0.010305328618428075
    ],
    "log10_chi2": -0.09233850819514217,
    "stage1": [
      {
        "start_id": 14,
        "log10_chi2": -0.06119928538179395,
        "nf": 75,
        "flag": 1
      },
      {
        "start_id": 2,
        "log10_chi2": -0.04312059057047334,
        "nf": 75,
        "flag": 1
      },
      {
        "start_id": 18,
        "log10_chi2": -0.03859399425505059,
        "nf": 75,
        "flag": 1
      },
      {
        "start_id": 7,
        "log10_chi2": -0.03694730610601818,
        "nf": 75,
        "flag": 1
      },
      {
        "start_id": 5,
        "log10_chi2": -0.02255332299286966,
        "nf": 75,
        "flag": 1
      },
      {
        "start_id": 13,
        "log10_chi2": -0.015814871038623713,
        "nf": 75,