{
  "candidate": "powerseed_den_linear_sech",
  "fit_name": "PowerseedDenLinearSech",
  "param_names": [
    "lambda1",
    "lambda2",
    "lambda4",
    "logx0",
    "sigx",
    "amp",
    "l0",
    "BNP",
    "c0",
    "c1"
  ],
  "free_idx": [
    0,
    1,
    2,
    3,
    4,
    5,
    6,
    7,
    8,
    9
  ],
  "frozen_idx": [],
  "initial": {
    "full_params": [
      0.543680868462,
      0.624789037837,
      0.0246503980779,
      -4.58085522435,
      0.33536604003,
      -0.485169528067,
      17.2591987195,
      1.41627869933,
      0.0793882165002,
      0.0222843375467
    ],
    "free_params": [
      0.543680868462,
      0.624789037837,
      0.0246503980779,
      -4.58085522435,
      0.33536604003,
      -0.485169528067,
      17.2591987195,
      1.41627869933,
      0.0793882165002,
      0.0222843375467
    ],
    "metrics": {
      "chi2dN_total": 25.66189614957758,
      "chi2dN_collider": 0.9234954182113249,
      "chi2dN_fixed_target": 59.021254711571466,
      "highE_weighted_chi2dN": 1.3576445693181363,
      "highE_mean_ratio_first3": 1.0310927034076542,
      "highE_mean_absdev_first3": 0.05120812725696429,
      "highE_mean_signed_first3": 0.031092703407654295,
      "highE_mean_shortfall_first3": 0.010057711924654995,
      "highE_mean_overshoot_first3": 0.041150415332309294,
      "cms_highmass_mean_ratio_first3": 1.1023086907471218,
      "cms_highmass_mean_absdev_first3": 0.10230869074712179,
      "cms_highmass_mean_signed_first3": 0.10230869074712179,
      "zlike_mean_ratio_first3": 0.983615378514676,
      "zlike_mean_absdev_first3": 0.017141084930192618,
      "zlike_mean_signed_first3": -0.016384621485324033,
      "compute_s": 0.0390949
    },
    "per_file_chi2dN": {
      "ATLAS_7\\ATLAS7-00y10.csv": 0.4611805233954098,
      "ATLAS_7\\ATLAS7-10y20.csv": 3.428199445705102,
      "ATLAS_7\\ATLAS7-20y24.csv": 1.5983097484439284,
      "ATLAS_8\\ATLAS8-00y04.csv": 2.7552592933140723,
      "ATLAS_8\\ATLAS8-04y08.csv": 1.0897956156145812,
      "ATLAS_8\\ATLAS8-08y12.csv": 0.5167511669237693,
      "ATLAS_8\\ATLAS8-116Q150.csv": 0.5432668781608481,
      "ATLAS_8\\ATLAS8-12y16.csv": 1.6348610753936368,
      "ATLAS_8\\ATLAS8-16y20.csv": 1.1369397918635558,
      "ATLAS_8\\ATLAS8-20y24.csv": 1.0176318773157036,
      "ATLAS_8\\ATLAS8-46Q66.csv": 0.4836349565606427,
      "CDF_I\\CDF1.csv": 0.5424711488161469,
      "CDF_II\\CDF2.csv": 0.83672417321381,
      "CMS_7\\CMS7.csv": 1.4419955250086276,
      "CMS_8\\CMS8.csv": 0.744581285861821,
      "CMS_13\\CMS13-00y04.csv": 1.3725021991679118,
      "CMS_13\\CMS13-04y08.csv": 0.8457726974138023,
      "CMS_13\\CMS13-08y12.csv": 0.4500758798424193,
      "CMS_13\\CMS13-106Q170.csv": 0.8130579164397608,
      "CMS_13\\CMS13-12y16.csv": 0.23812138563823756,
      "CMS_13\\CMS13-16y24.csv": 0.25798045699909067,
      "CMS_13\\CMS13-170Q350.csv": 1.0723344519477807,
      "CMS_13\\CMS13-350Q1000.csv": 1.5502459710738423,
      "D0_I\\D01.csv": 0.566209992012578,
      "D0_II\\D02.csv": 0.6959610694972274,
      "D0_II_mu\\D02mu.csv": 0.31404403541352927,
      "E288\\E228-200-4Q5.csv": 14.96664781249567,
      "E288\\E228-200-5Q6.csv": 87.89548532996814,
      "E288\\E228-200-6Q7.csv": 178.95788079774,
      "E288\\E228-200-7Q8.csv": 90.58559855613821,
      "E288\\E228-200-8Q9.csv": 45.13267656273627,
      "E288\\E228-300-11Q12.csv": 2.793553384373725,
      "E288\\E228-300-4Q5.csv": 6.752771473446191,
      "E288\\E228-300-5Q6.csv": 50.51207283972471,
      "E288\\E228-300-6Q7.csv": 109.5335382900617,
      "E288\\E228-300-7Q8.csv": 91.72672173809444,
      "E288\\E228-300-8Q9.csv": 53.16926007115766,
      "E288\\E228-400-11Q12.csv": 21.596552971648943,
      "E288\\E228-400-12Q13.csv": 8.424975915365586,
      "E288\\E228-400-13Q14.csv": 0.6301985801562707,
      "E288\\E228-400-5Q6.csv": 64.30239074169668,
      "E288\\E228-400-6Q7.csv": 327.90279640256057,
      "E288\\E228-400-7Q8.csv": 318.20279056228577,
      "E288\\E228-400-8Q9.csv": 285.39032311394413,
      "E605\\E605-10.5Q11.5.csv": 11.879033945423473,
      "E605\\E605-11.5Q13.5.csv": 11.723784213639432,
      "E605\\E605-13.5Q18.csv": 4.193537714999355,
      "E605\\E605-7Q8.csv": 4.426742933467303,
      "E605\\E605-8Q9.csv": 10.485994669088557,
      "E772\\E772-11Q12.csv": 5.541123079159909,
      "E772\\E772-12Q13.csv": 5.8108301631610315,
      "E772\\E772-13Q14.csv": 9.25952078454826,
      "E772\\E772-14Q15.csv": 0.8589776270699675,
      "LHCb_7\\LHCb7.csv": 0.9647237961208399,
      "LHCb_8\\LHCb8.csv": 0.49420044540906577,
      "LHCb_13\\LHCb13.csv": 0.929865785517977,
      "STAR\\STAR510.csv": 1.5771044268301837
    },
    "high_energy_rows": [
      {
        "file": "CMS_13\\CMS13-170Q350.csv",
        "chi2dN": 1.0723344519477807,
        "N": 10,
        "ratio_1": 1.0791715494422025,
        "data_1": 0.0344,
        "pred_1": 0.03712350130081177,
        "ratio_2": 1.0939021612709523,
        "data_2": 0.0781,
        "pred_2": 0.08543375879526138,
        "ratio_3": 1.0840154506943442,
        "data_3": 0.0902,
        "pred_3": 0.09777819365262985
      },
      {
        "file": "CMS_13\\CMS13-350Q1000.csv",
        "chi2dN": 1.5502459710738423,
        "N": 11,
        "ratio_1": 1.11939905978301,
        "data_1": 0.00238,
        "pred_1": 0.0026641697622835636,
        "ratio_2": 1.1328813018260804,
        "data_2": 0.00565,
        "pred_2": 0.006400779355317354,
        "ratio_3": 1.1044826214661414,
        "data_3": 0.00699,
        "pred_3": 0.007720333524048328
      },
      {
        "file": "ATLAS_8\\ATLAS8-00y04.csv",
        "chi2dN": 2.7552592933140723,
        "N": 6,
        "ratio_1": 0.9918051846451212,
        "data_1": 3.257,
        "pred_1": 3.23030948638916,
        "ratio_2": 0.9944609537960591,
        "data_2": 6.708,
        "pred_2": 6.670844078063965,
        "ratio_3": 1.0034040855019086,
        "data_3": 6.714,
        "pred_3": 6.7368550300598145
      },
      {
        "file": "ATLAS_8\\ATLAS8-04y08.csv",
        "chi2dN": 1.0897956156145812,
        "N": 6,
        "ratio_1": 0.987544345648328,
        "data_1": 3.219,
        "pred_1": 3.1789052486419678,
        "ratio_2": 0.9911768874984933,
        "data_2": 6.676,
        "pred_2": 6.617096900939941,
        "ratio_3": 0.995163537459043,
        "data_3": 6.737,
        "pred_3": 6.704416751861572
      },
      {
        "file": "LHCb_8\\LHCb8.csv",
        "chi2dN": 0.49420044540906577,
        "N": 7,
        "ratio_1": 0.9668846354446288,
        "data_1": 3.592273,
        "pred_1": 3.473313570022583,
        "ratio_2": 0.9586164413928524,
        "data_2": 6.420833,
        "pred_2": 6.155116081237793,
        "ratio_3": 0.9634823352456492,
        "data_3": 6.340833,
        "pred_3": 6.109280586242676
      }
    ]
  },
  "fit": {
    "elapsed_s": 247.61436390000017,
    "nf": 3066,
    "flag": 0,
    "free_params": [
      0.021459069050931073,
      3.946692787364157,
      0.00428932156993822,
      -3.3390529001702696,
      0.15000081021288994,
      -1.0158759344904942,
      8.101189722532178,
      3.9521774016598936,
      0.0793744641602324,
      0.010321906001902869
    ],
    "log10_chi2": -0.09497307360796567,
    "stage1": [
      {
        "start_id": 4,
        "log10_chi2": -0.021857096261984475,
        "nf": 75,
        "flag": 1
      },
      {
        "start_id": 14,
        "log10_chi2": -0.02126632619882605,
        "nf": 75,
        "flag": 1
      },
      {
        "start_id": 5,
        "log10_chi2": -0.013937717469072075,
        "nf": 75,
        "flag": 1
      },
      {
        "start_id": 2,
        "log10_chi2": -0.013524522586193185,
        "nf": 75,
        "flag": 1
      },
      {
        "start_id": 6,
        "log10_chi2": -0.013306385751112686,
        "nf": 75,
        "flag": 1
      },
      {
        "start_id": 19,
        "log10_chi2": -0.013298411842929705,
        "nf": 75,