{
  "candidate": "powerseed_den_linear_exp",
  "fit_name": "PowerseedDenLinearExp",
  "param_names": [
    "lambda1",
    "lambda2",
    "lambda4",
    "logx0",
    "sigx",
    "amp",
    "l0",
    "BNP",
    "c0",
    "c1"
  ],
  "free_idx": [
    0,
    1,
    2,
    3,
    4,
    5,
    6,
    7,
    8,
    9
  ],
  "frozen_idx": [],
  "initial": {
    "full_params": [
      0.543680868462,
      0.624789037837,
      0.0246503980779,
      -4.58085522435,
      0.33536604003,
      -0.485169528067,
      17.2591987195,
      1.41627869933,
      0.0793882165002,
      0.0222843375467
    ],
    "free_params": [
      0.543680868462,
      0.624789037837,
      0.0246503980779,
      -4.58085522435,
      0.33536604003,
      -0.485169528067,
      17.2591987195,
      1.41627869933,
      0.0793882165002,
      0.0222843375467
    ],
    "metrics": {
      "chi2dN_total": 8.449657917534182,
      "chi2dN_collider": 3.5336797315762962,
      "chi2dN_fixed_target": 15.078780016780422,
      "highE_weighted_chi2dN": 4.012137019135956,
      "highE_mean_ratio_first3": 0.9999018083237879,
      "highE_mean_absdev_first3": 0.056240298113466945,
      "highE_mean_signed_first3": -9.819167621195982e-05,
      "highE_mean_shortfall_first3": 0.028169244894839452,
      "highE_mean_overshoot_first3": 0.028071053218627493,
      "cms_highmass_mean_ratio_first3": 1.068755099962872,
      "cms_highmass_mean_absdev_first3": 0.06875509996287206,
      "cms_highmass_mean_signed_first3": 0.06875509996287206,
      "zlike_mean_ratio_first3": 0.953999613897732,
      "zlike_mean_absdev_first3": 0.0478970968805302,
      "zlike_mean_signed_first3": -0.046000386102267976,
      "compute_s": 0.0390659
    },
    "per_file_chi2dN": {
      "ATLAS_7\\ATLAS7-00y10.csv": 5.793295404568283,
      "ATLAS_7\\ATLAS7-10y20.csv": 13.770951186733706,
      "ATLAS_7\\ATLAS7-20y24.csv": 3.1339027600895286,
      "ATLAS_8\\ATLAS8-00y04.csv": 4.351758571120967,
      "ATLAS_8\\ATLAS8-04y08.csv": 13.990850539382587,
      "ATLAS_8\\ATLAS8-08y12.csv": 15.636072414100328,
      "ATLAS_8\\ATLAS8-116Q150.csv": 1.1075971485240486,
      "ATLAS_8\\ATLAS8-12y16.csv": 20.916399899512246,
      "ATLAS_8\\ATLAS8-16y20.csv": 11.84194054306601,
      "ATLAS_8\\ATLAS8-20y24.csv": 8.303131458753137,
      "ATLAS_8\\ATLAS8-46Q66.csv": 7.021696481588536,
      "CDF_I\\CDF1.csv": 0.5966754442388852,
      "CDF_II\\CDF2.csv": 3.064556422520273,
      "CMS_7\\CMS7.csv": 1.9175094199341274,
      "CMS_8\\CMS8.csv": 1.646819458647895,
      "CMS_13\\CMS13-00y04.csv": 1.9945474173080802,
      "CMS_13\\CMS13-04y08.csv": 1.2924085860628372,
      "CMS_13\\CMS13-08y12.csv": 1.2614713105472286,
      "CMS_13\\CMS13-106Q170.csv": 1.865203944907782,
      "CMS_13\\CMS13-12y16.csv": 0.8998447966476492,
      "CMS_13\\CMS13-16y24.csv": 0.6112376541513938,
      "CMS_13\\CMS13-170Q350.csv": 1.112686567945977,
      "CMS_13\\CMS13-350Q1000.csv": 1.6059031544239297,
      "D0_I\\D01.csv": 1.4403815577248098,
      "D0_II\\D02.csv": 0.5248548592299881,
      "D0_II_mu\\D02mu.csv": 6.288992953103801,
      "E288\\E228-200-4Q5.csv": 0.669397679099665,
      "E288\\E228-200-5Q6.csv": 16.624980387048048,
      "E288\\E228-200-6Q7.csv": 52.824708152700424,
      "E288\\E228-200-7Q8.csv": 33.960900103007404,
      "E288\\E228-200-8Q9.csv": 20.942281074983157,
      "E288\\E228-300-11Q12.csv": 1.6227323218391063,
      "E288\\E228-300-4Q5.csv": 0.42148051981737483,
      "E288\\E228-300-5Q6.csv": 6.178227650413655,
      "E288\\E228-300-6Q7.csv": 19.699164393422368,
      "E288\\E228-300-7Q8.csv": 26.654551895336027,
      "E288\\E228-300-8Q9.csv": 22.035749108765568,
      "E288\\E228-400-11Q12.csv": 11.012371306355814,
      "E288\\E228-400-12Q13.csv": 5.313189586915774,
      "E288\\E228-400-13Q14.csv": 0.4816431374999276,
      "E288\\E228-400-5Q6.csv": 3.9090293538288226,
      "E288\\E228-400-6Q7.csv": 41.5761544570452,
      "E288\\E228-400-7Q8.csv": 72.24705591235872,
      "E288\\E228-400-8Q9.csv": 86.63349454561401,
      "E605\\E605-10.5Q11.5.csv": 2.2248279837501634,
      "E605\\E605-11.5Q13.5.csv": 3.5274445238440966,
      "E605\\E605-13.5Q18.csv": 1.8109084614571822,
      "E605\\E605-7Q8.csv": 0.5982049389154819,
      "E605\\E605-8Q9.csv": 1.2479407929926392,
      "E772\\E772-11Q12.csv": 1.3781057227652158,
      "E772\\E772-12Q13.csv": 2.5427230106608887,
      "E772\\E772-13Q14.csv": 3.6836161344349754,
      "E772\\E772-14Q15.csv": 0.42735826739132604,
      "LHCb_7\\LHCb7.csv": 2.002190689966999,
      "LHCb_8\\LHCb8.csv": 3.0911465320419906,
      "LHCb_13\\LHCb13.csv": 1.1852903765943748,
      "STAR\\STAR510.csv": 0.8641651470635966
    },
    "high_energy_rows": [
      {
        "file": "CMS_13\\CMS13-170Q350.csv",
        "chi2dN": 1.112686567945977,
        "N": 10,
        "ratio_1": 1.0114856237588927,
        "data_1": 0.0344,
        "pred_1": 0.03479510545730591,
        "ratio_2": 1.0635340335885022,
        "data_2": 0.0781,
        "pred_2": 0.08306200802326202,
        "ratio_3": 1.082845659980224,
        "data_3": 0.0902,
        "pred_3": 0.09767267853021622
      },
      {
        "file": "CMS_13\\CMS13-350Q1000.csv",
        "chi2dN": 1.6059031544239297,
        "N": 11,
        "ratio_1": 1.055789630108771,
        "data_1": 0.00238,
        "pred_1": 0.0025127793196588755,
        "ratio_2": 1.0999927577455488,
        "data_2": 0.00565,
        "pred_2": 0.00621495908126235,
        "ratio_3": 1.0988828945952935,
        "data_3": 0.00699,
        "pred_3": 0.007681191433221102
      },
      {
        "file": "ATLAS_8\\ATLAS8-00y04.csv",
        "chi2dN": 4.351758571120967,
        "N": 6,
        "ratio_1": 0.9697812958513259,
        "data_1": 3.257,
        "pred_1": 3.1585776805877686,
        "ratio_2": 0.9879301755856245,
        "data_2": 6.708,
        "pred_2": 6.627035617828369,
        "ratio_3": 1.005809435646982,
        "data_3": 6.714,
        "pred_3": 6.753004550933838
      },
      {
        "file": "ATLAS_8\\ATLAS8-04y08.csv",
        "chi2dN": 13.990850539382587,
        "N": 6,
        "ratio_1": 0.906740667361508,
        "data_1": 3.219,
        "pred_1": 2.9187982082366943,
        "ratio_2": 0.962641012032922,
        "data_2": 6.676,
        "pred_2": 6.426591396331787,
        "ratio_3": 1.002725762855198,
        "data_3": 6.737,
        "pred_3": 6.755363464355469
      },
      {
        "file": "LHCb_8\\LHCb8.csv",
        "chi2dN": 3.0911465320419906,
        "N": 7,
        "ratio_1": 0.863212425547818,
        "data_1": 3.592273,
        "pred_1": 3.1008946895599365,
        "ratio_2": 0.9198350040956584,
        "data_2": 6.420833,
        "pred_2": 5.906106948852539,
        "ratio_3": 0.9673207461025515,
        "data_3": 6.340833,
        "pred_3": 6.13361930847168
      }
    ]
  },
  "fit": {
    "elapsed_s": 250.17419410000002,
    "nf": 3094,
    "flag": 0,
    "free_params": [
      0.16694637144812344,
      1.2695914197139058,
      0.02321537789797068,
      -4.332311659756409,
      0.20631108367488815,
      -0.6827585932336047,
      16.847698685478946,
      3.544661645016599,
      0.07503103221372112,
      0.010968721691111828
    ],
    "log10_chi2": -0.0889185922167832,
    "stage1": [
      {
        "start_id": 17,
        "log10_chi2": -0.07856082883412521,
        "nf": 75,
        "flag": 1
      },
      {
        "start_id": 12,
        "log10_chi2": -0.07114893526837836,
        "nf": 75,
        "flag": 1
      },
      {
        "start_id": 16,
        "log10_chi2": -0.05897658621473811,
        "nf": 75,
        "flag": 1
      },
      {
        "start_id": 18,
        "log10_chi2": -0.0572241839425576,
        "nf": 75,
        "flag": 1
      },
      {
        "start_id": 1,
        "log10_chi2": -0.05129835556444187,
        "nf": 75,
        "flag": 1
      },
      {
        "start_id": 14,
        "log10_chi2": -0.05064742748638002,
        "nf": 75,