{
  "candidate": "powerseed_den_base_exp",
  "fit_name": "PowerseedDenBaseExp",
  "param_names": [
    "lambda1",
    "lambda2",
    "lambda4",
    "logx0",
    "sigx",
    "amp",
    "l0",
    "BNP",
    "c0",
    "c1"
  ],
  "free_idx": [
    0,
    1,
    2,
    3,
    4,
    5,
    6,
    7,
    8,
    9
  ],
  "frozen_idx": [],
  "initial": {
    "full_params": [
      0.543680868462,
      0.624789037837,
      0.0246503980779,
      -4.58085522435,
      0.33536604003,
      -0.485169528067,
      17.2591987195,
      1.41627869933,
      0.0793882165002,
      0.0222843375467
    ],
    "free_params": [
      0.543680868462,
      0.624789037837,
      0.0246503980779,
      -4.58085522435,
      0.33536604003,
      -0.485169528067,
      17.2591987195,
      1.41627869933,
      0.0793882165002,
      0.0222843375467
    ],
    "metrics": {
      "chi2dN_total": 6.8516890758354405,
      "chi2dN_collider": 3.5409666011783694,
      "chi2dN_fixed_target": 11.316148170448765,
      "highE_weighted_chi2dN": 4.017911560039748,
      "highE_mean_ratio_first3": 0.9998649946941741,
      "highE_mean_absdev_first3": 0.0562522886161961,
      "highE_mean_signed_first3": -0.00013500530582596741,
      "highE_mean_shortfall_first3": 0.02819364696101103,
      "highE_mean_overshoot_first3": 0.028058641655185065,
      "cms_highmass_mean_ratio_first3": 1.0687221343308122,
      "cms_highmass_mean_absdev_first3": 0.06872213433081224,
      "cms_highmass_mean_signed_first3": 0.06872213433081224,
      "zlike_mean_ratio_first3": 0.9539602349364151,
      "zlike_mean_absdev_first3": 0.047939058139785336,
      "zlike_mean_signed_first3": -0.04603976506358477,
      "compute_s": 0.0430612
    },
    "per_file_chi2dN": {
      "ATLAS_7\\ATLAS7-00y10.csv": 5.800529768991528,
      "ATLAS_7\\ATLAS7-10y20.csv": 13.78710309079957,
      "ATLAS_7\\ATLAS7-20y24.csv": 3.1387951649138404,
      "ATLAS_8\\ATLAS8-00y04.csv": 4.354554469955244,
      "ATLAS_8\\ATLAS8-04y08.csv": 14.001639504094257,
      "ATLAS_8\\ATLAS8-08y12.csv": 15.651327743196623,
      "ATLAS_8\\ATLAS8-116Q150.csv": 1.1088532543792426,
      "ATLAS_8\\ATLAS8-12y16.csv": 20.93944594936277,
      "ATLAS_8\\ATLAS8-16y20.csv": 11.86302159660603,
      "ATLAS_8\\ATLAS8-20y24.csv": 8.325447956598833,
      "ATLAS_8\\ATLAS8-46Q66.csv": 7.023420385202939,
      "CDF_I\\CDF1.csv": 0.5985136905457707,
      "CDF_II\\CDF2.csv": 3.0891259643195705,
      "CMS_7\\CMS7.csv": 1.9178143923749669,
      "CMS_8\\CMS8.csv": 1.6473565116248934,
      "CMS_13\\CMS13-00y04.csv": 1.9947579187592663,
      "CMS_13\\CMS13-04y08.csv": 1.2925353675240432,
      "CMS_13\\CMS13-08y12.csv": 1.2617506672189227,
      "CMS_13\\CMS13-106Q170.csv": 1.8665930593418372,
      "CMS_13\\CMS13-12y16.csv": 0.9002624405167627,
      "CMS_13\\CMS13-16y24.csv": 0.6117809509760135,
      "CMS_13\\CMS13-170Q350.csv": 1.1133404815554622,
      "CMS_13\\CMS13-350Q1000.csv": 1.6061091481973226,
      "D0_I\\D01.csv": 1.4489822248567392,
      "D0_II\\D02.csv": 0.5330147249225311,
      "D0_II_mu\\D02mu.csv": 6.3209593744846435,
      "E288\\E228-200-4Q5.csv": 0.36301508845295644,
      "E288\\E228-200-5Q6.csv": 10.780383379641572,
      "E288\\E228-200-6Q7.csv": 39.40194731877794,
      "E288\\E228-200-7Q8.csv": 27.10144323097071,
      "E288\\E228-200-8Q9.csv": 17.656733855644113,
      "E288\\E228-300-11Q12.csv": 1.4683534567538752,
      "E288\\E228-300-4Q5.csv": 0.7778800302473231,
      "E288\\E228-300-5Q6.csv": 3.855935443240534,
      "E288\\E228-300-6Q7.csv": 12.894608154402158,
      "E288\\E228-300-7Q8.csv": 20.2191214098166,
      "E288\\E228-300-8Q9.csv": 18.268424554940317,
      "E288\\E228-400-11Q12.csv": 9.454356567350917,
      "E288\\E228-400-12Q13.csv": 4.837588455290434,
      "E288\\E228-400-13Q14.csv": 0.46675322557545956,
      "E288\\E228-400-5Q6.csv": 2.0889725236474197,
      "E288\\E228-400-6Q7.csv": 25.38971460444508,
      "E288\\E228-400-7Q8.csv": 51.07320070733193,
      "E288\\E228-400-8Q9.csv": 65.3841495668608,
      "E605\\E605-10.5Q11.5.csv": 1.6483415926689933,
      "E605\\E605-11.5Q13.5.csv": 2.8400591166916853,
      "E605\\E605-13.5Q18.csv": 1.5579783590447045,
      "E605\\E605-7Q8.csv": 0.5613036739816555,
      "E605\\E605-8Q9.csv": 0.9578853465455681,
      "E772\\E772-11Q12.csv": 1.2609063146562935,
      "E772\\E772-12Q13.csv": 2.3208486432200086,
      "E772\\E772-13Q14.csv": 3.3383475238664597,
      "E772\\E772-14Q15.csv": 0.3891384229932906,
      "LHCb_7\\LHCb7.csv": 2.0162007574768617,
      "LHCb_8\\LHCb8.csv": 3.1112418730811027,
      "LHCb_13\\LHCb13.csv": 1.1874475335048977,
      "STAR\\STAR510.csv": 0.8591610742188013
    },
    "high_energy_rows": [
      {
        "file": "CMS_13\\CMS13-170Q350.csv",
        "chi2dN": 1.1133404815554622,
        "N": 10,
        "ratio_1": 1.011409493553084,
        "data_1": 0.0344,
        "pred_1": 0.03479248657822609,
        "ratio_2": 1.0635330796089124,
        "data_2": 0.0781,
        "pred_2": 0.08306193351745605,
        "ratio_3": 1.0828673839569092,
        "data_3": 0.0902,
        "pred_3": 0.09767463803291321
      },
      {
        "file": "CMS_13\\CMS13-350Q1000.csv",
        "chi2dN": 1.6061091481973226,
        "N": 11,
        "ratio_1": 1.0556215616021336,
        "data_1": 0.00238,
        "pred_1": 0.002512379316613078,
        "ratio_2": 1.0999763565780842,
        "data_2": 0.00565,
        "pred_2": 0.006214866414666176,
        "ratio_3": 1.09892493068575,
        "data_3": 0.00699,
        "pred_3": 0.007681485265493393
      },
      {
        "file": "ATLAS_8\\ATLAS8-00y04.csv",
        "chi2dN": 4.354554469955244,
        "N": 6,
        "ratio_1": 0.9697657770491246,
        "data_1": 3.257,
        "pred_1": 3.158527135848999,
        "ratio_2": 0.987934440676485,
        "data_2": 6.708,
        "pred_2": 6.627064228057861,
        "ratio_3": 1.005813128755744,
        "data_3": 6.714,
        "pred_3": 6.7530293464660645
      },
      {
        "file": "ATLAS_8\\ATLAS8-04y08.csv",
        "chi2dN": 14.001639504094257,
        "N": 6,
        "ratio_1": 0.9067154849082945,
        "data_1": 3.219,
        "pred_1": 2.9187171459198,
        "ratio_2": 0.9626446547373959,
        "data_2": 6.676,
        "pred_2": 6.4266157150268555,
        "ratio_3": 1.0027336900871586,
        "data_3": 6.737,
        "pred_3": 6.7554168701171875
      },
      {
        "file": "LHCb_8\\LHCb8.csv",
        "chi2dN": 3.1112418730811027,
        "N": 7,
        "ratio_1": 0.8625947878301057,
        "data_1": 3.592273,
        "pred_1": 3.0986759662628174,
        "ratio_2": 0.9198179233607465,
        "data_2": 6.420833,
        "pred_2": 5.905997276306152,
        "ratio_3": 0.9676222270226824,
        "data_3": 6.340833,
        "pred_3": 6.135530948638916
      }
    ]
  },
  "fit": {
    "elapsed_s": 247.38251870000022,
    "nf": 3076,
    "flag": 0,
    "free_params": [
      0.09589680258187232,
      1.3098598025446142,
      0.010547582106852804,
      -4.4139559135892465,
      0.31646814184925187,
      -0.09929108254472041,
      16.527614734060755,
      3.285180407749332,
      0.07519242569050961,
      0.01097224890657528
    ],
    "log10_chi2": -0.08823059975431338,
    "stage1": [
      {
        "start_id": 1,
        "log10_chi2": -0.07800827475059526,
        "nf": 75,
        "flag": 1
      },
      {
        "start_id": 11,
        "log10_chi2": -0.07361284178010657,
        "nf": 75,
        "flag": 1
      },
      {
        "start_id": 0,
        "log10_chi2": -0.07175245533197945,
        "nf": 75,
        "flag": 1
      },
      {
        "start_id": 14,
        "log10_chi2": -0.07128379910352735,
        "nf": 75,
        "flag": 1
      },
      {
        "start_id": 18,
        "log10_chi2": -0.07124433810855428,
        "nf": 75,
        "flag": 1
      },
      {
        "start_id": 5,
        "log10_chi2": -0.07009733776894089,
        "nf": 75,