{
  "candidate": "powerseed_den_full_sech",
  "fit_name": "PowerseedDenFullSech",
  "param_names": [
    "lambda1",
    "lambda2",
    "lambda4",
    "logx0",
    "sigx",
    "amp",
    "l0",
    "BNP",
    "c0",
    "c1"
  ],
  "free_idx": [
    0,
    1,
    2,
    3,
    4,
    5,
    6,
    7,
    8,
    9
  ],
  "frozen_idx": [],
  "initial": {
    "full_params": [
      0.543680868462,
      0.624789037837,
      0.0246503980779,
      -4.58085522435,
      0.33536604003,
      -0.485169528067,
      17.2591987195,
      1.41627869933,
      0.0793882165002,
      0.0222843375467
    ],
    "free_params": [
      0.543680868462,
      0.624789037837,
      0.0246503980779,
      -4.58085522435,
      0.33536604003,
      -0.485169528067,
      17.2591987195,
      1.41627869933,
      0.0793882165002,
      0.0222843375467
    ],
    "metrics": {
      "chi2dN_total": 16.960775450597065,
      "chi2dN_collider": 0.9059284598642134,
      "chi2dN_fixed_target": 38.61049336234288,
      "highE_weighted_chi2dN": 1.353694126682441,
      "highE_mean_ratio_first3": 1.0307999723840007,
      "highE_mean_absdev_first3": 0.05134333478659023,
      "highE_mean_signed_first3": 0.030799972384000694,
      "highE_mean_shortfall_first3": 0.010271681201294765,
      "highE_mean_overshoot_first3": 0.04107165358529546,
      "cms_highmass_mean_ratio_first3": 1.1021113602516532,
      "cms_highmass_mean_absdev_first3": 0.10211136025165317,
      "cms_highmass_mean_signed_first3": 0.10211136025165317,
      "zlike_mean_ratio_first3": 0.9832590471388989,
      "zlike_mean_absdev_first3": 0.017497984476548267,
      "zlike_mean_signed_first3": -0.01674095286110095,
      "compute_s": 0.0660888
    },
    "per_file_chi2dN": {
      "ATLAS_7\\ATLAS7-00y10.csv": 0.45681049024843706,
      "ATLAS_7\\ATLAS7-10y20.csv": 3.3323004076714793,
      "ATLAS_7\\ATLAS7-20y24.csv": 1.4693244936473686,
      "ATLAS_8\\ATLAS8-00y04.csv": 2.755843475783387,
      "ATLAS_8\\ATLAS8-04y08.csv": 1.0919384937551748,
      "ATLAS_8\\ATLAS8-08y12.csv": 0.525269330381264,
      "ATLAS_8\\ATLAS8-116Q150.csv": 0.5462289728443375,
      "ATLAS_8\\ATLAS8-12y16.csv": 1.6061663416753247,
      "ATLAS_8\\ATLAS8-16y20.csv": 1.0799438232395322,
      "ATLAS_8\\ATLAS8-20y24.csv": 0.9766526988027843,
      "ATLAS_8\\ATLAS8-46Q66.csv": 0.4830817750428778,
      "CDF_I\\CDF1.csv": 0.5297080581439481,
      "CDF_II\\CDF2.csv": 0.8013903215263424,
      "CMS_7\\CMS7.csv": 1.440112450918015,
      "CMS_8\\CMS8.csv": 0.7459092408721171,
      "CMS_13\\CMS13-00y04.csv": 1.3725796834472759,
      "CMS_13\\CMS13-04y08.csv": 0.8458180421627323,
      "CMS_13\\CMS13-08y12.csv": 0.45018147756002797,
      "CMS_13\\CMS13-106Q170.csv": 0.8122578115301654,
      "CMS_13\\CMS13-12y16.csv": 0.23868664546786425,
      "CMS_13\\CMS13-16y24.csv": 0.2584837409075551,
      "CMS_13\\CMS13-170Q350.csv": 1.0733126893644382,
      "CMS_13\\CMS13-350Q1000.csv": 1.55073101517601,
      "D0_I\\D01.csv": 0.5769611938063341,
      "D0_II\\D02.csv": 0.6808144957481528,
      "D0_II_mu\\D02mu.csv": 0.3149679055429942,
      "E288\\E228-200-4Q5.csv": 7.1593801836427895,
      "E288\\E228-200-5Q6.csv": 54.06705809937215,
      "E288\\E228-200-6Q7.csv": 123.5802586098198,
      "E288\\E228-200-7Q8.csv": 66.838086202926,
      "E288\\E228-200-8Q9.csv": 35.374680040060056,
      "E288\\E228-300-11Q12.csv": 2.338267827176489,
      "E288\\E228-300-4Q5.csv": 2.2426059275493953,
      "E288\\E228-300-5Q6.csv": 28.252100236826756,
      "E288\\E228-300-6Q7.csv": 66.55107012696156,
      "E288\\E228-300-7Q8.csv": 63.13898982094401,
      "E288\\E228-300-8Q9.csv": 40.405461488434845,
      "E288\\E228-400-11Q12.csv": 17.268128988548803,
      "E288\\E228-400-12Q13.csv": 7.242817009133553,
      "E288\\E228-400-13Q14.csv": 0.5818549721343323,
      "E288\\E228-400-5Q6.csv": 30.835409273758966,
      "E288\\E228-400-6Q7.csv": 183.67822112733373,
      "E288\\E228-400-7Q8.csv": 204.24458668313267,
      "E288\\E228-400-8Q9.csv": 197.11734833500532,
      "E605\\E605-10.5Q11.5.csv": 7.454242841999182,
      "E605\\E605-11.5Q13.5.csv": 8.115470745848397,
      "E605\\E605-13.5Q18.csv": 3.162400183057179,
      "E605\\E605-7Q8.csv": 2.2414157099496888,
      "E605\\E605-8Q9.csv": 6.017406305065069,
      "E772\\E772-11Q12.csv": 3.569731089302519,
      "E772\\E772-12Q13.csv": 4.341556549610451,
      "E772\\E772-13Q14.csv": 7.132317177974712,
      "E772\\E772-14Q15.csv": 0.6714232738675668,
      "LHCb_7\\LHCb7.csv": 0.9345697347065315,
      "LHCb_8\\LHCb8.csv": 0.4671293127836816,
      "LHCb_13\\LHCb13.csv": 0.8693278632799623,
      "STAR\\STAR510.csv": 1.4826616965423423
    },
    "high_energy_rows": [
      {
        "file": "CMS_13\\CMS13-170Q350.csv",
        "chi2dN": 1.0733126893644382,
        "N": 10,
        "ratio_1": 1.0787376180984254,
        "data_1": 0.0344,
        "pred_1": 0.03710857406258583,
        "ratio_2": 1.0939453765463738,
        "data_2": 0.0781,
        "pred_2": 0.08543713390827179,
        "ratio_3": 1.084120023144851,
        "data_3": 0.0902,
        "pred_3": 0.09778762608766556
      },
      {
        "file": "CMS_13\\CMS13-350Q1000.csv",
        "chi2dN": 1.55073101517601,
        "N": 11,
        "ratio_1": 1.1183281366502036,
        "data_1": 0.00238,
        "pred_1": 0.0026616209652274847,
        "ratio_2": 1.1328049004077911,
        "data_2": 0.00565,
        "pred_2": 0.00640034768730402,
        "ratio_3": 1.1047321066622742,
        "data_3": 0.00699,
        "pred_3": 0.007722077425569296
      },
      {
        "file": "ATLAS_8\\ATLAS8-00y04.csv",
        "chi2dN": 2.755843475783387,
        "N": 6,
        "ratio_1": 0.9917928135244986,
        "data_1": 3.257,
        "pred_1": 3.230269193649292,
        "ratio_2": 0.9944643658687475,
        "data_2": 6.708,
        "pred_2": 6.670866966247559,
        "ratio_3": 1.003406642269513,
        "data_3": 6.714,
        "pred_3": 6.73687219619751
      },
      {
        "file": "ATLAS_8\\ATLAS8-04y08.csv",
        "chi2dN": 1.0919384937551748,
        "N": 6,
        "ratio_1": 0.987466205977327,
        "data_1": 3.219,
        "pred_1": 3.1786537170410156,
        "ratio_2": 0.9911974580649346,
        "data_2": 6.676,
        "pred_2": 6.617234230041504,
        "ratio_3": 0.995181161394384,
        "data_3": 6.737,
        "pred_3": 6.704535484313965
      },
      {
        "file": "LHCb_8\\LHCb8.csv",
        "chi2dN": 0.4671293127836816,
        "N": 7,
        "ratio_1": 0.9616613291493408,
        "data_1": 3.592273,
        "pred_1": 3.45455002784729,
        "ratio_2": 0.958439024541963,
        "data_2": 6.420833,
        "pred_2": 6.153976917266846,
        "ratio_3": 0.9657224234593831,
        "data_3": 6.340833,
        "pred_3": 6.1234846115112305
      }
    ]
  },
  "fit": {
    "elapsed_s": 256.75594539999975,
    "nf": 3063,
    "flag": 0,
    "free_params": [
      0.1360558216174359,
      3.1754723261925695,
      -0.037029922507079926,
      -4.490112216162903,
      0.2897956433614509,
      -0.3895916540222939,
      18.06284445249611,
      3.171332101804511,
      0.07649179437739322,
      0.011856087362820126
    ],
    "log10_chi2": -0.09473195113718823,
    "stage1": [
      {
        "start_id": 14,
        "log10_chi2": -0.07468061720006955,
        "nf": 75,
        "flag": 1
      },
      {
        "start_id": 13,
        "log10_chi2": -0.07453108874340596,
        "nf": 75,
        "flag": 1
      },
      {
        "start_id": 12,
        "log10_chi2": -0.07277311705552898,
        "nf": 75,
        "flag": 1
      },
      {
        "start_id": 16,
        "log10_chi2": -0.06697552376327913,
        "nf": 75,
        "flag": 1
      },
      {
        "start_id": 10,
        "log10_chi2": -0.0649616024812764,
        "nf": 75,
        "flag": 1
      },
      {
        "start_id": 7,
        "log10_chi2": -0.05824119385819403,
        "nf": 75,