{
  "candidate": "powerseed_den_full_exp",
  "fit_name": "PowerseedDenFullExp",
  "param_names": [
    "lambda1",
    "lambda2",
    "lambda4",
    "logx0",
    "sigx",
    "amp",
    "l0",
    "BNP",
    "c0",
    "c1"
  ],
  "free_idx": [
    0,
    1,
    2,
    3,
    4,
    5,
    6,
    7,
    8,
    9
  ],
  "frozen_idx": [],
  "initial": {
    "full_params": [
      0.543680868462,
      0.624789037837,
      0.0246503980779,
      -4.58085522435,
      0.33536604003,
      -0.485169528067,
      17.2591987195,
      1.41627869933,
      0.0793882165002,
      0.0222843375467
    ],
    "free_params": [
      0.543680868462,
      0.624789037837,
      0.0246503980779,
      -4.58085522435,
      0.33536604003,
      -0.485169528067,
      17.2591987195,
      1.41627869933,
      0.0793882165002,
      0.0222843375467
    ],
    "metrics": {
      "chi2dN_total": 2.543912340592252,
      "chi2dN_collider": 3.632729051915708,
      "chi2dN_fixed_target": 1.0756595025954703,
      "highE_weighted_chi2dN": 4.096790325118565,
      "highE_mean_ratio_first3": 0.9993039019977772,
      "highE_mean_absdev_first3": 0.05655718143551585,
      "highE_mean_signed_first3": -0.0006960980022228262,
      "highE_mean_shortfall_first3": 0.02862663971886934,
      "highE_mean_overshoot_first3": 0.027930541716646513,
      "cms_highmass_mean_ratio_first3": 1.0683931225683616,
      "cms_highmass_mean_absdev_first3": 0.06839312256836157,
      "cms_highmass_mean_signed_first3": 0.06839312256836157,
      "zlike_mean_ratio_first3": 0.9532444216173876,
      "zlike_mean_absdev_first3": 0.04866655401361871,
      "zlike_mean_signed_first3": -0.04675557838261243,
      "compute_s": 0.0390003
    },
    "per_file_chi2dN": {
      "ATLAS_7\\ATLAS7-00y10.csv": 5.835263040697207,
      "ATLAS_7\\ATLAS7-10y20.csv": 13.902609583510172,
      "ATLAS_7\\ATLAS7-20y24.csv": 3.1911510115668826,
      "ATLAS_8\\ATLAS8-00y04.csv": 4.366683147896926,
      "ATLAS_8\\ATLAS8-04y08.csv": 14.051966965838764,
      "ATLAS_8\\ATLAS8-08y12.csv": 15.733146024810372,
      "ATLAS_8\\ATLAS8-116Q150.csv": 1.118434182801974,
      "ATLAS_8\\ATLAS8-12y16.csv": 21.08474318720391,
      "ATLAS_8\\ATLAS8-16y20.csv": 12.021067432906184,
      "ATLAS_8\\ATLAS8-20y24.csv": 8.5244219115355,
      "ATLAS_8\\ATLAS8-46Q66.csv": 7.033214290047327,
      "CDF_I\\CDF1.csv": 0.6302560342342152,
      "CDF_II\\CDF2.csv": 3.4911936783093256,
      "CMS_7\\CMS7.csv": 1.9196656011165087,
      "CMS_8\\CMS8.csv": 1.6505278555569007,
      "CMS_13\\CMS13-00y04.csv": 1.9956096873256208,
      "CMS_13\\CMS13-04y08.csv": 1.2930336878103772,
      "CMS_13\\CMS13-08y12.csv": 1.2630023745467096,
      "CMS_13\\CMS13-106Q170.csv": 1.875041079309117,
      "CMS_13\\CMS13-12y16.csv": 0.902474377775662,
      "CMS_13\\CMS13-16y24.csv": 0.615254006378487,
      "CMS_13\\CMS13-170Q350.csv": 1.118388596488853,
      "CMS_13\\CMS13-350Q1000.csv": 1.6084491413435473,
      "D0_I\\D01.csv": 1.5834981458499506,
      "D0_II\\D02.csv": 0.6590884770357854,
      "D0_II_mu\\D02mu.csv": 6.618504620903405,
      "E288\\E228-200-4Q5.csv": 1.8258971996707267,
      "E288\\E228-200-5Q6.csv": 0.8284648849710902,
      "E288\\E228-200-6Q7.csv": 0.3732769262196441,
      "E288\\E228-200-7Q8.csv": 0.12069158219181993,
      "E288\\E228-200-8Q9.csv": 0.4706825712289519,
      "E288\\E228-300-11Q12.csv": 0.27219037804937685,
      "E288\\E228-300-4Q5.csv": 2.4210846108824176,
      "E288\\E228-300-5Q6.csv": 0.8839359846049004,
      "E288\\E228-300-6Q7.csv": 1.4460845110225928,
      "E288\\E228-300-7Q8.csv": 0.26117162189990056,
      "E288\\E228-300-8Q9.csv": 0.8487664327351327,
      "E288\\E228-400-11Q12.csv": 0.6190978335161141,
      "E288\\E228-400-12Q13.csv": 0.9573557287854673,
      "E288\\E228-400-13Q14.csv": 0.4591606880652969,
      "E288\\E228-400-5Q6.csv": 1.7332879377002346,
      "E288\\E228-400-6Q7.csv": 4.434092302463428,
      "E288\\E228-400-7Q8.csv": 1.2206065640273358,
      "E288\\E228-400-8Q9.csv": 1.0767976155258354,
      "E605\\E605-10.5Q11.5.csv": 0.727712853849297,
      "E605\\E605-11.5Q13.5.csv": 0.8375275248288813,
      "E605\\E605-13.5Q18.csv": 0.9423139440613061,
      "E605\\E605-7Q8.csv": 0.9329494703178682,
      "E605\\E605-8Q9.csv": 0.6983162543968338,
      "E772\\E772-11Q12.csv": 2.068449580074943,
      "E772\\E772-12Q13.csv": 2.6587338739791186,
      "E772\\E772-13Q14.csv": 1.9313950777498916,
      "E772\\E772-14Q15.csv": 0.2684293236368504,
      "LHCb_7\\LHCb7.csv": 2.300574984411212,
      "LHCb_8\\LHCb8.csv": 3.4975551146658503,
      "LHCb_13\\LHCb13.csv": 1.2270830734940148,
      "STAR\\STAR510.csv": 0.810765283485148
    },
    "high_energy_rows": [
      {
        "file": "CMS_13\\CMS13-170Q350.csv",
        "chi2dN": 1.118388596488853,
        "N": 10,
        "ratio_1": 1.0108303408636603,
        "data_1": 0.0344,
        "pred_1": 0.034772563725709915,
        "ratio_2": 1.0635177205375153,
        "data_2": 0.0781,
        "pred_2": 0.08306073397397995,
        "ratio_3": 1.083037954344189,
        "data_3": 0.0902,
        "pred_3": 0.09769002348184586
      },
      {
        "file": "CMS_13\\CMS13-350Q1000.csv",
        "chi2dN": 1.6084491413435473,
        "N": 11,
        "ratio_1": 1.053850385634338,
        "data_1": 0.00238,
        "pred_1": 0.002508163917809725,
        "ratio_2": 1.0997588556688445,
        "data_2": 0.00565,
        "pred_2": 0.006213637534528971,
        "ratio_3": 1.0993634783616224,
        "data_3": 0.00699,
        "pred_3": 0.00768455071374774
      },
      {
        "file": "ATLAS_8\\ATLAS8-00y04.csv",
        "chi2dN": 4.366683147896926,
        "N": 6,
        "ratio_1": 0.9697001881492551,
        "data_1": 3.257,
        "pred_1": 3.158313512802124,
        "ratio_2": 0.9879509323611455,
        "data_2": 6.708,
        "pred_2": 6.6271748542785645,
        "ratio_3": 1.0058288244679814,
        "data_3": 6.714,
        "pred_3": 6.753134727478027
      },
      {
        "file": "ATLAS_8\\ATLAS8-04y08.csv",
        "chi2dN": 14.051966965838764,
        "N": 6,
        "ratio_1": 0.9066000900197452,
        "data_1": 3.219,
        "pred_1": 2.9183456897735596,
        "ratio_2": 0.9626602255133828,
        "data_2": 6.676,
        "pred_2": 6.426719665527344,
        "ratio_3": 1.002770565871547,
        "data_3": 6.737,
        "pred_3": 6.755665302276611
      },
      {
        "file": "LHCb_8\\LHCb8.csv",
        "chi2dN": 3.4975551146658503,
        "N": 7,
        "ratio_1": 0.8522949189526032,
        "data_1": 3.592273,
        "pred_1": 3.061676025390625,
        "ratio_2": 0.9189910672628798,
        "data_2": 6.420833,
        "pred_2": 5.900688171386719,
        "ratio_3": 0.9724029819579483,
        "data_3": 6.340833,
        "pred_3": 6.165844917297363
      }
    ]
  },
  "fit": {
    "elapsed_s": 250.88204789999963,
    "nf": 3112,
    "flag": 0,
    "free_params": [
      0.02,
      1.0959425718358637,
      -0.010718690750878668,
      -4.583474301972101,
      0.20824388358755858,
      -0.2653106643086711,
      18.721144762208677,
      1.8220804087018103,
      0.07580428398732611,
      0.017587308575196643
    ],
    "log10_chi2": -0.09114017393822182,
    "stage1": [
      {
        "start_id": 12,
        "log10_chi2": -0.08495098628145703,
        "nf": 75,
        "flag": 1
      },
      {
        "start_id": 5,
        "log10_chi2": -0.08394861559613145,
        "nf": 75,
        "flag": 1
      },
      {
        "start_id": 1,
        "log10_chi2": -0.0837066624704328,
        "nf": 75,
        "flag": 1
      },
      {
        "start_id": 3,
        "log10_chi2": -0.07306997044761972,
        "nf": 75,
        "flag": 1
      },
      {
        "start_id": 6,
        "log10_chi2": -0.0715463600215537,
        "nf": 75,
        "flag": 1
      },
      {
        "start_id": 13,
        "log10_chi2": -0.07116931827279208,
        "nf": 75,
        "flag": 1
      },
      {
        "start_id": 11,