{
  "candidate": "broad_bump_42_alpha1_nolambda2_super",
  "fit_name": "BroadBump42LogGaussAlpha1NoLambda2",
  "param_names": [
    "lambda1",
    "lambda2",
    "lambda3",
    "logx0",
    "sigx",
    "amp",
    "BNP",
    "c0",
    "c1"
  ],
  "free_idx": [
    0,
    1,
    2,
    3,
    4,
    5,
    6,
    7,
    8
  ],
  "frozen_idx": [],
  "initial": {
    "full_params": [
      0.04375743605,
      0.9774184714,
      -1.960659735,
      -4.99216975,
      0.717326296,
      -0.338498232,
      1.455523349,
      0.0717885484,
      0.02583083271
    ],
    "free_params": [
      0.04375743605,
      0.9774184714,
      -1.960659735,
      -4.99216975,
      0.717326296,
      -0.338498232,
      1.455523349,
      0.0717885484,
      0.02583083271
    ],
    "metrics": {
      "chi2dN_total": 1.0131692327660278,
      "chi2dN_collider": 0.9528145927254954,
      "chi2dN_fixed_target": 1.0945565503964427,
      "highE_weighted_chi2dN": 1.3349540010904,
      "highE_mean_ratio_first3": 1.0326571933270758,
      "highE_mean_absdev_first3": 0.051896824809670256,
      "highE_mean_signed_first3": 0.03265719332707581,
      "highE_mean_shortfall_first3": 0.009619815741297222,
      "highE_mean_overshoot_first3": 0.042277009068373034,
      "cms_highmass_mean_ratio_first3": 1.1052129219310345,
      "cms_highmass_mean_absdev_first3": 0.10521292193103449,
      "cms_highmass_mean_signed_first3": 0.10521292193103449,
      "zlike_mean_ratio_first3": 0.9842867075911035,
      "zlike_mean_absdev_first3": 0.016352760062094098,
      "zlike_mean_signed_first3": -0.015713292408896642,
      "compute_s": 0.0410579
    },
    "per_file_chi2dN": {
      "ATLAS_7\\ATLAS7-00y10.csv": 0.7854457507031921,
      "ATLAS_7\\ATLAS7-10y20.csv": 3.8227852039212658,
      "ATLAS_7\\ATLAS7-20y24.csv": 1.3573828256050031,
      "ATLAS_8\\ATLAS8-00y04.csv": 2.7537136608906057,
      "ATLAS_8\\ATLAS8-04y08.csv": 0.9911283069220805,
      "ATLAS_8\\ATLAS8-08y12.csv": 0.4078924449558052,
      "ATLAS_8\\ATLAS8-116Q150.csv": 0.5556580757858344,
      "ATLAS_8\\ATLAS8-12y16.csv": 2.5209256677905167,
      "ATLAS_8\\ATLAS8-16y20.csv": 1.2013787881742202,
      "ATLAS_8\\ATLAS8-20y24.csv": 1.0857222363242836,
      "ATLAS_8\\ATLAS8-46Q66.csv": 0.9765997619266173,
      "CDF_I\\CDF1.csv": 0.5502668307555822,
      "CDF_II\\CDF2.csv": 0.7665287900397488,
      "CMS_7\\CMS7.csv": 1.4390483176449458,
      "CMS_8\\CMS8.csv": 0.7367382739745072,
      "CMS_13\\CMS13-00y04.csv": 1.2833817904944784,
      "CMS_13\\CMS13-04y08.csv": 0.8197138177447217,
      "CMS_13\\CMS13-08y12.csv": 0.4309427811464145,
      "CMS_13\\CMS13-106Q170.csv": 0.8302377408140723,
      "CMS_13\\CMS13-12y16.csv": 0.20639612813453964,
      "CMS_13\\CMS13-16y24.csv": 0.22165782563411662,
      "CMS_13\\CMS13-170Q350.csv": 1.0865294613829546,
      "CMS_13\\CMS13-350Q1000.csv": 1.5502332605610873,
      "D0_I\\D01.csv": 0.5698154320289254,
      "D0_II\\D02.csv": 0.7607729114476816,
      "D0_II_mu\\D02mu.csv": 0.5613538660264664,
      "E288\\E228-200-4Q5.csv": 0.29690795440463086,
      "E288\\E228-200-5Q6.csv": 0.26857308038663796,
      "E288\\E228-200-6Q7.csv": 0.4795361614407807,
      "E288\\E228-200-7Q8.csv": 0.5740558471800361,
      "E288\\E228-200-8Q9.csv": 0.45856213119093303,
      "E288\\E228-300-11Q12.csv": 0.40254884403696845,
      "E288\\E228-300-4Q5.csv": 1.2920526238396637,
      "E288\\E228-300-5Q6.csv": 0.34760691803027916,
      "E288\\E228-300-6Q7.csv": 0.5364398835525194,
      "E288\\E228-300-7Q8.csv": 0.21151831162190987,
      "E288\\E228-300-8Q9.csv": 1.070147681465089,
      "E288\\E228-400-11Q12.csv": 0.9726369014959826,
      "E288\\E228-400-12Q13.csv": 1.0988037058454425,
      "E288\\E228-400-13Q14.csv": 0.6775552644586039,
      "E288\\E228-400-5Q6.csv": 0.77434019037942,
      "E288\\E228-400-6Q7.csv": 1.6065386928482794,
      "E288\\E228-400-7Q8.csv": 1.491692839040952,
      "E288\\E228-400-8Q9.csv": 1.6039566877016505,
      "E605\\E605-10.5Q11.5.csv": 0.5284375059699544,
      "E605\\E605-11.5Q13.5.csv": 0.7748924682362666,
      "E605\\E605-13.5Q18.csv": 1.379065625367007,
      "E605\\E605-7Q8.csv": 0.22945934500267742,
      "E605\\E605-8Q9.csv": 0.5518466557982764,
      "E772\\E772-11Q12.csv": 2.4680542114218476,
      "E772\\E772-12Q13.csv": 3.6802112483901817,
      "E772\\E772-13Q14.csv": 3.901054654217671,
      "E772\\E772-14Q15.csv": 0.23694095525918327,
      "LHCb_7\\LHCb7.csv": 1.003034902990891,
      "LHCb_8\\LHCb8.csv": 0.43017825096262424,
      "LHCb_13\\LHCb13.csv": 0.9425316766776423,
      "STAR\\STAR510.csv": 1.7255899419984015
    },
    "high_energy_rows": [
      {
        "file": "CMS_13\\CMS13-170Q350.csv",
        "chi2dN": 1.0865294613829546,
        "N": 10,
        "ratio_1": 1.083444479073203,
        "data_1": 0.0344,
        "pred_1": 0.03727049008011818,
        "ratio_2": 1.0940837989848646,
        "data_2": 0.0781,
        "pred_2": 0.08544794470071793,
        "ratio_3": 1.0838253865485181,
        "data_3": 0.0902,
        "pred_3": 0.09776104986667633
      },
      {
        "file": "CMS_13\\CMS13-350Q1000.csv",
        "chi2dN": 1.5502332605610873,
        "N": 11,
        "ratio_1": 1.1273162799472567,
        "data_1": 0.00238,
        "pred_1": 0.0026830127462744713,
        "ratio_2": 1.136782142308961,
        "data_2": 0.00565,
        "pred_2": 0.0064228191040456295,
        "ratio_3": 1.1058254447234035,
        "data_3": 0.00699,
        "pred_3": 0.0077297198586165905
      },
      {
        "file": "ATLAS_8\\ATLAS8-00y04.csv",
        "chi2dN": 2.7537136608906057,
        "N": 6,
        "ratio_1": 0.9879992716071574,
        "data_1": 3.257,
        "pred_1": 3.2179136276245117,
        "ratio_2": 0.988588634529637,
        "data_2": 6.708,
        "pred_2": 6.631452560424805,
        "ratio_3": 1.0028776044393886,
        "data_3": 6.714,
        "pred_3": 6.733320236206055
      },
      {
        "file": "ATLAS_8\\ATLAS8-04y08.csv",
        "chi2dN": 0.9911283069220805,
        "N": 6,
        "ratio_1": 0.9925539503189377,
        "data_1": 3.219,
        "pred_1": 3.19503116607666,
        "ratio_2": 0.9879481656741352,
        "data_2": 6.676,
        "pred_2": 6.595541954040527,
        "ratio_3": 0.9939394879096938,
        "data_3": 6.737,
        "pred_3": 6.696170330047607
      },
      {
        "file": "LHCb_8\\LHCb8.csv",
        "chi2dN": 0.43017825096262424,
        "N": 7,
        "ratio_1": 0.9715526916704583,
        "data_1": 3.592273,
        "pred_1": 3.4900825023651123,
        "ratio_2": 0.960527998421691,
        "data_2": 6.420833,
        "pred_2": 6.167389869689941,
        "ratio_3": 0.9725925637488313,
        "data_3": 6.340833,
        "pred_3": 6.167047023773193
      }
    ]
  },
  "fit": {
    "elapsed_s": 1252.8679605,
    "nf": 12770,
    "flag": 0,
    "free_params": [
      0.023655629682104218,
      1.0542907432631066,
      -2.354365170273204,
      -5.20770348493064,
      1.1032736130253158,
      -0.4311061204236082,
      1.4946648068414667,
      0.07001266199780652,
      0.027636662181884993
    ],
    "log10_chi2": 0.003079539156828145,
    "stage1_best_log10_chi2": 0.003080657985883991,
    "stage2_best_log10_chi2": 0.0030805759005048832,
    "refine_best_log10_chi2": 0.0030811325795254414,
    "polish_best_log10_chi2": 0.003079539156828145,
    "stability_min_log10_chi2": 0.003079539156828145,
    "stability_max_log10_chi2": 0.004837382688465168,
    "stability_span_log10_chi2": 0.0017578435316370229,
    "stability_runs": [
      {
        "log10_chi2": 0.0032144646779146808,
        "nf": 140,
        "flag": 1
      },
      {
        "log10_chi2": 0.003368736024285368,
        "nf": 140,
        "flag": 1
      },
      {
        "log10_chi2": 0.003427517120406744,
        "nf": 140,
        "flag": 1
      },
      {
        "log10_chi2": 0.0034331429887896146,
        "nf": 140,