{
  "candidate": "art17m1_art23cslog_42",
  "fit_name": "Smooth42NoBumpART17M1CSLog",
  "param_names": [
    "lambda1",
    "lambda2",
    "BNP",
    "c0",
    "c1"
  ],
  "free_idx": [
    0,
    1,
    2,
    3,
    4
  ],
  "frozen_idx": [],
  "initial": {
    "full_params": [
      0.09535798263,
      0.097450602,
      1.45,
      0.07419699259,
      0.02150711006
    ],
    "free_params": [
      0.09535798263,
      0.097450602,
      1.45,
      0.07419699259,
      0.02150711006
    ],
    "metrics": {
      "chi2dN_total": 1.2052369333190214,
      "chi2dN_collider": 1.1196835534521834,
      "chi2dN_fixed_target": 1.3206043698061207,
      "highE_weighted_chi2dN": 1.4825305693938051,
      "highE_mean_ratio_first3": 1.0315210059852482,
      "highE_mean_absdev_first3": 0.05293626032988132,
      "highE_mean_signed_first3": 0.03152100598524824,
      "highE_mean_shortfall_first3": 0.01070762717231654,
      "highE_mean_overshoot_first3": 0.04222863315756478,
      "cms_highmass_mean_ratio_first3": 1.1052514723702196,
      "cms_highmass_mean_absdev_first3": 0.10525147237021955,
      "cms_highmass_mean_signed_first3": 0.10525147237021955,
      "zlike_mean_ratio_first3": 0.9823673617286008,
      "zlike_mean_absdev_first3": 0.018059452302989172,
      "zlike_mean_signed_first3": -0.017632638271399294,
      "compute_s": 0.0305061
    },
    "per_file_chi2dN": {
      "ATLAS_7\\ATLAS7-00y10.csv": 1.582565197136783,
      "ATLAS_7\\ATLAS7-10y20.csv": 5.833780907394895,
      "ATLAS_7\\ATLAS7-20y24.csv": 2.2975402590753298,
      "ATLAS_8\\ATLAS8-00y04.csv": 2.978965989904374,
      "ATLAS_8\\ATLAS8-04y08.csv": 1.6864634404832344,
      "ATLAS_8\\ATLAS8-08y12.csv": 1.2235042409699413,
      "ATLAS_8\\ATLAS8-116Q150.csv": 0.5129160776108547,
      "ATLAS_8\\ATLAS8-12y16.csv": 3.2779655712910203,
      "ATLAS_8\\ATLAS8-16y20.csv": 2.20392146273913,
      "ATLAS_8\\ATLAS8-20y24.csv": 1.18840993455217,
      "ATLAS_8\\ATLAS8-46Q66.csv": 0.7352993627972091,
      "CDF_I\\CDF1.csv": 0.5737887103162287,
      "CDF_II\\CDF2.csv": 0.8597378353491826,
      "CMS_7\\CMS7.csv": 1.5432879239522257,
      "CMS_8\\CMS8.csv": 0.6932343983110237,
      "CMS_13\\CMS13-00y04.csv": 1.1592212834095643,
      "CMS_13\\CMS13-04y08.csv": 0.7947820567656577,
      "CMS_13\\CMS13-08y12.csv": 0.4439224845298563,
      "CMS_13\\CMS13-106Q170.csv": 0.88506167888561,
      "CMS_13\\CMS13-12y16.csv": 0.20619440818695442,
      "CMS_13\\CMS13-16y24.csv": 0.23998620705371795,
      "CMS_13\\CMS13-170Q350.csv": 1.0596926525437094,
      "CMS_13\\CMS13-350Q1000.csv": 1.5443527668612163,
      "D0_I\\D01.csv": 0.5652031382693027,
      "D0_II\\D02.csv": 0.7711949605449702,
      "D0_II_mu\\D02mu.csv": 0.46545093448620717,
      "E288\\E228-200-4Q5.csv": 0.4525344107571104,
      "E288\\E228-200-5Q6.csv": 0.42450478610480996,
      "E288\\E228-200-6Q7.csv": 0.48115541773073706,
      "E288\\E228-200-7Q8.csv": 0.7476640825287466,
      "E288\\E228-200-8Q9.csv": 0.5089102991997377,
      "E288\\E228-300-11Q12.csv": 0.364117649710277,
      "E288\\E228-300-4Q5.csv": 0.596053522217923,
      "E288\\E228-300-5Q6.csv": 1.6950327017664357,
      "E288\\E228-300-6Q7.csv": 0.3039321262278807,
      "E288\\E228-300-7Q8.csv": 0.26817342969512264,
      "E288\\E228-300-8Q9.csv": 0.6396706581738517,
      "E288\\E228-400-11Q12.csv": 1.1167510893247965,
      "E288\\E228-400-12Q13.csv": 0.9827543193961116,
      "E288\\E228-400-13Q14.csv": 0.671217607772536,
      "E288\\E228-400-5Q6.csv": 4.3246824865302145,
      "E288\\E228-400-6Q7.csv": 3.6580447465820254,
      "E288\\E228-400-7Q8.csv": 2.099093031216512,
      "E288\\E228-400-8Q9.csv": 1.72859661396655,
      "E605\\E605-10.5Q11.5.csv": 0.6462414701296886,
      "E605\\E605-11.5Q13.5.csv": 1.1250868203651394,
      "E605\\E605-13.5Q18.csv": 1.7959847558082642,
      "E605\\E605-7Q8.csv": 0.4512213626381819,
      "E605\\E605-8Q9.csv": 0.7653090005634853,
      "E772\\E772-11Q12.csv": 2.421289625168341,
      "E772\\E772-12Q13.csv": 3.851688999459124,
      "E772\\E772-13Q14.csv": 3.465632258337159,
      "E772\\E772-14Q15.csv": 0.2226046369017053,
      "LHCb_7\\LHCb7.csv": 0.9785676649834727,
      "LHCb_8\\LHCb8.csv": 0.5319770332165835,
      "LHCb_13\\LHCb13.csv": 1.0605631164454297,
      "STAR\\STAR510.csv": 1.5652979761592898
    },
    "high_energy_rows": [
      {
        "file": "CMS_13\\CMS13-170Q350.csv",
        "chi2dN": 1.0596926525437094,
        "N": 10,
        "ratio_1": 1.0885777991524963,
        "data_1": 0.0344,
        "pred_1": 0.03744707629084587,
        "ratio_2": 1.0930710542522533,
        "data_2": 0.0781,
        "pred_2": 0.08536884933710098,
        "ratio_3": 1.0817520270855094,
        "data_3": 0.0902,
        "pred_3": 0.09757403284311295
      },
      {
        "file": "CMS_13\\CMS13-350Q1000.csv",
        "chi2dN": 1.5443527668612163,
        "N": 11,
        "ratio_1": 1.129169631436342,
        "data_1": 0.00238,
        "pred_1": 0.002687423722818494,
        "ratio_2": 1.1351908993931998,
        "data_2": 0.00565,
        "pred_2": 0.006413828581571579,
        "ratio_3": 1.1037474229015165,
        "data_3": 0.00699,
        "pred_3": 0.0077151944860816
      },
      {
        "file": "ATLAS_8\\ATLAS8-00y04.csv",
        "chi2dN": 2.978965989904374,
        "N": 6,
        "ratio_1": 0.9833726188980585,
        "data_1": 3.257,
        "pred_1": 3.2028446197509766,
        "ratio_2": 0.9841139855381983,
        "data_2": 6.708,
        "pred_2": 6.601436614990234,
        "ratio_3": 1.0019206631421544,
        "data_3": 6.714,
        "pred_3": 6.726895332336426
      },
      {
        "file": "ATLAS_8\\ATLAS8-04y08.csv",
        "chi2dN": 1.6864634404832344,
        "N": 6,
        "ratio_1": 0.9954906687598749,
        "data_1": 3.219,
        "pred_1": 3.204484462738037,
        "ratio_2": 0.9855588372415093,
        "data_2": 6.676,
        "pred_2": 6.579590797424316,
        "ratio_3": 0.9922587023974704,
        "data_3": 6.737,
        "pred_3": 6.684846878051758
      },
      {
        "file": "LHCb_8\\LHCb8.csv",
        "chi2dN": 0.5319770332165835,
        "N": 7,
        "ratio_1": 0.9711796268078685,
        "data_1": 3.592273,
        "pred_1": 3.4887423515319824,
        "ratio_2": 0.9563673541893414,
        "data_2": 6.420833,
        "pred_2": 6.140675067901611,
        "ratio_3": 0.9710437985829307,
        "data_3": 6.340833,
        "pred_3": 6.1572265625
      }
    ]
  },
  "fit": {
    "elapsed_s": 226.0372142000001,
    "nf": 2861,
    "flag": 0,
    "free_params": [
      0.19248798180097026,
      1.513587221914196,
      0.9206774983948488,
      0.09954990056174298,
      0.1136772700079532
    ],
    "log10_chi2": 0.01408143315049471,
    "stage1": [
      {
        "start_id": 13,
        "log10_chi2": 0.018537792116554517,
        "nf": 80,
        "flag": 1
      },
      {
        "start_id": 12,
        "log10_chi2": 0.02125609849426681,
        "nf": 80,
        "flag": 1
      },
      {
        "start_id": 1,
        "log10_chi2": 0.030887219905146472,
        "nf": 80,
        "flag": 1
      },
      {
        "start_id": 0,
        "log10_chi2": 0.032857088977230525,
        "nf": 80,
        "flag": 1
      },
      {
        "start_id": 4,
        "log10_chi2": 0.037927210630980535,
        "nf": 80,
        "flag": 1
      },
      {
        "start_id": 10,
        "log10_chi2": 0.0385881102484607,
        "nf": 80,
        "flag": 1
      },
      {
        "start_id": 3,
        "log10_chi2": 0.03932847105899141,
        "nf": 80,
        "flag": 1
      },
      {
        "start_id": 6,
        "log10_chi2": 0.04050420681116308,
        "nf": 80,
        "flag": 1
      },
      {
        "start_id": 7,
        "log10_chi2": 0.04153454778030569,
        "nf": 80,
        "flag": 1
      },
      {
        "start_id": 11,
        "log10_chi2": 0.042288251127711056,
        "nf": 80,