{
  "candidate": "art17m2_art23cslog_42",
  "fit_name": "Smooth42NoBumpART17M2CSLog",
  "param_names": [
    "lambda1",
    "lambda2",
    "BNP",
    "c0",
    "c1"
  ],
  "free_idx": [
    0,
    1,
    2,
    3,
    4
  ],
  "frozen_idx": [],
  "initial": {
    "full_params": [
      0.07813285426,
      1.501746462,
      1.45,
      0.07419699259,
      0.02150711006
    ],
    "free_params": [
      0.07813285426,
      1.501746462,
      1.45,
      0.07419699259,
      0.02150711006
    ],
    "metrics": {
      "chi2dN_total": 1.4373459366929149,
      "chi2dN_collider": 1.4604395258276304,
      "chi2dN_fixed_target": 1.4062045816476185,
      "highE_weighted_chi2dN": 1.8927466653225455,
      "highE_mean_ratio_first3": 1.0376763080259293,
      "highE_mean_absdev_first3": 0.05450283293111055,
      "highE_mean_signed_first3": 0.03767630802592924,
      "highE_mean_shortfall_first3": 0.008413262452590657,
      "highE_mean_overshoot_first3": 0.046089570478519894,
      "cms_highmass_mean_ratio_first3": 1.1105333166518045,
      "cms_highmass_mean_absdev_first3": 0.1105333166518044,
      "cms_highmass_mean_signed_first3": 0.1105333166518044,
      "zlike_mean_ratio_first3": 0.9891049689420124,
      "zlike_mean_absdev_first3": 0.01714917711731465,
      "zlike_mean_signed_first3": -0.01089503105798754,
      "compute_s": 0.0385626
    },
    "per_file_chi2dN": {
      "ATLAS_7\\ATLAS7-00y10.csv": 3.325815819832196,
      "ATLAS_7\\ATLAS7-10y20.csv": 7.815151104253965,
      "ATLAS_7\\ATLAS7-20y24.csv": 3.188297277838091,
      "ATLAS_8\\ATLAS8-00y04.csv": 3.222947716035272,
      "ATLAS_8\\ATLAS8-04y08.csv": 3.796666699416138,
      "ATLAS_8\\ATLAS8-08y12.csv": 3.3443255655570265,
      "ATLAS_8\\ATLAS8-116Q150.csv": 0.6139296262305638,
      "ATLAS_8\\ATLAS8-12y16.csv": 4.5067883653203245,
      "ATLAS_8\\ATLAS8-16y20.csv": 3.428273285281982,
      "ATLAS_8\\ATLAS8-20y24.csv": 1.5655367489163874,
      "ATLAS_8\\ATLAS8-46Q66.csv": 0.34138860739011734,
      "CDF_I\\CDF1.csv": 0.6099466071492162,
      "CDF_II\\CDF2.csv": 1.0486949303905442,
      "CMS_7\\CMS7.csv": 1.7066871825578502,
      "CMS_8\\CMS8.csv": 0.5359156086089663,
      "CMS_13\\CMS13-00y04.csv": 1.3049412809883782,
      "CMS_13\\CMS13-04y08.csv": 0.8413678386523465,
      "CMS_13\\CMS13-08y12.csv": 0.5656357480318845,
      "CMS_13\\CMS13-106Q170.csv": 1.3120704629350946,
      "CMS_13\\CMS13-12y16.csv": 0.30809384426898806,
      "CMS_13\\CMS13-16y24.csv": 0.31364674323757913,
      "CMS_13\\CMS13-170Q350.csv": 1.1475919701603832,
      "CMS_13\\CMS13-350Q1000.csv": 1.5396414316905458,
      "D0_I\\D01.csv": 0.5485247552934663,
      "D0_II\\D02.csv": 0.8385841040656835,
      "D0_II_mu\\D02mu.csv": 0.6068554279406894,
      "E288\\E228-200-4Q5.csv": 0.8718241344431941,
      "E288\\E228-200-5Q6.csv": 0.6599141507480358,
      "E288\\E228-200-6Q7.csv": 0.472980048157005,
      "E288\\E228-200-7Q8.csv": 0.5676343034207113,
      "E288\\E228-200-8Q9.csv": 0.4526104306313542,
      "E288\\E228-300-11Q12.csv": 0.34699369146398107,
      "E288\\E228-300-4Q5.csv": 0.9323528282506462,
      "E288\\E228-300-5Q6.csv": 2.5005373809756684,
      "E288\\E228-300-6Q7.csv": 0.1937194655513748,
      "E288\\E228-300-7Q8.csv": 0.21499645326686875,
      "E288\\E228-300-8Q9.csv": 0.7363074856499472,
      "E288\\E228-400-11Q12.csv": 0.9900553703018456,
      "E288\\E228-400-12Q13.csv": 0.9416220459103477,
      "E288\\E228-400-13Q14.csv": 0.6259880552362945,
      "E288\\E228-400-5Q6.csv": 6.556756902570789,
      "E288\\E228-400-6Q7.csv": 5.963307400742838,
      "E288\\E228-400-7Q8.csv": 2.931389391644839,
      "E288\\E228-400-8Q9.csv": 1.4952410142642412,
      "E605\\E605-10.5Q11.5.csv": 0.4949636232601281,
      "E605\\E605-11.5Q13.5.csv": 0.9167130332906631,
      "E605\\E605-13.5Q18.csv": 1.566129764698707,
      "E605\\E605-7Q8.csv": 0.5629680788427911,
      "E605\\E605-8Q9.csv": 0.9164635730345552,
      "E772\\E772-11Q12.csv": 2.162599586366931,
      "E772\\E772-12Q13.csv": 3.4856027268289904,
      "E772\\E772-13Q14.csv": 3.2339156959029958,
      "E772\\E772-14Q15.csv": 0.21886636844295307,
      "LHCb_7\\LHCb7.csv": 1.0920253965720161,
      "LHCb_8\\LHCb8.csv": 0.740029238570504,
      "LHCb_13\\LHCb13.csv": 1.3008668945880006,
      "STAR\\STAR510.csv": 1.4628167545023605
    },
    "high_energy_rows": [
      {
        "file": "CMS_13\\CMS13-170Q350.csv",
        "chi2dN": 1.1475919701603832,
        "N": 10,
        "ratio_1": 1.104462480302467,
        "data_1": 0.0344,
        "pred_1": 0.03799350932240486,
        "ratio_2": 1.099353296045457,
        "data_2": 0.0781,
        "pred_2": 0.08585949242115021,
        "ratio_3": 1.0817179956087253,
        "data_3": 0.0902,
        "pred_3": 0.09757096320390701
      },
      {
        "file": "CMS_13\\CMS13-350Q1000.csv",
        "chi2dN": 1.5396414316905458,
        "N": 11,
        "ratio_1": 1.1367633343995118,
        "data_1": 0.00238,
        "pred_1": 0.002705496735870838,
        "ratio_2": 1.1377793168072152,
        "data_2": 0.00565,
        "pred_2": 0.006428453139960766,
        "ratio_3": 1.10312347674745,
        "data_3": 0.00699,
        "pred_3": 0.007710833102464676
      },
      {
        "file": "ATLAS_8\\ATLAS8-00y04.csv",
        "chi2dN": 3.222947716035272,
        "N": 6,
        "ratio_1": 1.0082298603239401,
        "data_1": 3.257,
        "pred_1": 3.2838046550750732,
        "ratio_2": 0.9922455234334236,
        "data_2": 6.708,
        "pred_2": 6.655982971191406,
        "ratio_3": 0.9999204896410412,
        "data_3": 6.714,
        "pred_3": 6.713466167449951
      },
      {
        "file": "ATLAS_8\\ATLAS8-04y08.csv",
        "chi2dN": 3.796666699416138,
        "N": 6,
        "ratio_1": 1.0199137969430319,
        "data_1": 3.219,
        "pred_1": 3.283102512359619,
        "ratio_2": 0.9933596531597706,
        "data_2": 6.676,
        "pred_2": 6.631669044494629,
        "ratio_3": 0.9902671269250761,
        "data_3": 6.737,
        "pred_3": 6.671429634094238
      },
      {
        "file": "LHCb_8\\LHCb8.csv",
        "chi2dN": 0.740029238570504,
        "N": 7,
        "ratio_1": 0.9810952806899018,
        "data_1": 3.592273,
        "pred_1": 3.524362087249756,
        "ratio_2": 0.9531327828454772,
        "data_2": 6.420833,
        "pred_2": 6.119906425476074,
        "ratio_3": 0.9637802065164496,
        "data_3": 6.340833,
        "pred_3": 6.111169338226318
      }
    ]
  },
  "fit": {
    "elapsed_s": 247.7451070000002,
    "nf": 2846,
    "flag": 0,
    "free_params": [
      0.11462710683257339,
      2.0,
      1.3347483146331753,
      0.08741624515629468,
      0.028616606179940617
    ],
    "log10_chi2": 0.021061975069501422,
    "stage1": [
      {
        "start_id": 7,
        "log10_chi2": 0.02113015903274081,
        "nf": 80,
        "flag": 1
      },
      {
        "start_id": 3,
        "log10_chi2": 0.02119817634784764,
        "nf": 80,
        "flag": 1
      },
      {
        "start_id": 6,
        "log10_chi2": 0.021305308537377596,
        "nf": 80,
        "flag": 1
      },
      {
        "start_id": 17,
        "log10_chi2": 0.021467019607466928,
        "nf": 80,
        "flag": 1
      },
      {
        "start_id": 15,
        "log10_chi2": 0.021992127504924398,
        "nf": 80,
        "flag": 1
      },
      {
        "start_id": 13,
        "log10_chi2": 0.022115667697056442,
        "nf": 80,
        "flag": 1
      },
      {
        "start_id": 0,
        "log10_chi2": 0.02212388262704695,
        "nf": 80,
        "flag": 1
      },
      {
        "start_id": 14,
        "log10_chi2": 0.022264687303166917,
        "nf": 80,
        "flag": 1
      },
      {
        "start_id": 1,
        "log10_chi2": 0.023623168855166066,
        "nf": 80,
        "flag": 1
      },
      {
        "start_id": 8,
        "log10_chi2": 0.023626482956760904,
        "nf": 80,
        "flag": 1
      },
      {
        "start_id": 2,