{
  "candidate": "art23_mu_poly_cslog_42",
  "fit_name": "Smooth42NoBumpMuPolyCSLog",
  "param_names": [
    "lambda1",
    "lambda2",
    "lambda3",
    "lambda4",
    "BNP",
    "c0",
    "c1"
  ],
  "free_idx": [
    0,
    1,
    2,
    3,
    4,
    5,
    6
  ],
  "frozen_idx": [],
  "initial": {
    "full_params": [
      2.169028946,
      0.9245062169,
      -5.698747294,
      0.3749504397,
      1.424617325,
      0.07873042071,
      0.02688637177
    ],
    "free_params": [
      2.169028946,
      0.9245062169,
      -5.698747294,
      0.3749504397,
      1.424617325,
      0.07873042071,
      0.02688637177
    ],
    "metrics": {
      "chi2dN_total": 1.0056281682324137,
      "chi2dN_collider": 0.9118675318859,
      "chi2dN_fixed_target": 1.1320629657299854,
      "highE_weighted_chi2dN": 1.4511629515630355,
      "highE_mean_ratio_first3": 1.030275934123361,
      "highE_mean_absdev_first3": 0.05194136432465749,
      "highE_mean_signed_first3": 0.030275934123360906,
      "highE_mean_shortfall_first3": 0.010832715100648293,
      "highE_mean_overshoot_first3": 0.041108649224009204,
      "cms_highmass_mean_ratio_first3": 1.1019318495207555,
      "cms_highmass_mean_absdev_first3": 0.10193184952075533,
      "cms_highmass_mean_signed_first3": 0.10193184952075533,
      "zlike_mean_ratio_first3": 0.9825053238584314,
      "zlike_mean_absdev_first3": 0.018614374193925604,
      "zlike_mean_signed_first3": -0.017494676141568705,
      "compute_s": 0.0409505
    },
    "per_file_chi2dN": {
      "ATLAS_7\\ATLAS7-00y10.csv": 0.5155819575601096,
      "ATLAS_7\\ATLAS7-10y20.csv": 3.4248165638645567,
      "ATLAS_7\\ATLAS7-20y24.csv": 1.3648636625101613,
      "ATLAS_8\\ATLAS8-00y04.csv": 3.319866212530707,
      "ATLAS_8\\ATLAS8-04y08.csv": 1.0330962569971527,
      "ATLAS_8\\ATLAS8-08y12.csv": 0.34493240171132467,
      "ATLAS_8\\ATLAS8-116Q150.csv": 0.5667036154138592,
      "ATLAS_8\\ATLAS8-12y16.csv": 2.0627018380016136,
      "ATLAS_8\\ATLAS8-16y20.csv": 0.9871277199075145,
      "ATLAS_8\\ATLAS8-20y24.csv": 0.9097845587708377,
      "ATLAS_8\\ATLAS8-46Q66.csv": 0.525995579846205,
      "CDF_I\\CDF1.csv": 0.5020549266507819,
      "CDF_II\\CDF2.csv": 0.7001666162540704,
      "CMS_7\\CMS7.csv": 1.4207101360453676,
      "CMS_8\\CMS8.csv": 0.719471035335258,
      "CMS_13\\CMS13-00y04.csv": 1.295728630804687,
      "CMS_13\\CMS13-04y08.csv": 0.8452813711978944,
      "CMS_13\\CMS13-08y12.csv": 0.4574585230288783,
      "CMS_13\\CMS13-106Q170.csv": 0.9059784155865596,
      "CMS_13\\CMS13-12y16.csv": 0.22266456089274925,
      "CMS_13\\CMS13-16y24.csv": 0.22684204658383364,
      "CMS_13\\CMS13-170Q350.csv": 1.0948273795872587,
      "CMS_13\\CMS13-350Q1000.csv": 1.560047278393444,
      "D0_I\\D01.csv": 0.6281927028471043,
      "D0_II\\D02.csv": 0.653822100022585,
      "D0_II_mu\\D02mu.csv": 0.9842437585901683,
      "E288\\E228-200-4Q5.csv": 0.46716994981216303,
      "E288\\E228-200-5Q6.csv": 0.26058425029752263,
      "E288\\E228-200-6Q7.csv": 0.5012275105447048,
      "E288\\E228-200-7Q8.csv": 0.6820856681673924,
      "E288\\E228-200-8Q9.csv": 0.47383494521882696,
      "E288\\E228-300-11Q12.csv": 0.3871614375872468,
      "E288\\E228-300-4Q5.csv": 1.4369475669713558,
      "E288\\E228-300-5Q6.csv": 0.26123214296821806,
      "E288\\E228-300-6Q7.csv": 0.6223316845620038,
      "E288\\E228-300-7Q8.csv": 0.22136770008416093,
      "E288\\E228-300-8Q9.csv": 0.8800230852987383,
      "E288\\E228-400-11Q12.csv": 1.0389252972734209,
      "E288\\E228-400-12Q13.csv": 1.0471846498991513,
      "E288\\E228-400-13Q14.csv": 0.6852913312365227,
      "E288\\E228-400-5Q6.csv": 0.7758098909097944,
      "E288\\E228-400-6Q7.csv": 1.7416767810377436,
      "E288\\E228-400-7Q8.csv": 1.4683855386309086,
      "E288\\E228-400-8Q9.csv": 1.6164595684397243,
      "E605\\E605-10.5Q11.5.csv": 0.5912442874360003,
      "E605\\E605-11.5Q13.5.csv": 0.9068995475744505,
      "E605\\E605-13.5Q18.csv": 1.558130145660992,
      "E605\\E605-7Q8.csv": 0.2440846042886135,
      "E605\\E605-8Q9.csv": 0.44173255160445557,
      "E772\\E772-11Q12.csv": 2.611525603598944,
      "E772\\E772-12Q13.csv": 3.8974641349584878,
      "E772\\E772-13Q14.csv": 3.772304289209029,
      "E772\\E772-14Q15.csv": 0.22678497098732522,
      "LHCb_7\\LHCb7.csv": 0.8911592007729122,
      "LHCb_8\\LHCb8.csv": 0.5457070553076842,
      "LHCb_13\\LHCb13.csv": 0.6716158471544258,
      "STAR\\STAR510.csv": 1.4625908610180733
    },
    "high_energy_rows": [
      {
        "file": "CMS_13\\CMS13-170Q350.csv",
        "chi2dN": 1.0948273795872587,
        "N": 10,
        "ratio_1": 1.0789200923470563,
        "data_1": 0.0344,
        "pred_1": 0.03711485117673874,
        "ratio_2": 1.0938180202711254,
        "data_2": 0.0781,
        "pred_2": 0.0854271873831749,
        "ratio_3": 1.0853522599668566,
        "data_3": 0.0902,
        "pred_3": 0.09789877384901047
      },
      {
        "file": "CMS_13\\CMS13-350Q1000.csv",
        "chi2dN": 1.560047278393444,
        "N": 11,
        "ratio_1": 1.1146944133611787,
        "data_1": 0.00238,
        "pred_1": 0.0026529727037996054,
        "ratio_2": 1.1322434694893593,
        "data_2": 0.00565,
        "pred_2": 0.00639717560261488,
        "ratio_3": 1.1065628416889557,
        "data_3": 0.00699,
        "pred_3": 0.0077348742634058
      },
      {
        "file": "ATLAS_8\\ATLAS8-00y04.csv",
        "chi2dN": 3.319866212530707,
        "N": 6,
        "ratio_1": 0.983750926302663,
        "data_1": 3.257,
        "pred_1": 3.2040767669677734,
        "ratio_2": 0.9896699061476196,
        "data_2": 6.708,
        "pred_2": 6.638705730438232,
        "ratio_3": 1.005038641235606,
        "data_3": 6.714,
        "pred_3": 6.747829437255859
      },
      {
        "file": "ATLAS_8\\ATLAS8-04y08.csv",
        "chi2dN": 1.0330962569971527,
        "N": 6,
        "ratio_1": 0.993015455807096,
        "data_1": 3.219,
        "pred_1": 3.196516752243042,
        "ratio_2": 0.990304066936294,
        "data_2": 6.676,
        "pred_2": 6.611269950866699,
        "ratio_3": 0.9956092319202579,
        "data_3": 6.737,
        "pred_3": 6.707419395446777
      },
      {
        "file": "LHCb_8\\LHCb8.csv",
        "chi2dN": 0.5457070553076842,
        "N": 7,
        "ratio_1": 0.9478946317542479,
        "data_1": 3.592273,
        "pred_1": 3.4050962924957275,
        "ratio_2": 0.9581308286729,
        "data_2": 6.420833,
        "pred_2": 6.151998043060303,
        "ratio_3": 0.9791342259491971,
        "data_3": 6.340833,
        "pred_3": 6.208526611328125
      }
    ]
  },
  "fit": {
    "elapsed_s": 261.95339060000015,
    "nf": 2939,
    "flag": 0,
    "free_params": [
      2.3103330830222175,
      1.7722871023098905,
      -7.243732193276751,
      0.4000659500466486,
      1.4605778758112269,
      0.07651943219889439,
      0.02564601681013193
    ],
    "log10_chi2": 0.0008795222968434672,
    "stage1": [
      {
        "start_id": 14,
        "log10_chi2": 0.0013682787292264838,
        "nf": 80,
        "flag": 1
      },
      {
        "start_id": 0,
        "log10_chi2": 0.0017918603268403603,
        "nf": 80,
        "flag": 1
      },
      {
        "start_id": 8,
        "log10_chi2": 0.0018184519992050002,
        "nf": 80,
        "flag": 1
      },
      {
        "start_id": 6,
        "log10_chi2": 0.002135044474855396,
        "nf": 80,
        "flag": 1
      },
      {
        "start_id": 10,
        "log10_chi2": 0.002362828723764064,
        "nf": 80,
        "flag": 1
      },
      {
        "start_id": 1,
        "log10_chi2": 0.003778143920629756,
        "nf": 80,
        "flag": 1
      },
      {
        "start_id": 11,
        "log10_chi2": 0.004790444828441633,
        "nf": 80,
        "flag": 1
      },
      {
        "start_id": 7,
        "log10_chi2": 0.006000818752492748,
        "nf": 80,
        "flag": 1
      },
      {
        "start_id": 2,