{
  "candidate": "poly_bstar_cslog_42_base",
  "fit_name": "Smooth42NoBumpPolyBstarCSLog",
  "param_names": [
    "lambda1",
    "lambda2",
    "lambda3",
    "lambda4",
    "alpha",
    "BNP",
    "c0",
    "c1"
  ],
  "free_idx": [
    0,
    1,
    2,
    3,
    4,
    5,
    6,
    7
  ],
  "frozen_idx": [],
  "initial": {
    "full_params": [
      2.169028946,
      0.9245062169,
      -5.698747294,
      0.3749504397,
      0.982812132,
      1.424617325,
      0.07873042071,
      0.02688637177
    ],
    "free_params": [
      2.169028946,
      0.9245062169,
      -5.698747294,
      0.3749504397,
      0.982812132,
      1.424617325,
      0.07873042071,
      0.02688637177
    ],
    "metrics": {
      "chi2dN_total": 1.0051690427463045,
      "chi2dN_collider": 0.9134578385064156,
      "chi2dN_fixed_target": 1.128840212100094,
      "highE_weighted_chi2dN": 1.4522906629480534,
      "highE_mean_ratio_first3": 1.0302798541232454,
      "highE_mean_absdev_first3": 0.05194341327280386,
      "highE_mean_signed_first3": 0.030279854123245378,
      "highE_mean_shortfall_first3": 0.01083177957477924,
      "highE_mean_overshoot_first3": 0.04111163369802462,
      "cms_highmass_mean_ratio_first3": 1.1019396066279703,
      "cms_highmass_mean_absdev_first3": 0.1019396066279703,
      "cms_highmass_mean_signed_first3": 0.1019396066279703,
      "zlike_mean_ratio_first3": 0.982506685786762,
      "zlike_mean_absdev_first3": 0.018612617702692895,
      "zlike_mean_signed_first3": -0.017493314213237902,
      "compute_s": 0.0370088
    },
    "per_file_chi2dN": {
      "ATLAS_7\\ATLAS7-00y10.csv": 0.5210129865240151,
      "ATLAS_7\\ATLAS7-10y20.csv": 3.440923729143941,
      "ATLAS_7\\ATLAS7-20y24.csv": 1.3698287483070855,
      "ATLAS_8\\ATLAS8-00y04.csv": 3.323579892641295,
      "ATLAS_8\\ATLAS8-04y08.csv": 1.037925439577654,
      "ATLAS_8\\ATLAS8-08y12.csv": 0.3446760638663136,
      "ATLAS_8\\ATLAS8-116Q150.csv": 0.5662793575148903,
      "ATLAS_8\\ATLAS8-12y16.csv": 2.081489885167942,
      "ATLAS_8\\ATLAS8-16y20.csv": 0.9966127658373779,
      "ATLAS_8\\ATLAS8-20y24.csv": 0.9150166478017709,
      "ATLAS_8\\ATLAS8-46Q66.csv": 0.5291462927823054,
      "CDF_I\\CDF1.csv": 0.5023309137490171,
      "CDF_II\\CDF2.csv": 0.7007106130417106,
      "CMS_7\\CMS7.csv": 1.4208301142425717,
      "CMS_8\\CMS8.csv": 0.7190721423510407,
      "CMS_13\\CMS13-00y04.csv": 1.2946985403127396,
      "CMS_13\\CMS13-04y08.csv": 0.8449250729536799,
      "CMS_13\\CMS13-08y12.csv": 0.45725662516483656,
      "CMS_13\\CMS13-106Q170.csv": 0.9066173819184722,
      "CMS_13\\CMS13-12y16.csv": 0.2221527781178884,
      "CMS_13\\CMS13-16y24.csv": 0.22650103880040684,
      "CMS_13\\CMS13-170Q350.csv": 1.09469961351873,
      "CMS_13\\CMS13-350Q1000.csv": 1.5600537205081457,
      "D0_I\\D01.csv": 0.6282412452890765,
      "D0_II\\D02.csv": 0.6527758016316074,
      "D0_II_mu\\D02mu.csv": 0.9851175728286505,
      "E288\\E228-200-4Q5.csv": 0.4321014789611053,
      "E288\\E228-200-5Q6.csv": 0.25680932887362573,
      "E288\\E228-200-6Q7.csv": 0.4942203603686189,
      "E288\\E228-200-7Q8.csv": 0.669697584648293,
      "E288\\E228-200-8Q9.csv": 0.4703539667632885,
      "E288\\E228-300-11Q12.csv": 0.3870839503417352,
      "E288\\E228-300-4Q5.csv": 1.3921821261732035,
      "E288\\E228-300-5Q6.csv": 0.28311247378316584,
      "E288\\E228-300-6Q7.csv": 0.5784508462971075,
      "E288\\E228-300-7Q8.csv": 0.22065438308492283,
      "E288\\E228-300-8Q9.csv": 0.888685864441192,
      "E288\\E228-400-11Q12.csv": 1.0375097643199427,
      "E288\\E228-400-12Q13.csv": 1.0481357965758205,
      "E288\\E228-400-13Q14.csv": 0.6852063160169637,
      "E288\\E228-400-5Q6.csv": 0.747585361339056,
      "E288\\E228-400-6Q7.csv": 1.670341866180979,
      "E288\\E228-400-7Q8.csv": 1.5485456084394384,
      "E288\\E228-400-8Q9.csv": 1.630154580973702,
      "E605\\E605-10.5Q11.5.csv": 0.5870207393764985,
      "E605\\E605-11.5Q13.5.csv": 0.9059217912675052,
      "E605\\E605-13.5Q18.csv": 1.5571177137074417,
      "E605\\E605-7Q8.csv": 0.2427128309655455,
      "E605\\E605-8Q9.csv": 0.44842476956101324,
      "E772\\E772-11Q12.csv": 2.598174380855494,
      "E772\\E772-12Q13.csv": 3.890368080954961,
      "E772\\E772-13Q14.csv": 3.7692977990572265,
      "E772\\E772-14Q15.csv": 0.22656249818255256,
      "LHCb_7\\LHCb7.csv": 0.8923575800929688,
      "LHCb_8\\LHCb8.csv": 0.5450010662616489,
      "LHCb_13\\LHCb13.csv": 0.6724474651769575,
      "STAR\\STAR510.csv": 1.46348997158188
    },
    "high_energy_rows": [
      {
        "file": "CMS_13\\CMS13-170Q350.csv",
        "chi2dN": 1.09469961351873,
        "N": 10,
        "ratio_1": 1.078973156075145,
        "data_1": 0.0344,
        "pred_1": 0.037116676568984985,
        "ratio_2": 1.0937951247609683,
        "data_2": 0.0781,
        "pred_2": 0.08542539924383163,
        "ratio_3": 1.0853463127184866,
        "data_3": 0.0902,
        "pred_3": 0.09789823740720749
      },
      {
        "file": "CMS_13\\CMS13-350Q1000.csv",
        "chi2dN": 1.5600537205081457,
        "N": 11,
        "ratio_1": 1.1147391207578803,
        "data_1": 0.00238,
        "pred_1": 0.002653079107403755,
        "ratio_2": 1.1322292111879957,
        "data_2": 0.00565,
        "pred_2": 0.006397095043212175,
        "ratio_3": 1.106554714267346,
        "data_3": 0.00699,
        "pred_3": 0.007734817452728748
      },
      {
        "file": "ATLAS_8\\ATLAS8-00y04.csv",
        "chi2dN": 3.323579892641295,
        "N": 6,
        "ratio_1": 0.9838102198393753,
        "data_1": 3.257,
        "pred_1": 3.2042698860168457,
        "ratio_2": 0.9896371360328414,
        "data_2": 6.708,
        "pred_2": 6.638485908508301,
        "ratio_3": 1.0050368657025475,
        "data_3": 6.714,
        "pred_3": 6.747817516326904
      },
      {
        "file": "ATLAS_8\\ATLAS8-04y08.csv",
        "chi2dN": 1.037925439577654,
        "N": 6,
        "ratio_1": 0.993079522930713,
        "data_1": 3.219,
        "pred_1": 3.196722984313965,
        "ratio_2": 0.990268711275223,
        "data_2": 6.676,
        "pred_2": 6.611033916473389,
        "ratio_3": 0.9956070377756974,
        "data_3": 6.737,
        "pred_3": 6.707404613494873
      },
      {
        "file": "LHCb_8\\LHCb8.csv",
        "chi2dN": 0.5450010662616489,
        "N": 7,
        "ratio_1": 0.9479911334995256,
        "data_1": 3.592273,
        "pred_1": 3.405442953109741,
        "ratio_2": 0.9580352508214581,
        "data_2": 6.420833,
        "pred_2": 6.151384353637695,
        "ratio_3": 0.9790942942034776,
        "data_3": 6.340833,
        "pred_3": 6.208273410797119
      }
    ]
  },
  "fit": {
    "elapsed_s": 225.6792984000001,
    "nf": 2980,
    "flag": 0,
    "free_params": [
      2.0759922642484705,
      1.7867511851988729,
      -6.859130610169322,
      0.3617142588617839,
      1.1505795326899912,
      1.4146302544249747,
      0.07906283573534857,
      0.02492339585893984
    ],
    "log10_chi2": -9.330336203824456e-05,
    "stage1": [
      {
        "start_id": 0,
        "log10_chi2": 0.001772768035757835,
        "nf": 80,
        "flag": 1
      },
      {
        "start_id": 8,
        "log10_chi2": 0.0018350419146647716,
        "nf": 80,
        "flag": 1
      },
      {
        "start_id": 14,
        "log10_chi2": 0.002205749771097962,
        "nf": 80,
        "flag": 1
      },
      {
        "start_id": 6,
        "log10_chi2": 0.002383298174599596,
        "nf": 80,
        "flag": 1
      },
      {
        "start_id": 16,
        "log10_chi2": 0.0032333982836698677,
        "nf": 80,
        "flag": 1
      },
      {
        "start_id": 1,
        "log10_chi2": 0.003739471476720948,
        "nf": 80,
        "flag": 1
      },
      {
        "start_id": 10,
        "log10_chi2": 0.005490031990475351,
        "nf": 80,
        "flag": 1
      },
      {
        "start_id": 7,
        "log10_chi2": 0.008627176961878612,
        "nf": 80,