{
  "candidate": "poly_bstar_cslog_42_nolog",
  "fit_name": "Smooth42NoBumpPolyBstarCSLogNoLog",
  "param_names": [
    "lambda1",
    "lambda2",
    "lambda3",
    "lambda4",
    "alpha",
    "BNP",
    "c0",
    "c1"
  ],
  "free_idx": [
    0,
    1,
    2,
    4,
    5,
    6,
    7
  ],
  "frozen_idx": [
    3
  ],
  "initial": {
    "full_params": [
      2.169028946,
      0.9245062169,
      -5.698747294,
      0.0,
      0.982812132,
      1.424617325,
      0.07873042071,
      0.02688637177
    ],
    "free_params": [
      2.169028946,
      0.9245062169,
      -5.698747294,
      0.982812132,
      1.424617325,
      0.07873042071,
      0.02688637177
    ],
    "metrics": {
      "chi2dN_total": 22.00671082446222,
      "chi2dN_collider": 36.57803178838951,
      "chi2dN_fixed_target": 2.357505282196637,
      "highE_weighted_chi2dN": 48.79030852961113,
      "highE_mean_ratio_first3": 0.8571530114118412,
      "highE_mean_absdev_first3": 0.15283245259562694,
      "highE_mean_signed_first3": -0.14284698858815886,
      "highE_mean_shortfall_first3": 0.14783972059189293,
      "highE_mean_overshoot_first3": 0.0049927320037340605,
      "cms_highmass_mean_ratio_first3": 0.9418946441627408,
      "cms_highmass_mean_absdev_first3": 0.08306901585592952,
      "cms_highmass_mean_signed_first3": -0.05810535583725921,
      "zlike_mean_ratio_first3": 0.8006585895779081,
      "zlike_mean_absdev_first3": 0.19934141042209197,
      "zlike_mean_signed_first3": -0.19934141042209197,
      "compute_s": 0.041256
    },
    "per_file_chi2dN": {
      "ATLAS_7\\ATLAS7-00y10.csv": 112.88975214229424,
      "ATLAS_7\\ATLAS7-10y20.csv": 111.69521061320472,
      "ATLAS_7\\ATLAS7-20y24.csv": 42.43171166895109,
      "ATLAS_8\\ATLAS8-00y04.csv": 148.19894805216734,
      "ATLAS_8\\ATLAS8-04y08.csv": 137.34068126854632,
      "ATLAS_8\\ATLAS8-08y12.csv": 132.04455860412358,
      "ATLAS_8\\ATLAS8-116Q150.csv": 22.93875201836704,
      "ATLAS_8\\ATLAS8-12y16.csv": 142.1845269795855,
      "ATLAS_8\\ATLAS8-16y20.csv": 106.51894619543218,
      "ATLAS_8\\ATLAS8-20y24.csv": 65.91433633032948,
      "ATLAS_8\\ATLAS8-46Q66.csv": 123.55967135953361,
      "CDF_I\\CDF1.csv": 3.7027027492104496,
      "CDF_II\\CDF2.csv": 28.557271167451606,
      "CMS_7\\CMS7.csv": 22.523906066000794,
      "CMS_8\\CMS8.csv": 11.910704295335442,
      "CMS_13\\CMS13-00y04.csv": 29.842968476663188,
      "CMS_13\\CMS13-04y08.csv": 19.875719022045516,
      "CMS_13\\CMS13-08y12.csv": 17.709860713367085,
      "CMS_13\\CMS13-106Q170.csv": 33.27471269043622,
      "CMS_13\\CMS13-12y16.csv": 13.054819694584996,
      "CMS_13\\CMS13-16y24.csv": 8.643238798132598,
      "CMS_13\\CMS13-170Q350.csv": 7.0609430002297655,
      "CMS_13\\CMS13-350Q1000.csv": 2.2926365990718947,
      "D0_I\\D01.csv": 8.015928448145734,
      "D0_II\\D02.csv": 13.432695893724475,
      "D0_II_mu\\D02mu.csv": 45.01818920006854,
      "E288\\E228-200-4Q5.csv": 2.3947264312252234,
      "E288\\E228-200-5Q6.csv": 1.3815690658709399,
      "E288\\E228-200-6Q7.csv": 1.7004306863120504,
      "E288\\E228-200-7Q8.csv": 1.6480678125066006,
      "E288\\E228-200-8Q9.csv": 0.7231912950932547,
      "E288\\E228-300-11Q12.csv": 0.39270226790760865,
      "E288\\E228-300-4Q5.csv": 2.868353331018627,
      "E288\\E228-300-5Q6.csv": 1.299402171228749,
      "E288\\E228-300-6Q7.csv": 3.6820494696752015,
      "E288\\E228-300-7Q8.csv": 1.694352855352313,
      "E288\\E228-300-8Q9.csv": 0.4171310224144171,
      "E288\\E228-400-11Q12.csv": 1.3150669187239663,
      "E288\\E228-400-12Q13.csv": 0.9900249711406447,
      "E288\\E228-400-13Q14.csv": 0.7007171132435662,
      "E288\\E228-400-5Q6.csv": 2.2246532039219202,
      "E288\\E228-400-6Q7.csv": 8.902219382199187,
      "E288\\E228-400-7Q8.csv": 5.952418210250277,
      "E288\\E228-400-8Q9.csv": 6.758927040434357,
      "E605\\E605-10.5Q11.5.csv": 2.033991410547149,
      "E605\\E605-11.5Q13.5.csv": 2.2504075609708867,
      "E605\\E605-13.5Q18.csv": 2.206863076184479,
      "E605\\E605-7Q8.csv": 1.2868584601888338,
      "E605\\E605-8Q9.csv": 0.9470788996092306,
      "E772\\E772-11Q12.csv": 3.5457641071883046,
      "E772\\E772-12Q13.csv": 4.9055839023993535,
      "E772\\E772-13Q14.csv": 3.6584196150989703,
      "E772\\E772-14Q15.csv": 0.2479720624890871,
      "LHCb_7\\LHCb7.csv": 12.260641991805768,
      "LHCb_8\\LHCb8.csv": 20.363733238296415,
      "LHCb_13\\LHCb13.csv": 9.639407387822846,
      "STAR\\STAR510.csv": 0.7930008868329566
    },
    "high_energy_rows": [
      {
        "file": "CMS_13\\CMS13-170Q350.csv",
        "chi2dN": 7.0609430002297655,
        "N": 10,
        "ratio_1": 0.7950438208184963,
        "data_1": 0.0344,
        "pred_1": 0.027349507436156273,
        "ratio_2": 0.9094948538134253,
        "data_2": 0.0781,
        "pred_2": 0.07103154808282852,
        "ratio_3": 1.023511532404999,
        "data_3": 0.0902,
        "pred_3": 0.09232074022293091
      },
      {
        "file": "CMS_13\\CMS13-350Q1000.csv",
        "chi2dN": 2.2926365990718947,
        "N": 11,
        "ratio_1": 0.8894901472229917,
        "data_1": 0.00238,
        "pred_1": 0.0021169865503907204,
        "ratio_2": 0.9824480630655205,
        "data_2": 0.00565,
        "pred_2": 0.00555083155632019,
        "ratio_3": 1.0513794476510119,
        "data_3": 0.00699,
        "pred_3": 0.007349142339080572
      },
      {
        "file": "ATLAS_8\\ATLAS8-00y04.csv",
        "chi2dN": 148.19894805216734,
        "N": 6,
        "ratio_1": 0.6436727732868329,
        "data_1": 3.257,
        "pred_1": 2.096442222595215,
        "ratio_2": 0.7824486184845243,
        "data_2": 6.708,
        "pred_2": 5.2486653327941895,
        "ratio_3": 0.9579965320413297,
        "data_3": 6.714,
        "pred_3": 6.431988716125488
      },
      {
        "file": "ATLAS_8\\ATLAS8-04y08.csv",
        "chi2dN": 137.34068126854632,
        "N": 6,
        "ratio_1": 0.6519054248118926,
        "data_1": 3.219,
        "pred_1": 2.0984835624694824,
        "ratio_2": 0.7854181538805267,
        "data_2": 6.676,
        "pred_2": 5.2434515953063965,
        "ratio_3": 0.9509822425881921,
        "data_3": 6.737,
        "pred_3": 6.40676736831665
      },
      {
        "file": "LHCb_8\\LHCb8.csv",
        "chi2dN": 20.363733238296415,
        "N": 7,
        "ratio_1": 0.6940606620977292,
        "data_1": 3.592273,
        "pred_1": 2.493255376815796,
        "ratio_2": 0.8118122777250351,
        "data_2": 6.420833,
        "pred_2": 5.21251106262207,
        "ratio_3": 0.9276306212851099,
        "data_3": 6.340833,
        "pred_3": 5.881950855255127
      }
    ]
  },
  "fit": {
    "elapsed_s": 263.92954050000003,
    "nf": 2963,
    "flag": 0,
    "free_params": [
      0.4993875569309919,
      0.13655828348878277,
      -1.2834705207059507,
      1.544935996516084,
      1.3489820391636407,
      0.07660398120927832,
      0.02351663440871661
    ],
    "log10_chi2": 0.002532908598525635,
    "stage1": [
      {
        "start_id": 6,
        "log10_chi2": 0.018044535731317934,
        "nf": 80,
        "flag": 1
      },
      {
        "start_id": 1,
        "log10_chi2": 0.035305089162537946,
        "nf": 80,
        "flag": 1
      },
      {
        "start_id": 5,
        "log10_chi2": 0.03714756804285973,
        "nf": 80,
        "flag": 1
      },
      {
        "start_id": 15,
        "log10_chi2": 0.03743822329783767,
        "nf": 80,
        "flag": 1
      },
      {
        "start_id": 12,
        "log10_chi2": 0.037917418852252166,
        "nf": 80,
        "flag": 1
      },
      {
        "start_id": 0,
        "log10_chi2": 0.0399660703506805,
        "nf": 80,
        "flag": 1
      },
      {
        "start_id": 10,
        "log10_chi2": 0.040316254820293475,
        "nf": 80,
        "flag": 1
      },
      {
        "start_id": 11,
        "log10_chi2": 0.042571092881939096,
        "nf": 80,
        "flag": 1
      },
      {
        "start_id": 17,