{
  "candidate": "poly_bstar_cslog_42_alpha1",
  "fit_name": "Smooth42NoBumpPolyBstarCSLogAlpha1",
  "param_names": [
    "lambda1",
    "lambda2",
    "lambda3",
    "lambda4",
    "alpha",
    "BNP",
    "c0",
    "c1"
  ],
  "free_idx": [
    0,
    1,
    2,
    3,
    5,
    6,
    7
  ],
  "frozen_idx": [
    4
  ],
  "initial": {
    "full_params": [
      2.169028946,
      0.9245062169,
      -5.698747294,
      0.3749504397,
      1.0,
      1.424617325,
      0.07873042071,
      0.02688637177
    ],
    "free_params": [
      2.169028946,
      0.9245062169,
      -5.698747294,
      0.3749504397,
      1.424617325,
      0.07873042071,
      0.02688637177
    ],
    "metrics": {
      "chi2dN_total": 1.0056312989838545,
      "chi2dN_collider": 0.9118730337302858,
      "chi2dN_fixed_target": 1.1320628990985153,
      "highE_weighted_chi2dN": 1.4511769969405934,
      "highE_mean_ratio_first3": 1.0302758758577875,
      "highE_mean_absdev_first3": 0.05194136642854604,
      "highE_mean_signed_first3": 0.03027587585778743,
      "highE_mean_shortfall_first3": 0.010832745285379305,
      "highE_mean_overshoot_first3": 0.04110862114316673,
      "cms_highmass_mean_ratio_first3": 1.1019317674817621,
      "cms_highmass_mean_absdev_first3": 0.1019317674817621,
      "cms_highmass_mean_signed_first3": 0.1019317674817621,
      "zlike_mean_ratio_first3": 0.9825052814418043,
      "zlike_mean_absdev_first3": 0.018614432393068665,
      "zlike_mean_signed_first3": -0.017494718558195683,
      "compute_s": 0.0370994
    },
    "per_file_chi2dN": {
      "ATLAS_7\\ATLAS7-00y10.csv": 0.5155847563720809,
      "ATLAS_7\\ATLAS7-10y20.csv": 3.4248813315755426,
      "ATLAS_7\\ATLAS7-20y24.csv": 1.3648618515138737,
      "ATLAS_8\\ATLAS8-00y04.csv": 3.319929586494446,
      "ATLAS_8\\ATLAS8-04y08.csv": 1.0331297294618542,
      "ATLAS_8\\ATLAS8-08y12.csv": 0.3449150695703492,
      "ATLAS_8\\ATLAS8-116Q150.csv": 0.5667113916498406,
      "ATLAS_8\\ATLAS8-12y16.csv": 2.0627528667268327,
      "ATLAS_8\\ATLAS8-16y20.csv": 0.9871518013161481,
      "ATLAS_8\\ATLAS8-20y24.csv": 0.9098165537028908,
      "ATLAS_8\\ATLAS8-46Q66.csv": 0.5260004945684384,
      "CDF_I\\CDF1.csv": 0.502054706535704,
      "CDF_II\\CDF2.csv": 0.7001672851729089,
      "CMS_7\\CMS7.csv": 1.420706761861052,
      "CMS_8\\CMS8.csv": 0.7194755898424303,
      "CMS_13\\CMS13-00y04.csv": 1.295736656620115,
      "CMS_13\\CMS13-04y08.csv": 0.845275043866609,
      "CMS_13\\CMS13-08y12.csv": 0.45745926769026346,
      "CMS_13\\CMS13-106Q170.csv": 0.9059782766049012,
      "CMS_13\\CMS13-12y16.csv": 0.22266282869847084,
      "CMS_13\\CMS13-16y24.csv": 0.22684033331653808,
      "CMS_13\\CMS13-170Q350.csv": 1.0948296845108998,
      "CMS_13\\CMS13-350Q1000.csv": 1.5600472364610822,
      "D0_I\\D01.csv": 0.6281927440555705,
      "D0_II\\D02.csv": 0.6538175742982425,
      "D0_II_mu\\D02mu.csv": 0.9842313367841827,
      "E288\\E228-200-4Q5.csv": 0.46717393868565854,
      "E288\\E228-200-5Q6.csv": 0.2605853200099959,
      "E288\\E228-200-6Q7.csv": 0.5012287742993163,
      "E288\\E228-200-7Q8.csv": 0.6820864153139868,
      "E288\\E228-200-8Q9.csv": 0.4738350519952487,
      "E288\\E228-300-11Q12.csv": 0.38716145538278235,
      "E288\\E228-300-4Q5.csv": 1.4369455632318988,
      "E288\\E228-300-5Q6.csv": 0.2612285739524691,
      "E288\\E228-300-6Q7.csv": 0.6223297001376193,
      "E288\\E228-300-7Q8.csv": 0.22136688176461478,
      "E288\\E228-300-8Q9.csv": 0.880023164696636,
      "E288\\E228-400-11Q12.csv": 1.0389249698187981,
      "E288\\E228-400-12Q13.csv": 1.0471841096064152,
      "E288\\E228-400-13Q14.csv": 0.685291589138976,
      "E288\\E228-400-5Q6.csv": 0.7758140079486299,
      "E288\\E228-400-6Q7.csv": 1.7416758340021776,
      "E288\\E228-400-7Q8.csv": 1.4683863408659366,
      "E288\\E228-400-8Q9.csv": 1.6164571834340844,
      "E605\\E605-10.5Q11.5.csv": 0.5912449755333229,
      "E605\\E605-11.5Q13.5.csv": 0.9068999560976259,
      "E605\\E605-13.5Q18.csv": 1.558129652523327,
      "E605\\E605-7Q8.csv": 0.24408499100128853,
      "E605\\E605-8Q9.csv": 0.44173269403991877,
      "E772\\E772-11Q12.csv": 2.611526673917901,
      "E772\\E772-12Q13.csv": 3.8974642890589584,
      "E772\\E772-13Q14.csv": 3.772301846616272,
      "E772\\E772-14Q15.csv": 0.22678495480924246,
      "LHCb_7\\LHCb7.csv": 0.8911535027671215,
      "LHCb_8\\LHCb8.csv": 0.545701076529291,
      "LHCb_13\\LHCb13.csv": 0.6716152669787314,
      "STAR\\STAR510.csv": 1.462589863350699
    },
    "high_energy_rows": [
      {
        "file": "CMS_13\\CMS13-170Q350.csv",
        "chi2dN": 1.0948296845108998,
        "N": 10,
        "ratio_1": 1.0789195508804432,
        "data_1": 0.0344,
        "pred_1": 0.03711483255028725,
        "ratio_2": 1.0938179248731663,
        "data_2": 0.0781,
        "pred_2": 0.0854271799325943,
        "ratio_3": 1.0853523425675284,
        "data_3": 0.0902,
        "pred_3": 0.09789878129959106
      },
      {
        "file": "CMS_13\\CMS13-350Q1000.csv",
        "chi2dN": 1.5600472364610822,
        "N": 11,
        "ratio_1": 1.1146947068451833,
        "data_1": 0.00238,
        "pred_1": 0.0026529734022915363,
        "ratio_2": 1.1322433046535054,
        "data_2": 0.00565,
        "pred_2": 0.006397174671292305,
        "ratio_3": 1.1065627750707459,
        "data_3": 0.00699,
        "pred_3": 0.0077348737977445126
      },
      {
        "file": "ATLAS_8\\ATLAS8-00y04.csv",
        "chi2dN": 3.319929586494446,
        "N": 6,
        "ratio_1": 0.9837509995045601,
        "data_1": 3.257,
        "pred_1": 3.2040770053863525,
        "ratio_2": 0.9896699061476196,
        "data_2": 6.708,
        "pred_2": 6.638705730438232,
        "ratio_3": 1.0050387122569284,
        "data_3": 6.714,
        "pred_3": 6.747829914093018
      },
      {
        "file": "ATLAS_8\\ATLAS8-04y08.csv",
        "chi2dN": 1.0331297294618542,
        "N": 6,
        "ratio_1": 0.9930151595429406,
        "data_1": 3.219,
        "pred_1": 3.1965157985687256,
        "ratio_2": 0.9903039955107161,
        "data_2": 6.676,
        "pred_2": 6.611269474029541,
        "ratio_3": 0.9956090903625443,
        "data_3": 6.737,
        "pred_3": 6.707418441772461
      },
      {
        "file": "LHCb_8\\LHCb8.csv",
        "chi2dN": 0.545701076529291,
        "N": 7,
        "ratio_1": 0.9478947644939251,
        "data_1": 3.592273,
        "pred_1": 3.4050967693328857,
        "ratio_2": 0.9581307544088352,
        "data_2": 6.420833,
        "pred_2": 6.1519975662231445,
        "ratio_3": 0.9791341507481693,
        "data_3": 6.340833,
        "pred_3": 6.208526134490967
      }
    ]
  },
  "fit": {
    "elapsed_s": 228.2850062,
    "nf": 2898,
    "flag": 0,
    "free_params": [
      2.2045991224110546,
      1.6398694839936574,
      -6.806848577614292,
      0.38074709106931526,
      1.4538409401595116,
      0.07728790754106585,
      0.02521150021596147
    ],
    "log10_chi2": 0.0007704783304130752,
    "stage1": [
      {
        "start_id": 14,
        "log10_chi2": 0.001711503352442021,
        "nf": 80,
        "flag": 1
      },
      {
        "start_id": 0,
        "log10_chi2": 0.0017173143841184635,
        "nf": 80,
        "flag": 1
      },
      {
        "start_id": 8,
        "log10_chi2": 0.0019843501461241086,
        "nf": 80,
        "flag": 1
      },
      {
        "start_id": 6,
        "log10_chi2": 0.002201649289051783,
        "nf": 80,
        "flag": 1
      },
      {
        "start_id": 10,
        "log10_chi2": 0.002387363647758105,
        "nf": 80,
        "flag": 1
      },
      {
        "start_id": 7,
        "log10_chi2": 0.0038462146464850753,
        "nf": 80,
        "flag": 1
      },
      {
        "start_id": 1,
        "log10_chi2": 0.0039949542510742475,
        "nf": 80,
        "flag": 1
      },
      {
        "start_id": 11,
        "log10_chi2": 0.006316142768834316,
        "nf": 80,