{
  "candidate": "poly_bstar_cslog2_42",
  "fit_name": "Smooth42NoBumpPolyBstarCSLog2",
  "param_names": [
    "lambda1",
    "lambda2",
    "lambda3",
    "lambda4",
    "alpha",
    "BNP",
    "c0",
    "c1",
    "c2"
  ],
  "free_idx": [
    0,
    1,
    2,
    3,
    4,
    5,
    6,
    7,
    8
  ],
  "frozen_idx": [],
  "initial": {
    "full_params": [
      2.169028946,
      0.9245062169,
      -5.698747294,
      0.3749504397,
      0.982812132,
      1.424617325,
      0.07873042071,
      0.02688637177,
      0.0
    ],
    "free_params": [
      2.169028946,
      0.9245062169,
      -5.698747294,
      0.3749504397,
      0.982812132,
      1.424617325,
      0.07873042071,
      0.02688637177,
      0.0
    ],
    "metrics": {
      "chi2dN_total": 1.005170684165014,
      "chi2dN_collider": 0.9134607731363761,
      "chi2dN_fixed_target": 1.1288401096430267,
      "highE_weighted_chi2dN": 1.452314055517826,
      "highE_mean_ratio_first3": 1.0302798550260297,
      "highE_mean_absdev_first3": 0.0519433853249308,
      "highE_mean_signed_first3": 0.030279855026029544,
      "highE_mean_shortfall_first3": 0.010831765149450627,
      "highE_mean_overshoot_first3": 0.041111620175480174,
      "cms_highmass_mean_ratio_first3": 1.101939537310948,
      "cms_highmass_mean_absdev_first3": 0.101939537310948,
      "cms_highmass_mean_signed_first3": 0.101939537310948,
      "zlike_mean_ratio_first3": 0.9825067335027504,
      "zlike_mean_absdev_first3": 0.018612617334252665,
      "zlike_mean_signed_first3": -0.017493266497249423,
      "compute_s": 0.0404286
    },
    "per_file_chi2dN": {
      "ATLAS_7\\ATLAS7-00y10.csv": 0.5210183357570396,
      "ATLAS_7\\ATLAS7-10y20.csv": 3.4409226520244407,
      "ATLAS_7\\ATLAS7-20y24.csv": 1.3698274936141634,
      "ATLAS_8\\ATLAS8-00y04.csv": 3.323696956729014,
      "ATLAS_8\\ATLAS8-04y08.csv": 1.0379807364047995,
      "ATLAS_8\\ATLAS8-08y12.csv": 0.3446873101349322,
      "ATLAS_8\\ATLAS8-116Q150.csv": 0.5662811445714668,
      "ATLAS_8\\ATLAS8-12y16.csv": 2.081403783276199,
      "ATLAS_8\\ATLAS8-16y20.csv": 0.9965891242087919,
      "ATLAS_8\\ATLAS8-20y24.csv": 0.915041336302262,
      "ATLAS_8\\ATLAS8-46Q66.csv": 0.529170862432076,
      "CDF_I\\CDF1.csv": 0.502331299096175,
      "CDF_II\\CDF2.csv": 0.7007095750959137,
      "CMS_7\\CMS7.csv": 1.42082691878183,
      "CMS_8\\CMS8.csv": 0.7190747662864079,
      "CMS_13\\CMS13-00y04.csv": 1.2947271526648136,
      "CMS_13\\CMS13-04y08.csv": 0.8449172893860643,
      "CMS_13\\CMS13-08y12.csv": 0.4572521990574244,
      "CMS_13\\CMS13-106Q170.csv": 0.9066155417596656,
      "CMS_13\\CMS13-12y16.csv": 0.22215169994028977,
      "CMS_13\\CMS13-16y24.csv": 0.2264994968758655,
      "CMS_13\\CMS13-170Q350.csv": 1.0946955967368008,
      "CMS_13\\CMS13-350Q1000.csv": 1.5600523496975343,
      "D0_I\\D01.csv": 0.6282408866002801,
      "D0_II\\D02.csv": 0.6527750701479039,
      "D0_II_mu\\D02mu.csv": 0.985115025368999,
      "E288\\E228-200-4Q5.csv": 0.43210128415117827,
      "E288\\E228-200-5Q6.csv": 0.2568076410188548,
      "E288\\E228-200-6Q7.csv": 0.4942202658604122,
      "E288\\E228-200-7Q8.csv": 0.6696977925174391,
      "E288\\E228-200-8Q9.csv": 0.4703537460437345,
      "E288\\E228-300-11Q12.csv": 0.3870838607616051,
      "E288\\E228-300-4Q5.csv": 1.3921837594184456,
      "E288\\E228-300-5Q6.csv": 0.28311086923613116,
      "E288\\E228-300-6Q7.csv": 0.5784528288358467,
      "E288\\E228-300-7Q8.csv": 0.2206545873578892,
      "E288\\E228-300-8Q9.csv": 0.8886847776709395,
      "E288\\E228-400-11Q12.csv": 1.037509438850313,
      "E288\\E228-400-12Q13.csv": 1.048135869741708,
      "E288\\E228-400-13Q14.csv": 0.685206533033881,
      "E288\\E228-400-5Q6.csv": 0.7475827028723119,
      "E288\\E228-400-6Q7.csv": 1.6703471865145307,
      "E288\\E228-400-7Q8.csv": 1.5485418242181186,
      "E288\\E228-400-8Q9.csv": 1.6301516074154805,
      "E605\\E605-10.5Q11.5.csv": 0.5870206866739734,
      "E605\\E605-11.5Q13.5.csv": 0.9059220688688167,
      "E605\\E605-13.5Q18.csv": 1.5571186098530794,
      "E605\\E605-7Q8.csv": 0.24271307953652407,
      "E605\\E605-8Q9.csv": 0.4484245767647942,
      "E772\\E772-11Q12.csv": 2.598174012356692,
      "E772\\E772-12Q13.csv": 3.890367036069461,
      "E772\\E772-13Q14.csv": 3.769298819055391,
      "E772\\E772-14Q15.csv": 0.22656265887968072,
      "LHCb_7\\LHCb7.csv": 0.8923603101653003,
      "LHCb_8\\LHCb8.csv": 0.5449948925527535,
      "LHCb_13\\LHCb13.csv": 0.6724493668457995,
      "STAR\\STAR510.csv": 1.463489740871202
    },
    "high_energy_rows": [
      {
        "file": "CMS_13\\CMS13-170Q350.csv",
        "chi2dN": 1.0946955967368008,
        "N": 10,
        "ratio_1": 1.0789730477818222,
        "data_1": 0.0344,
        "pred_1": 0.03711667284369469,
        "ratio_2": 1.0937950293630094,
        "data_2": 0.0781,
        "pred_2": 0.08542539179325104,
        "ratio_3": 1.0853461475171429,
        "data_3": 0.0902,
        "pred_3": 0.0978982225060463
      },
      {
        "file": "CMS_13\\CMS13-350Q1000.csv",
        "chi2dN": 1.5600523496975343,
        "N": 11,
        "ratio_1": 1.1147390229298788,
        "data_1": 0.00238,
        "pred_1": 0.0026530788745731115,
        "ratio_2": 1.1322291287700688,
        "data_2": 0.00565,
        "pred_2": 0.006397094577550888,
        "ratio_3": 1.1065548475037659,
        "data_3": 0.00699,
        "pred_3": 0.007734818384051323
      },
      {
        "file": "ATLAS_8\\ATLAS8-00y04.csv",
        "chi2dN": 3.323696956729014,
        "N": 6,
        "ratio_1": 0.9838101466374782,
        "data_1": 3.257,
        "pred_1": 3.2042696475982666,
        "ratio_2": 0.9896370649479937,
        "data_2": 6.708,
        "pred_2": 6.638485431671143,
        "ratio_3": 1.0050370787665146,
        "data_3": 6.714,
        "pred_3": 6.747818946838379
      },
      {
        "file": "ATLAS_8\\ATLAS8-04y08.csv",
        "chi2dN": 1.0379807364047995,
        "N": 6,
        "ratio_1": 0.9930795969967519,
        "data_1": 3.219,
        "pred_1": 3.196723222732544,
        "ratio_2": 0.990268711275223,
        "data_2": 6.676,
        "pred_2": 6.611033916473389,
        "ratio_3": 0.9956072501122677,
        "data_3": 6.737,
        "pred_3": 6.707406044006348
      },
      {
        "file": "LHCb_8\\LHCb8.csv",
        "chi2dN": 0.5449948925527535,
        "N": 7,
        "ratio_1": 0.9479911334995256,
        "data_1": 3.592273,
        "pred_1": 3.405442953109741,
        "ratio_2": 0.9580353250855229,
        "data_2": 6.420833,
        "pred_2": 6.1513848304748535,
        "ratio_3": 0.9790942942034776,
        "data_3": 6.340833,
        "pred_3": 6.208273410797119
      }
    ]
  },
  "fit": {
    "elapsed_s": 273.5293890999999,
    "nf": 3054,
    "flag": 0,
    "free_params": [
      1.7517337091473788,
      1.2167295672661635,
      -5.059539708292638,
      0.30680834333549034,
      1.1909544314562002,
      0.9144522512395119,
      0.11025796089757271,
      0.09491222429905632,
      0.0396367460967935
    ],
    "log10_chi2": -0.012753197203002704,
    "stage1": [
      {
        "start_id": 5,
        "log10_chi2": -0.004591552356026089,
        "nf": 80,
        "flag": 1
      },
      {
        "start_id": 8,
        "log10_chi2": 0.0004659005366350225,
        "nf": 80,
        "flag": 1
      },
      {
        "start_id": 0,
        "log10_chi2": 0.000942279241841097,
        "nf": 80,
        "flag": 1
      },
      {
        "start_id": 15,
        "log10_chi2": 0.0017101520158894076,
        "nf": 80,
        "flag": 1
      },
      {
        "start_id": 14,
        "log10_chi2": 0.002073116744173915,
        "nf": 80,
        "flag": 1
      },
      {
        "start_id": 12,
        "log10_chi2": 0.002333135179958942,
        "nf": 80,
        "flag": 1
      },
      {
        "start_id": 16,
        "log10_chi2": 0.0028265366599695076,
        "nf": 80,
        "flag": 1
      },
      {
        "start_id": 6,