{
  "candidate": "sqrtx_poly_bstar_cslog_42",
  "fit_name": "Smooth42NoBumpSqrtXPolyBstarCSLog",
  "param_names": [
    "lambda1",
    "lambda2",
    "lambda3",
    "lambda4",
    "alpha",
    "BNP",
    "c0",
    "c1"
  ],
  "free_idx": [
    0,
    1,
    2,
    3,
    4,
    5,
    6,
    7
  ],
  "frozen_idx": [],
  "initial": {
    "full_params": [
      2.169028946,
      0.9245062169,
      -5.698747294,
      0.3749504397,
      0.982812132,
      1.424617325,
      0.07873042071,
      0.02688637177
    ],
    "free_params": [
      2.169028946,
      0.9245062169,
      -5.698747294,
      0.3749504397,
      0.982812132,
      1.424617325,
      0.07873042071,
      0.02688637177
    ],
    "metrics": {
      "chi2dN_total": 1.3162546150555894,
      "chi2dN_collider": 1.222814568085112,
      "chi2dN_fixed_target": 1.442257102636991,
      "highE_weighted_chi2dN": 1.7513618027409206,
      "highE_mean_ratio_first3": 1.0385246497000626,
      "highE_mean_absdev_first3": 0.0587201670736508,
      "highE_mean_signed_first3": 0.03852464970006258,
      "highE_mean_shortfall_first3": 0.010097758686794108,
      "highE_mean_overshoot_first3": 0.04862240838685669,
      "cms_highmass_mean_ratio_first3": 1.116447273303922,
      "cms_highmass_mean_absdev_first3": 0.11644727330392186,
      "cms_highmass_mean_signed_first3": 0.11644727330392186,
      "zlike_mean_ratio_first3": 0.9865762339641564,
      "zlike_mean_absdev_first3": 0.020235429586803418,
      "zlike_mean_signed_first3": -0.01342376603584361,
      "compute_s": 0.0373239
    },
    "per_file_chi2dN": {
      "ATLAS_7\\ATLAS7-00y10.csv": 2.311294907544472,
      "ATLAS_7\\ATLAS7-10y20.csv": 5.429731568242553,
      "ATLAS_7\\ATLAS7-20y24.csv": 1.70254480457754,
      "ATLAS_8\\ATLAS8-00y04.csv": 3.048450264439273,
      "ATLAS_8\\ATLAS8-04y08.csv": 2.7766974756878167,
      "ATLAS_8\\ATLAS8-08y12.csv": 2.2071462021650974,
      "ATLAS_8\\ATLAS8-116Q150.csv": 0.7291622864176245,
      "ATLAS_8\\ATLAS8-12y16.csv": 2.733069281149626,
      "ATLAS_8\\ATLAS8-16y20.csv": 1.575422618962197,
      "ATLAS_8\\ATLAS8-20y24.csv": 0.8011758046678995,
      "ATLAS_8\\ATLAS8-46Q66.csv": 0.32997685072797767,
      "CDF_I\\CDF1.csv": 0.685808614602251,
      "CDF_II\\CDF2.csv": 1.2264069659187358,
      "CMS_7\\CMS7.csv": 1.6380320334931855,
      "CMS_8\\CMS8.csv": 0.539852799918586,
      "CMS_13\\CMS13-00y04.csv": 1.3103898722520304,
      "CMS_13\\CMS13-04y08.csv": 0.8567821124005661,
      "CMS_13\\CMS13-08y12.csv": 0.5026270633233751,
      "CMS_13\\CMS13-106Q170.csv": 1.1985230628309804,
      "CMS_13\\CMS13-12y16.csv": 0.26478481138575216,
      "CMS_13\\CMS13-16y24.csv": 0.25617777108474604,
      "CMS_13\\CMS13-170Q350.csv": 1.2436589467409376,
      "CMS_13\\CMS13-350Q1000.csv": 1.5601107718267706,
      "D0_I\\D01.csv": 0.6163907838922502,
      "D0_II\\D02.csv": 1.3656269076279037,
      "D0_II_mu\\D02mu.csv": 1.06616828076707,
      "E288\\E228-200-4Q5.csv": 0.4122554314743138,
      "E288\\E228-200-5Q6.csv": 0.32594532284066313,
      "E288\\E228-200-6Q7.csv": 0.7303177667248066,
      "E288\\E228-200-7Q8.csv": 1.0927654620648612,
      "E288\\E228-200-8Q9.csv": 0.6318128641247353,
      "E288\\E228-300-11Q12.csv": 0.3921295954719967,
      "E288\\E228-300-4Q5.csv": 1.1548162816880712,
      "E288\\E228-300-5Q6.csv": 0.1998806320426197,
      "E288\\E228-300-6Q7.csv": 1.8058707335464967,
      "E288\\E228-300-7Q8.csv": 0.6826079949211287,
      "E288\\E228-300-8Q9.csv": 0.49308870940001887,
      "E288\\E228-400-11Q12.csv": 1.2366563909699868,
      "E288\\E228-400-12Q13.csv": 0.9954845469904942,
      "E288\\E228-400-13Q14.csv": 0.697995837435932,
      "E288\\E228-400-5Q6.csv": 0.7304295432973972,
      "E288\\E228-400-6Q7.csv": 3.303760300732327,
      "E288\\E228-400-7Q8.csv": 2.0343497632246264,
      "E288\\E228-400-8Q9.csv": 3.6152849980998356,
      "E605\\E605-10.5Q11.5.csv": 1.0485747795270188,
      "E605\\E605-11.5Q13.5.csv": 1.437734039994982,
      "E605\\E605-13.5Q18.csv": 1.9819516465012166,
      "E605\\E605-7Q8.csv": 0.2317555823519315,
      "E605\\E605-8Q9.csv": 0.4141945263156805,
      "E772\\E772-11Q12.csv": 2.8691967371487257,
      "E772\\E772-12Q13.csv": 4.2208605644928365,
      "E772\\E772-13Q14.csv": 3.7870858801585903,
      "E772\\E772-14Q15.csv": 0.2322240428795883,
      "LHCb_7\\LHCb7.csv": 0.8930740879308985,
      "LHCb_8\\LHCb8.csv": 0.7865396730529176,
      "LHCb_13\\LHCb13.csv": 0.694008780094742,
      "STAR\\STAR510.csv": 1.6253100538013132
    },
    "high_energy_rows": [
      {
        "file": "CMS_13\\CMS13-170Q350.csv",
        "chi2dN": 1.2436589467409376,
        "N": 10,
        "ratio_1": 1.1070955241488856,
        "data_1": 0.0344,
        "pred_1": 0.038084086030721664,
        "ratio_2": 1.1046046674938421,
        "data_2": 0.0781,
        "pred_2": 0.08626962453126907,
        "ratio_3": 1.0852143168449402,
        "data_3": 0.0902,
        "pred_3": 0.0978863313794136
      },
      {
        "file": "CMS_13\\CMS13-350Q1000.csv",
        "chi2dN": 1.5601107718267706,
        "N": 11,
        "ratio_1": 1.14653556912887,
        "data_1": 0.00238,
        "pred_1": 0.0027287546545267105,
        "ratio_2": 1.1469246572361584,
        "data_2": 0.00565,
        "pred_2": 0.0064801243133842945,
        "ratio_3": 1.108308904970835,
        "data_3": 0.00699,
        "pred_3": 0.007747079245746136
      },
      {
        "file": "ATLAS_8\\ATLAS8-00y04.csv",
        "chi2dN": 3.048450264439273,
        "N": 6,
        "ratio_1": 1.008722362688139,
        "data_1": 3.257,
        "pred_1": 3.2854087352752686,
        "ratio_2": 0.9959467692821595,
        "data_2": 6.708,
        "pred_2": 6.680810928344727,
        "ratio_3": 1.0023722877309262,
        "data_3": 6.714,
        "pred_3": 6.7299275398254395
      },
      {
        "file": "ATLAS_8\\ATLAS8-04y08.csv",
        "chi2dN": 2.7766974756878167,
        "N": 6,
        "ratio_1": 1.019557835560254,
        "data_1": 3.219,
        "pred_1": 3.281956672668457,
        "ratio_2": 0.996996000757326,
        "data_2": 6.676,
        "pred_2": 6.655945301055908,
        "ratio_3": 0.9928035580370499,
        "data_3": 6.737,
        "pred_3": 6.6885175704956055
      },
      {
        "file": "LHCb_8\\LHCb8.csv",
        "chi2dN": 0.7865396730529176,
        "N": 7,
        "ratio_1": 0.9299443779548706,
        "data_1": 3.592273,
        "pred_1": 3.340614080429077,
        "ratio_2": 0.9525235947216403,
        "data_2": 6.420833,
        "pred_2": 6.115994930267334,
        "ratio_3": 0.9803193189450421,
        "data_3": 6.340833,
        "pred_3": 6.216041088104248
      }
    ]
  },
  "fit": {
    "elapsed_s": 236.49520119999988,
    "nf": 3078,
    "flag": 0,
    "free_params": [
      0.28499648880287276,
      0.6864248569575693,
      -1.962350708641253,
      0.13509407424361208,
      1.493788718617006,
      1.311438899052726,
      0.07628535962578327,
      0.02513576873286071
    ],
    "log10_chi2": 0.0010427355125542884,
    "stage1": [
      {
        "start_id": 14,
        "log10_chi2": 0.019395498716931157,
        "nf": 80,
        "flag": 1
      },
      {
        "start_id": 2,
        "log10_chi2": 0.020272676566758487,
        "nf": 80,
        "flag": 1
      },
      {
        "start_id": 11,
        "log10_chi2": 0.026792265545325135,
        "nf": 80,
        "flag": 1
      },
      {
        "start_id": 7,
        "log10_chi2": 0.0273171876375006,
        "nf": 80,
        "flag": 1
      },
      {
        "start_id": 1,
        "log10_chi2": 0.027611407939518728,
        "nf": 80,
        "flag": 1
      },
      {
        "start_id": 15,
        "log10_chi2": 0.03167280490806569,
        "nf": 80,
        "flag": 1
      },
      {
        "start_id": 0,
        "log10_chi2": 0.033716735079345334,
        "nf": 80,
        "flag": 1
      },
      {
        "start_id": 4,
        "log10_chi2": 0.036782754970702186,
        "nf": 80,