{
  "candidate": "broad_bump_42_fixed_gauss_basis_log1mx",
  "fit_name": "BroadBump42FixedGaussBasisLog1mX",
  "param_names": [
    "lambda1",
    "lambda3",
    "lambda4",
    "lambda5",
    "alpha",
    "amp",
    "BNP",
    "c0",
    "c1"
  ],
  "free_idx": [
    0,
    1,
    2,
    3,
    5,
    6,
    7,
    8
  ],
  "frozen_idx": [
    4
  ],
  "initial": {
    "full_params": [
      1.03414418941,
      -2.10796107275,
      0.0511394170769,
      0.0,
      1.0,
      -0.259008182434,
      1.48448486482,
      0.0710116889593,
      0.0268885902706
    ],
    "free_params": [
      1.03414418941,
      -2.10796107275,
      0.0511394170769,
      0.0,
      -0.259008182434,
      1.48448486482,
      0.0710116889593,
      0.0268885902706
    ],
    "metrics": {
      "chi2dN_total": 1.013172676370574,
      "chi2dN_collider": 0.9455416121790325,
      "chi2dN_fixed_target": 1.104372141719774,
      "highE_weighted_chi2dN": 1.3241371754118494,
      "highE_mean_ratio_first3": 1.0338782629526848,
      "highE_mean_absdev_first3": 0.052110551864417015,
      "highE_mean_signed_first3": 0.03387826295268503,
      "highE_mean_shortfall_first3": 0.009116144455865994,
      "highE_mean_overshoot_first3": 0.04299440740855102,
      "cms_highmass_mean_ratio_first3": 1.106960407801489,
      "cms_highmass_mean_absdev_first3": 0.10696040780148901,
      "cms_highmass_mean_signed_first3": 0.10696040780148901,
      "zlike_mean_ratio_first3": 0.9851568330534823,
      "zlike_mean_absdev_first3": 0.015543981239702354,
      "zlike_mean_signed_first3": -0.014843166946517624,
      "compute_s": 0.0378028
    },
    "per_file_chi2dN": {
      "ATLAS_7\\ATLAS7-00y10.csv": 0.6697064314385645,
      "ATLAS_7\\ATLAS7-10y20.csv": 3.48134939129771,
      "ATLAS_7\\ATLAS7-20y24.csv": 1.2997945534775275,
      "ATLAS_8\\ATLAS8-00y04.csv": 2.7557511783167716,
      "ATLAS_8\\ATLAS8-04y08.csv": 0.8957546899318203,
      "ATLAS_8\\ATLAS8-08y12.csv": 0.3571782035862077,
      "ATLAS_8\\ATLAS8-116Q150.csv": 0.5703395439474651,
      "ATLAS_8\\ATLAS8-12y16.csv": 2.533816085017582,
      "ATLAS_8\\ATLAS8-16y20.csv": 1.1219170200269322,
      "ATLAS_8\\ATLAS8-20y24.csv": 1.0195107697663743,
      "ATLAS_8\\ATLAS8-46Q66.csv": 1.0144238504825716,
      "CDF_I\\CDF1.csv": 0.5677401941131408,
      "CDF_II\\CDF2.csv": 0.7939197595524217,
      "CMS_7\\CMS7.csv": 1.4262259918760491,
      "CMS_8\\CMS8.csv": 0.7505106713822656,
      "CMS_13\\CMS13-00y04.csv": 1.281477001778399,
      "CMS_13\\CMS13-04y08.csv": 0.8323858509460055,
      "CMS_13\\CMS13-08y12.csv": 0.43285168189258744,
      "CMS_13\\CMS13-106Q170.csv": 0.8193388162617602,
      "CMS_13\\CMS13-12y16.csv": 0.2084855966561747,
      "CMS_13\\CMS13-16y24.csv": 0.22649922507950077,
      "CMS_13\\CMS13-170Q350.csv": 1.1020707741137141,
      "CMS_13\\CMS13-350Q1000.csv": 1.5510447471267137,
      "D0_I\\D01.csv": 0.5672280099584116,
      "D0_II\\D02.csv": 0.8612948257257216,
      "D0_II_mu\\D02mu.csv": 0.49367323223050125,
      "E288\\E228-200-4Q5.csv": 0.3386277740877206,
      "E288\\E228-200-5Q6.csv": 0.2613990981258687,
      "E288\\E228-200-6Q7.csv": 0.4857885009478486,
      "E288\\E228-200-7Q8.csv": 0.609680805391608,
      "E288\\E228-200-8Q9.csv": 0.4752766500675545,
      "E288\\E228-300-11Q12.csv": 0.4066887514638473,
      "E288\\E228-300-4Q5.csv": 1.351965198772805,
      "E288\\E228-300-5Q6.csv": 0.3054212405086546,
      "E288\\E228-300-6Q7.csv": 0.6034657961908887,
      "E288\\E228-300-7Q8.csv": 0.21312140636482635,
      "E288\\E228-300-8Q9.csv": 1.0601840971256609,
      "E288\\E228-400-11Q12.csv": 0.9828035444996279,
      "E288\\E228-400-12Q13.csv": 1.0955750437531624,
      "E288\\E228-400-13Q14.csv": 0.6819971396029292,
      "E288\\E228-400-5Q6.csv": 0.7841447508174387,
      "E288\\E228-400-6Q7.csv": 1.6967215044428692,
      "E288\\E228-400-7Q8.csv": 1.406775701827798,
      "E288\\E228-400-8Q9.csv": 1.603148156099746,
      "E605\\E605-10.5Q11.5.csv": 0.5380250530981987,
      "E605\\E605-11.5Q13.5.csv": 0.7708561582477104,
      "E605\\E605-13.5Q18.csv": 1.3808056262402322,
      "E605\\E605-7Q8.csv": 0.2263529985207963,
      "E605\\E605-8Q9.csv": 0.5381457531540669,
      "E772\\E772-11Q12.csv": 2.5099580729855715,
      "E772\\E772-12Q13.csv": 3.7095663379835324,
      "E772\\E772-13Q14.csv": 3.9553598131067447,
      "E772\\E772-14Q15.csv": 0.24081099926955715,
      "LHCb_7\\LHCb7.csv": 1.0373237299235298,
      "LHCb_8\\LHCb8.csv": 0.4248931210644892,
      "LHCb_13\\LHCb13.csv": 0.9865008968165201,
      "STAR\\STAR510.csv": 1.7648438864639213
    },
    "high_energy_rows": [
      {
        "file": "CMS_13\\CMS13-170Q350.csv",
        "chi2dN": 1.1020707741137141,
        "N": 10,
        "ratio_1": 1.0841409134310345,
        "data_1": 0.0344,
        "pred_1": 0.03729444742202759,
        "ratio_2": 1.0952661612885557,
        "data_2": 0.0781,
        "pred_2": 0.0855402871966362,
        "ratio_3": 1.0843560958648732,
        "data_3": 0.0902,
        "pred_3": 0.09780891984701157
      },
      {
        "file": "CMS_13\\CMS13-350Q1000.csv",
        "chi2dN": 1.5510447471267137,
        "N": 11,
        "ratio_1": 1.1315966463264295,
        "data_1": 0.00238,
        "pred_1": 0.0026932000182569027,
        "ratio_2": 1.1396817698151664,
        "data_2": 0.00565,
        "pred_2": 0.00643920199945569,
        "ratio_3": 1.1067208600828746,
        "data_3": 0.00699,
        "pred_3": 0.007735978811979294
      },
      {
        "file": "ATLAS_8\\ATLAS8-00y04.csv",
        "chi2dN": 2.7557511783167716,
        "N": 6,
        "ratio_1": 0.9879867540827403,
        "data_1": 3.257,
        "pred_1": 3.2178728580474854,
        "ratio_2": 0.9895076194403778,
        "data_2": 6.708,
        "pred_2": 6.637617111206055,
        "ratio_3": 1.0031536643193313,
        "data_3": 6.714,
        "pred_3": 6.73517370223999
      },
      {
        "file": "ATLAS_8\\ATLAS8-04y08.csv",
        "chi2dN": 0.8957546899318203,
        "N": 6,
        "ratio_1": 0.9911384742502176,
        "data_1": 3.219,
        "pred_1": 3.19047474861145,
        "ratio_2": 0.9885142133791622,
        "data_2": 6.676,
        "pred_2": 6.599320888519287,
        "ratio_3": 0.9943703188109826,
        "data_3": 6.737,
        "pred_3": 6.69907283782959
      },
      {
        "file": "LHCb_8\\LHCb8.csv",
        "chi2dN": 0.4248931210644892,
        "N": 7,
        "ratio_1": 0.9762552602123431,
        "data_1": 3.592273,
        "pred_1": 3.5069754123687744,
        "ratio_2": 0.9627326014503662,
        "data_2": 6.420833,
        "pred_2": 6.181545257568359,
        "ratio_3": 0.9727525915358203,
        "data_3": 6.340833,
        "pred_3": 6.16806173324585
      }
    ]
  },
  "fit": {
    "elapsed_s": 435.13384440000004,
    "nf": 5336,
    "flag": 0,
    "free_params": [
      1.0429717243447088,
      -2.206917149878395,
      0.053101417385621685,
      -0.04999438170443249,
      -0.25833316145873386,
      1.486015590063408,
      0.07094203948688677,
      0.026705944492286547
    ],
    "log10_chi2": 0.005597857682029783,
    "stage1": [
      {
        "start_id": 0,
        "log10_chi2": 0.005683000727950082,
        "nf": 105,
        "flag": 1
      },
      {
        "start_id": 22,
        "log10_chi2": 0.005689893658071337,
        "nf": 105,
        "flag": 1
      },
      {
        "start_id": 20,
        "log10_chi2": 0.005720227131491645,
        "nf": 105,
        "flag": 1
      },
      {
        "start_id": 23,
        "log10_chi2": 0.00589606852454486,
        "nf": 105,
        "flag": 1
      },
      {
        "start_id": 1,
        "log10_chi2": 0.006021856556516672,
        "nf": 105,
        "flag": 1
      },
      {
        "start_id": 9,
        "log10_chi2": 0.006268580686449541,
        "nf": 105,
        "flag": 1
      },
      {
        "start_id": 15,
        "log10_chi2": 0.006577156880126353,
        "nf": 105,