{
  "candidate": "poly_bstar_cslog_loggauss_42broadsig",
  "fit_name": "PolyBstarCSLogLogGauss42BroadSig",
  "param_names": [
    "lambda1",
    "lambda2",
    "lambda3",
    "lambda4",
    "alpha",
    "logx0",
    "sigx",
    "amp",
    "BNP",
    "c0",
    "c1"
  ],
  "free_idx": [
    0,
    1,
    2,
    3,
    4,
    5,
    6,
    7,
    8,
    9,
    10
  ],
  "frozen_idx": [],
  "initial": {
    "full_params": [
      0.531249643213,
      0.413141718333,
      -1.93153074017,
      -0.0258091786717,
      1.54936094361,
      -4.66104722421,
      0.6,
      -1.33488520846,
      1.37945750418,
      0.0730847627557,
      0.0258122860952
    ],
    "free_params": [
      0.531249643213,
      0.413141718333,
      -1.93153074017,
      -0.0258091786717,
      1.54936094361,
      -4.66104722421,
      0.6,
      -1.33488520846,
      1.37945750418,
      0.0730847627557,
      0.0258122860952
    ],
    "metrics": {
      "chi2dN_total": 1.1578722501641605,
      "chi2dN_collider": 1.2197880559740035,
      "chi2dN_fixed_target": 1.0743797241478563,
      "highE_weighted_chi2dN": 1.994132691826131,
      "highE_mean_ratio_first3": 1.0354549920086806,
      "highE_mean_absdev_first3": 0.0581756017024446,
      "highE_mean_signed_first3": 0.03545499200868053,
      "highE_mean_shortfall_first3": 0.011360304846882033,
      "highE_mean_overshoot_first3": 0.046815296855562565,
      "cms_highmass_mean_ratio_first3": 1.1124554113686107,
      "cms_highmass_mean_absdev_first3": 0.11245541136861081,
      "cms_highmass_mean_signed_first3": 0.11245541136861081,
      "zlike_mean_ratio_first3": 0.9841213791020604,
      "zlike_mean_absdev_first3": 0.02198906192500046,
      "zlike_mean_signed_first3": -0.015878620897939653,
      "compute_s": 0.0377775
    },
    "per_file_chi2dN": {
      "ATLAS_7\\ATLAS7-00y10.csv": 1.2602692360207135,
      "ATLAS_7\\ATLAS7-10y20.csv": 5.233723097010106,
      "ATLAS_7\\ATLAS7-20y24.csv": 1.4582488206502306,
      "ATLAS_8\\ATLAS8-00y04.csv": 4.418882602494969,
      "ATLAS_8\\ATLAS8-04y08.csv": 3.5795671591234997,
      "ATLAS_8\\ATLAS8-08y12.csv": 3.9428174797270557,
      "ATLAS_8\\ATLAS8-116Q150.csv": 0.6267889634716852,
      "ATLAS_8\\ATLAS8-12y16.csv": 1.8971938920693543,
      "ATLAS_8\\ATLAS8-16y20.csv": 0.9785207648949087,
      "ATLAS_8\\ATLAS8-20y24.csv": 0.823406641106096,
      "ATLAS_8\\ATLAS8-46Q66.csv": 0.5277422373969158,
      "CDF_I\\CDF1.csv": 0.6632149889402238,
      "CDF_II\\CDF2.csv": 1.1688308224163604,
      "CMS_7\\CMS7.csv": 1.5348041658677372,
      "CMS_8\\CMS8.csv": 0.6183744628992296,
      "CMS_13\\CMS13-00y04.csv": 1.3457687646432446,
      "CMS_13\\CMS13-04y08.csv": 0.8343889879373834,
      "CMS_13\\CMS13-08y12.csv": 0.5038959251380558,
      "CMS_13\\CMS13-106Q170.csv": 0.9622725994802933,
      "CMS_13\\CMS13-12y16.csv": 0.23279750952131487,
      "CMS_13\\CMS13-16y24.csv": 0.23876734760595764,
      "CMS_13\\CMS13-170Q350.csv": 1.1584787576013011,
      "CMS_13\\CMS13-350Q1000.csv": 1.5533771082882069,
      "D0_I\\D01.csv": 0.5744664483549367,
      "D0_II\\D02.csv": 1.1797569184326377,
      "D0_II_mu\\D02mu.csv": 0.825858370524573,
      "E288\\E228-200-4Q5.csv": 0.614201966267757,
      "E288\\E228-200-5Q6.csv": 0.331845525200076,
      "E288\\E228-200-6Q7.csv": 0.4446862325549657,
      "E288\\E228-200-7Q8.csv": 0.5171648308871336,
      "E288\\E228-200-8Q9.csv": 0.4520675130762256,
      "E288\\E228-300-11Q12.csv": 0.3986867862615987,
      "E288\\E228-300-4Q5.csv": 1.835128654994732,
      "E288\\E228-300-5Q6.csv": 0.25268802366156734,
      "E288\\E228-300-6Q7.csv": 0.6855768129009955,
      "E288\\E228-300-7Q8.csv": 0.17007218833115126,
      "E288\\E228-300-8Q9.csv": 1.1641514705249094,
      "E288\\E228-400-11Q12.csv": 0.9447682337553098,
      "E288\\E228-400-12Q13.csv": 1.131202767731738,
      "E288\\E228-400-13Q14.csv": 0.6687108920091903,
      "E288\\E228-400-5Q6.csv": 1.1484345413252244,
      "E288\\E228-400-6Q7.csv": 1.7665284012597233,
      "E288\\E228-400-7Q8.csv": 1.0679903077811064,
      "E288\\E228-400-8Q9.csv": 1.4216119185107552,
      "E605\\E605-10.5Q11.5.csv": 0.42776504747385535,
      "E605\\E605-11.5Q13.5.csv": 0.662515588910699,
      "E605\\E605-13.5Q18.csv": 1.2947304750471966,
      "E605\\E605-7Q8.csv": 0.24354146778307087,
      "E605\\E605-8Q9.csv": 0.6690195733285309,
      "E772\\E772-11Q12.csv": 2.384689451708544,
      "E772\\E772-12Q13.csv": 3.4586083718826064,
      "E772\\E772-13Q14.csv": 3.875008977374194,
      "E772\\E772-14Q15.csv": 0.2390415359159875,
      "LHCb_7\\LHCb7.csv": 0.902663378483273,
      "LHCb_8\\LHCb8.csv": 0.4432390480215921,
      "LHCb_13\\LHCb13.csv": 0.8203862545560172,
      "STAR\\STAR510.csv": 1.941789448610274
    },
    "high_energy_rows": [
      {
        "file": "CMS_13\\CMS13-170Q350.csv",
        "chi2dN": 1.1584787576013011,
        "N": 10,
        "ratio_1": 1.0978865848724233,
        "data_1": 0.0344,
        "pred_1": 0.03776729851961136,
        "ratio_2": 1.0999294997177416,
        "data_2": 0.0781,
        "pred_2": 0.08590449392795563,
        "ratio_3": 1.0836150852380992,
        "data_3": 0.0902,
        "pred_3": 0.09774208068847656
      },
      {
        "file": "CMS_13\\CMS13-350Q1000.csv",
        "chi2dN": 1.5533771082882069,
        "N": 11,
        "ratio_1": 1.14284226858691,
        "data_1": 0.00238,
        "pred_1": 0.002719964599236846,
        "ratio_2": 1.1439176391711279,
        "data_2": 0.00565,
        "pred_2": 0.006463134661316872,
        "ratio_3": 1.106541390625363,
        "data_3": 0.00699,
        "pred_3": 0.007734724320471287
      },
      {
        "file": "ATLAS_8\\ATLAS8-00y04.csv",
        "chi2dN": 4.418882602494969,
        "N": 6,
        "ratio_1": 0.9641112232998832,
        "data_1": 3.257,
        "pred_1": 3.1401102542877197,
        "ratio_2": 0.9836145433984346,
        "data_2": 6.708,
        "pred_2": 6.598086357116699,
        "ratio_3": 1.004993542695919,
        "data_3": 6.714,
        "pred_3": 6.7475266456604
      },
      {
        "file": "ATLAS_8\\ATLAS8-04y08.csv",
        "chi2dN": 3.5795671591234997,
        "N": 6,
        "ratio_1": 1.0225034419258547,
        "data_1": 3.219,
        "pred_1": 3.291438579559326,
        "ratio_2": 0.9950713671346565,
        "data_2": 6.676,
        "pred_2": 6.643096446990967,
        "ratio_3": 0.9907098486743059,
        "data_3": 6.737,
        "pred_3": 6.674412250518799
      },
      {
        "file": "LHCb_8\\LHCb8.csv",
        "chi2dN": 0.4432390480215921,
        "N": 7,
        "ratio_1": 0.9604580439761061,
        "data_1": 3.592273,
        "pred_1": 3.4502274990081787,
        "ratio_2": 0.9613203959934745,
        "data_2": 6.420833,
        "pred_2": 6.172477722167969,
        "ratio_3": 0.9743100048199087,
        "data_3": 6.340833,
        "pred_3": 6.177937030792236
      }
    ]
  },
  "fit": {
    "elapsed_s": 458.53844760000004,
    "nf": 5573,
    "flag": 0,
    "free_params": [
      0.3860723614324361,
      0.7721970210026478,
      -2.600532617030665,
      -0.08898275641380476,
      1.7378624177743756,
      -6.265050330816701,
      1.088547986752765,
      -1.5158805883263997,
      1.3660575468612706,
      0.07932999533978582,
      0.02509779784839354
    ],
    "log10_chi2": -0.0019590425816061203,
    "stage1": [
      {
        "start_id": 24,
        "log10_chi2": 0.003026375553962249,
        "nf": 105,
        "flag": 1
      },
      {
        "start_id": 19,
        "log10_chi2": 0.005366928740954131,
        "nf": 105,
        "flag": 1
      },
      {
        "start_id": 25,
        "log10_chi2": 0.006016831404633562,
        "nf": 105,
        "flag": 1
      },
      {
        "start_id": 26,
        "log10_chi2": 0.006586337723598706,
        "nf": 105,
        "flag": 1
      },
      {
        "start_id": 14,
        "log10_chi2": 0.007707763423939834,
        "nf": 105,