{
  "case": "baseline_drop_a3_b1",
  "label": "0112 baseline with a3=0, b1=0",
  "base_model": "baseline_unfrozen",
  "fixed_map": {
    "a3": 0.0,
    "b1": 0.0
  },
  "table_name": "MSHT20N3LO-MC-0-2",
  "fit_name": "Pruned0p2_baseline_drop_a3_b1",
  "np_name": "NP-Pruned0p2_baseline_drop_a3_b1.cl",
  "param_names": [
    "g2",
    "bmax_CS",
    "power_CS",
    "a1",
    "a2",
    "a3",
    "a4",
    "b1",
    "b2",
    "b3",
    "a"
  ],
  "free_idx": [
    0,
    1,
    2,
    3,
    4,
    6,
    8,
    9,
    10
  ],
  "frozen_idx": [
    5,
    7
  ],
  "initial": {
    "full_params": [
      0.506731010472,
      1.32203289598,
      0.906248854325,
      3.42313359346,
      0.274657277335,
      0.0,
      0.0562540452478,
      0.0,
      1.14395662887,
      -2.13881540867,
      0.00302846713674
    ],
    "free_params": [
      0.506731010472,
      1.32203289598,
      0.906248854325,
      3.42313359346,
      0.274657277335,
      0.0562540452478,
      1.14395662887,
      -2.13881540867,
      0.00302846713674
    ],
    "metrics": {
      "chi2dN_total": 0.8867543367945283,
      "chi2dN_collider": 1.085009968003604,
      "chi2dN_fixed_target": 0.6194096219822891,
      "highE_weighted_chi2dN": 1.818237625836946,
      "highE_mean_ratio_first3": 1.010627289987196,
      "highE_mean_absdev_first3": 0.05705937808512319,
      "highE_mean_signed_first3": 0.010627289987195983,
      "highE_mean_shortfall_first3": 0.023216044048963602,
      "highE_mean_overshoot_first3": 0.033843334036159585,
      "cms_highmass_mean_ratio_first3": 1.084608335090399,
      "cms_highmass_mean_absdev_first3": 0.08460833509039896,
      "cms_highmass_mean_signed_first3": 0.08460833509039896,
      "zlike_mean_ratio_first3": 0.9613065932517273,
      "zlike_mean_absdev_first3": 0.03869340674827267,
      "zlike_mean_signed_first3": -0.03869340674827267,
      "compute_s": 0.0399459
    },
    "per_file_chi2dN": {
      "ATLAS_7\\ATLAS7-00y10.csv": 1.2383483474699701,
      "ATLAS_7\\ATLAS7-10y20.csv": 4.340297260546372,
      "ATLAS_7\\ATLAS7-20y24.csv": 1.452342945697892,
      "ATLAS_8\\ATLAS8-00y04.csv": 3.1820557241477267,
      "ATLAS_8\\ATLAS8-04y08.csv": 1.6940988924519649,
      "ATLAS_8\\ATLAS8-08y12.csv": 1.8854989129649555,
      "ATLAS_8\\ATLAS8-116Q150.csv": 0.46500487262088025,
      "ATLAS_8\\ATLAS8-12y16.csv": 1.0898983440305432,
      "ATLAS_8\\ATLAS8-16y20.csv": 1.3109734166170883,
      "ATLAS_8\\ATLAS8-20y24.csv": 1.0535118095224847,
      "ATLAS_8\\ATLAS8-46Q66.csv": 0.5336880875610147,
      "CDF_I\\CDF1.csv": 0.46025892442021826,
      "CDF_II\\CDF2.csv": 1.2194794181669981,
      "CMS_7\\CMS7.csv": 1.5936117349103895,
      "CMS_8\\CMS8.csv": 0.8876536949055138,
      "CMS_13\\CMS13-00y04.csv": 1.4853195244039248,
      "CMS_13\\CMS13-04y08.csv": 0.8451797279931091,
      "CMS_13\\CMS13-08y12.csv": 0.511551501357999,
      "CMS_13\\CMS13-106Q170.csv": 0.6181465154596147,
      "CMS_13\\CMS13-12y16.csv": 0.26159861775537646,
      "CMS_13\\CMS13-16y24.csv": 0.25167142349382254,
      "CMS_13\\CMS13-170Q350.csv": 0.9029494283469912,
      "CMS_13\\CMS13-350Q1000.csv": 1.5226507006165926,
      "D0_I\\D01.csv": 0.7771773976178741,
      "D0_II\\D02.csv": 0.18977708361433773,
      "D0_II_mu\\D02mu.csv": 0.15437156570554478,
      "E288\\E228-200-4Q5.csv": 0.6886164187085564,
      "E288\\E228-200-5Q6.csv": 0.45036544228142794,
      "E288\\E228-200-6Q7.csv": 0.31740803063640377,
      "E288\\E228-200-7Q8.csv": 0.19126999980480708,
      "E288\\E228-200-8Q9.csv": 0.4870863631504775,
      "E288\\E228-300-11Q12.csv": 0.23423327919644585,
      "E288\\E228-300-4Q5.csv": 1.4769827158669877,
      "E288\\E228-300-5Q6.csv": 0.3640309327032755,
      "E288\\E228-300-6Q7.csv": 0.44496865089532367,
      "E288\\E228-300-7Q8.csv": 0.1703139485624896,
      "E288\\E228-300-8Q9.csv": 0.8520693501026615,
      "E288\\E228-400-11Q12.csv": 0.5401421413506758,
      "E288\\E228-400-12Q13.csv": 0.5400733925692212,
      "E288\\E228-400-13Q14.csv": 0.34606124393279175,
      "E288\\E228-400-5Q6.csv": 0.8081046717074835,
      "E288\\E228-400-6Q7.csv": 1.4030667368596152,
      "E288\\E228-400-7Q8.csv": 0.1826209247666936,
      "E288\\E228-400-8Q9.csv": 0.5572332732363112,
      "E605\\E605-10.5Q11.5.csv": 0.3018482746680204,
      "E605\\E605-11.5Q13.5.csv": 0.42625691907032087,
      "E605\\E605-13.5Q18.csv": 0.6144732118159968,
      "E605\\E605-7Q8.csv": 0.415796769439325,
      "E605\\E605-8Q9.csv": 0.4210737041429661,
      "E772\\E772-11Q12.csv": 1.5632725873438382,
      "E772\\E772-12Q13.csv": 1.749532798673219,
      "E772\\E772-13Q14.csv": 1.4112019010937602,
      "E772\\E772-14Q15.csv": 0.3497445990526431,
      "LHCb_7\\LHCb7.csv": 1.7332670566225719,
      "LHCb_8\\LHCb8.csv": 2.5277036205181784,
      "LHCb_13\\LHCb13.csv": 0.8838740740533255,
      "STAR\\STAR510.csv": 0.8753828441429322
    },
    "high_energy_rows": [
      {
        "file": "CMS_13\\CMS13-170Q350.csv",
        "chi2dN": 0.9029494283469912,
        "N": 10,
        "ratio_1": 1.0579228834357373,
        "data_1": 0.0344,
        "pred_1": 0.03639254719018936,
        "ratio_2": 1.0807344763898665,
        "data_2": 0.0781,
        "pred_2": 0.08440536260604858,
        "ratio_3": 1.076087933818411,
        "data_3": 0.0902,
        "pred_3": 0.09706313163042068
      },
      {
        "file": "CMS_13\\CMS13-350Q1000.csv",
        "chi2dN": 1.5226507006165926,
        "N": 11,
        "ratio_1": 1.0863904246449971,
        "data_1": 0.00238,
        "pred_1": 0.002585609210655093,
        "ratio_2": 1.1123379741886021,
        "data_2": 0.00565,
        "pred_2": 0.006284709554165602,
        "ratio_3": 1.0941763180647797,
        "data_3": 0.00699,
        "pred_3": 0.00764829246327281
      },
      {
        "file": "ATLAS_8\\ATLAS8-00y04.csv",
        "chi2dN": 3.1820557241477267,
        "N": 6,
        "ratio_1": 0.9612424409495638,
        "data_1": 3.257,
        "pred_1": 3.1307666301727295,
        "ratio_2": 0.9816087422515923,
        "data_2": 6.708,
        "pred_2": 6.584631443023682,
        "ratio_3": 0.9994111247172055,
        "data_3": 6.714,
        "pred_3": 6.710046291351318
      },
      {
        "file": "ATLAS_8\\ATLAS8-04y08.csv",
        "chi2dN": 1.6940988924519649,
        "N": 6,
        "ratio_1": 0.9725406400236739,
        "data_1": 3.219,
        "pred_1": 3.130608320236206,
        "ratio_2": 0.9828733069372434,
        "data_2": 6.676,
        "pred_2": 6.561662197113037,
        "ratio_3": 0.989457912255381,
        "data_3": 6.737,
        "pred_3": 6.665977954864502
      },
      {
        "file": "LHCb_8\\LHCb8.csv",
        "chi2dN": 2.5277036205181784,
        "N": 7,
        "ratio_1": 0.8846567194985984,
        "data_1": 3.592273,
        "pred_1": 3.1779284477233887,
        "ratio_2": 0.9226331997945554,
        "data_2": 6.420833,
        "pred_2": 5.924073696136475,
        "ratio_3": 0.9573352528377322,
        "data_3": 6.340833,
        "pred_3": 6.070302963256836
      }
    ]
  },
  "fit": {
    "elapsed_s": 67.24751419999984,
    "nf": 810,
    "flag": 1,
    "free_params": [
      0.507548046929444,
      1.1685311159946155,
      0.9140434940441347,
      2.4888697293213156,
      0.22188858759957242,
      0.04861968792733662,
      0.9163645636203519,
      -1.6716662160478268,
      0.0049943834316723565
    ],
    "log10_chi2": -0.07844566283621693,
    "stage1": [
      {
        "start_id": 0,
        "log10_chi2": -0.07631034757058723,
        "nf": 60,
        "flag": 1
      },
      {
        "start_id": 4,
        "log10_chi2": -0.07196683413225924,
        "nf": 60,
        "flag": 1
      },
      {
        "start_id": 5,
        "log10_chi2": -0.0701825508478801,
        "nf": 60,
        "flag": 1
      },
      {
        "start_id": 2,
        "log10_chi2": -0.057879136038513364,
        "nf": 60,
        "flag": 1
      },
      {
        "start_id": 3,