{
  "case": "poly_bstar_cslog_loggauss_lambda3_0",
  "label": "Poly-x bstar + CSlog + loggauss with lambda3=0",
  "base_model": "poly_bstar_cslog_loggauss",
  "fixed_map": {
    "lambda3": 0.0
  },
  "table_name": "MSHT20N3LO-MC-0-2",
  "fit_name": "Pruned0p2_poly_bstar_cslog_loggauss_lambda3_0",
  "np_name": "NP-Pruned0p2_poly_bstar_cslog_loggauss_lambda3_0.cl",
  "param_names": [
    "lambda1",
    "lambda2",
    "lambda3",
    "lambda4",
    "alpha",
    "logx0",
    "sigx",
    "amp",
    "BNP",
    "c0",
    "c1"
  ],
  "free_idx": [
    0,
    1,
    3,
    4,
    5,
    6,
    7,
    8,
    9,
    10
  ],
  "frozen_idx": [
    2
  ],
  "initial": {
    "full_params": [
      0.751790557715,
      0.986935896203,
      0.0,
      0.0560270448657,
      0.803121319424,
      -4.53706451302,
      0.334331203755,
      -0.340188252902,
      1.6196263122,
      0.0750357350877,
      0.0200510056903
    ],
    "free_params": [
      0.751790557715,
      0.986935896203,
      0.0560270448657,
      0.803121319424,
      -4.53706451302,
      0.334331203755,
      -0.340188252902,
      1.6196263122,
      0.0750357350877,
      0.0200510056903
    ],
    "metrics": {
      "chi2dN_total": 0.9414279558335735,
      "chi2dN_collider": 0.8822375149242724,
      "chi2dN_fixed_target": 1.021245368574904,
      "highE_weighted_chi2dN": 1.3961630300362424,
      "highE_mean_ratio_first3": 1.0278460128637394,
      "highE_mean_absdev_first3": 0.05177490295609718,
      "highE_mean_signed_first3": 0.02784601286373951,
      "highE_mean_shortfall_first3": 0.011964445046178832,
      "highE_mean_overshoot_first3": 0.03981045790991834,
      "cms_highmass_mean_ratio_first3": 1.0991335925023147,
      "cms_highmass_mean_absdev_first3": 0.09913359250231475,
      "cms_highmass_mean_signed_first3": 0.09913359250231475,
      "zlike_mean_ratio_first3": 0.980320959771356,
      "zlike_mean_absdev_first3": 0.02020244325861879,
      "zlike_mean_signed_first3": -0.019679040228643987,
      "compute_s": 0.0390232
    },
    "per_file_chi2dN": {
      "ATLAS_7\\ATLAS7-00y10.csv": 0.484948180105042,
      "ATLAS_7\\ATLAS7-10y20.csv": 3.1248852102221547,
      "ATLAS_7\\ATLAS7-20y24.csv": 1.2080748729487067,
      "ATLAS_8\\ATLAS8-00y04.csv": 2.8033684344991534,
      "ATLAS_8\\ATLAS8-04y08.csv": 1.2222259323473417,
      "ATLAS_8\\ATLAS8-08y12.csv": 0.6932327687562729,
      "ATLAS_8\\ATLAS8-116Q150.csv": 0.5327178876225976,
      "ATLAS_8\\ATLAS8-12y16.csv": 1.5134407010030122,
      "ATLAS_8\\ATLAS8-16y20.csv": 0.9573665575892649,
      "ATLAS_8\\ATLAS8-20y24.csv": 0.9562026911426713,
      "ATLAS_8\\ATLAS8-46Q66.csv": 0.4610301830050981,
      "CDF_I\\CDF1.csv": 0.4714183497998033,
      "CDF_II\\CDF2.csv": 0.787559082169171,
      "CMS_7\\CMS7.csv": 1.444254620955947,
      "CMS_8\\CMS8.csv": 0.7729340645911854,
      "CMS_13\\CMS13-00y04.csv": 1.4221868972790392,
      "CMS_13\\CMS13-04y08.csv": 0.8441006592031292,
      "CMS_13\\CMS13-08y12.csv": 0.46264903004080143,
      "CMS_13\\CMS13-106Q170.csv": 0.7762711426885032,
      "CMS_13\\CMS13-12y16.csv": 0.24488035794542815,
      "CMS_13\\CMS13-16y24.csv": 0.258037939017904,
      "CMS_13\\CMS13-170Q350.csv": 1.0482501777228272,
      "CMS_13\\CMS13-350Q1000.csv": 1.5435655864524385,
      "D0_I\\D01.csv": 0.6523215945385087,
      "D0_II\\D02.csv": 0.5077961215903575,
      "D0_II_mu\\D02mu.csv": 0.3433248432773461,
      "E288\\E228-200-4Q5.csv": 0.9889383743052834,
      "E288\\E228-200-5Q6.csv": 0.5472624062491971,
      "E288\\E228-200-6Q7.csv": 0.49506749414963314,
      "E288\\E228-200-7Q8.csv": 0.48571485423608335,
      "E288\\E228-200-8Q9.csv": 0.45814135181607113,
      "E288\\E228-300-11Q12.csv": 0.2768023642572808,
      "E288\\E228-300-4Q5.csv": 1.6444200028749025,
      "E288\\E228-300-5Q6.csv": 0.33040990207742754,
      "E288\\E228-300-6Q7.csv": 1.251405455470527,
      "E288\\E228-300-7Q8.csv": 0.325772858983718,
      "E288\\E228-300-8Q9.csv": 0.551131444677628,
      "E288\\E228-400-11Q12.csv": 0.8253948220526096,
      "E288\\E228-400-12Q13.csv": 0.8310626944532964,
      "E288\\E228-400-13Q14.csv": 0.5795912917419305,
      "E288\\E228-400-5Q6.csv": 0.9382982475840114,
      "E288\\E228-400-6Q7.csv": 2.848762903740942,
      "E288\\E228-400-7Q8.csv": 0.8679594307434543,
      "E288\\E228-400-8Q9.csv": 1.6275017735874118,
      "E605\\E605-10.5Q11.5.csv": 0.6130123572412757,
      "E605\\E605-11.5Q13.5.csv": 0.924151061011147,
      "E605\\E605-13.5Q18.csv": 1.3913245760045483,
      "E605\\E605-7Q8.csv": 0.3532108585334353,
      "E605\\E605-8Q9.csv": 0.37319340590334427,
      "E772\\E772-11Q12.csv": 2.1251423151673525,
      "E772\\E772-12Q13.csv": 3.0177032681902194,
      "E772\\E772-13Q14.csv": 2.4290212069794523,
      "E772\\E772-14Q15.csv": 0.25546358269490294,
      "LHCb_7\\LHCb7.csv": 0.8725278494624428,
      "LHCb_8\\LHCb8.csv": 0.6044616817379482,
      "LHCb_13\\LHCb13.csv": 0.7471629040129489,
      "STAR\\STAR510.csv": 1.1266348232487717
    },
    "high_energy_rows": [
      {
        "file": "CMS_13\\CMS13-170Q350.csv",
        "chi2dN": 1.0482501777228272,
        "N": 10,
        "ratio_1": 1.074708023563374,
        "data_1": 0.0344,
        "pred_1": 0.03696995601058006,
        "ratio_2": 1.0924432402841566,
        "data_2": 0.0781,
        "pred_2": 0.08531981706619263,
        "ratio_3": 1.0833038459067335,
        "data_3": 0.0902,
        "pred_3": 0.09771400690078735
      },
      {
        "file": "CMS_13\\CMS13-350Q1000.csv",
        "chi2dN": 1.5435655864524385,
        "N": 11,
        "ratio_1": 1.1108900780374762,
        "data_1": 0.00238,
        "pred_1": 0.0026439183857291937,
        "ratio_2": 1.1296745027061057,
        "data_2": 0.00565,
        "pred_2": 0.006382660940289497,
        "ratio_3": 1.1037818645160427,
        "data_3": 0.00699,
        "pred_3": 0.007715435232967138
      },
      {
        "file": "ATLAS_8\\ATLAS8-00y04.csv",
        "chi2dN": 2.8033684344991534,
        "N": 6,
        "ratio_1": 0.991319124047874,
        "data_1": 3.257,
        "pred_1": 3.228726387023926,
        "ratio_2": 0.9948539108340059,
        "data_2": 6.708,
        "pred_2": 6.673480033874512,
        "ratio_3": 1.0023553136348866,
        "data_3": 6.714,
        "pred_3": 6.729813575744629
      },
      {
        "file": "ATLAS_8\\ATLAS8-04y08.csv",
        "chi2dN": 1.2222259323473417,
        "N": 6,
        "ratio_1": 0.9821692250759271,
        "data_1": 3.219,
        "pred_1": 3.161602735519409,
        "ratio_2": 0.9896886641569235,
        "data_2": 6.676,
        "pred_2": 6.607161521911621,
        "ratio_3": 0.994712746920139,
        "data_3": 6.737,
        "pred_3": 6.701379776000977
      },
      {
        "file": "LHCb_8\\LHCb8.csv",
        "chi2dN": 0.6044616817379482,
        "N": 7,
        "ratio_1": 0.9401216617405384,
        "data_1": 3.592273,
        "pred_1": 3.377173662185669,
        "ratio_2": 0.9564128780610849,
        "data_2": 6.420833,
        "pred_2": 6.14096736907959,
        "ratio_3": 0.9712551134708248,
        "data_3": 6.340833,
        "pred_3": 6.158566474914551
      }
    ]
  },
  "fit": {
    "elapsed_s": 51.51367809999988,
    "nf": 630,
    "flag": 1,
    "free_params": [
      0.7165895342910384,
      0.7430542517784225,
      0.059878768334900356,
      0.751668564015693,
      -4.498887312157077,
      0.2737191629081362,
      -0.5490464642072028,
      1.6003627844172268,
      0.07711822176459522,
      0.02041331724117515
    ],
    "log10_chi2": -0.08437657936182093,
    "stage1": [
      {
        "start_id": 0,
        "log10_chi2": -0.07867737616680567,
        "nf": 60,
        "flag": 1
      },
      {
        "start_id": 1,
        "log10_chi2": -0.06767685077195158,
        "nf": 60,
        "flag": 1
      },
      {
        "start_id": 2,
        "log10_chi2": -0.025222245371354805,
        "nf": 60,
        "flag": 1
      }
    ],