{
  "candidate": "broad_bump_42_alpha1_lambda2_zero",
  "fit_name": "BroadBump42LogGaussAlpha1NoLambda2",
  "param_names": [
    "lambda1",
    "lambda2",
    "lambda3",
    "lambda4",
    "alpha",
    "logx0",
    "sigx",
    "amp",
    "BNP",
    "c0",
    "c1"
  ],
  "free_idx": [
    0,
    2,
    3,
    5,
    6,
    7,
    8,
    9,
    10
  ],
  "frozen_idx": [
    1,
    4
  ],
  "initial": {
    "full_params": [
      0.9774184714,
      0.0,
      -1.960659735,
      0.04375743605,
      1.0,
      -4.99216975,
      0.717326296,
      -0.338498232,
      1.455523349,
      0.0717885484,
      0.02583083271
    ],
    "free_params": [
      0.9774184714,
      -1.960659735,
      0.04375743605,
      -4.99216975,
      0.717326296,
      -0.338498232,
      1.455523349,
      0.0717885484,
      0.02583083271
    ],
    "metrics": {
      "chi2dN_total": 0.9905177032804241,
      "chi2dN_collider": 0.9206308252955467,
      "chi2dN_fixed_target": 1.0847590993509406,
      "highE_weighted_chi2dN": 1.3602611393342614,
      "highE_mean_ratio_first3": 1.0326343224818446,
      "highE_mean_absdev_first3": 0.05188618532455986,
      "highE_mean_signed_first3": 0.03263432248184452,
      "highE_mean_shortfall_first3": 0.009625931421357667,
      "highE_mean_overshoot_first3": 0.04226025390320219,
      "cms_highmass_mean_ratio_first3": 1.1050969114313565,
      "cms_highmass_mean_absdev_first3": 0.10509691143135662,
      "cms_highmass_mean_signed_first3": 0.10509691143135662,
      "zlike_mean_ratio_first3": 0.9843259298488365,
      "zlike_mean_absdev_first3": 0.016412367920028686,
      "zlike_mean_signed_first3": -0.015674070151163535,
      "compute_s": 0.0440177
    },
    "per_file_chi2dN": {
      "ATLAS_7\\ATLAS7-00y10.csv": 0.625190528873085,
      "ATLAS_7\\ATLAS7-10y20.csv": 3.3939735717520136,
      "ATLAS_7\\ATLAS7-20y24.csv": 1.222310159900774,
      "ATLAS_8\\ATLAS8-00y04.csv": 2.846880651228451,
      "ATLAS_8\\ATLAS8-04y08.csv": 1.0251371574370802,
      "ATLAS_8\\ATLAS8-08y12.csv": 0.35368247820650617,
      "ATLAS_8\\ATLAS8-116Q150.csv": 0.5507062526156691,
      "ATLAS_8\\ATLAS8-12y16.csv": 2.220306932736156,
      "ATLAS_8\\ATLAS8-16y20.csv": 1.0105036036994306,
      "ATLAS_8\\ATLAS8-20y24.csv": 0.9661285110626979,
      "ATLAS_8\\ATLAS8-46Q66.csv": 0.9105691115749084,
      "CDF_I\\CDF1.csv": 0.54345133325771,
      "CDF_II\\CDF2.csv": 0.7377985701620251,
      "CMS_7\\CMS7.csv": 1.4452102060037713,
      "CMS_8\\CMS8.csv": 0.7531986103925399,
      "CMS_13\\CMS13-00y04.csv": 1.2987671561783691,
      "CMS_13\\CMS13-04y08.csv": 0.8281182518108927,
      "CMS_13\\CMS13-08y12.csv": 0.4356798187899018,
      "CMS_13\\CMS13-106Q170.csv": 0.8178115338598091,
      "CMS_13\\CMS13-12y16.csv": 0.21485429075509102,
      "CMS_13\\CMS13-16y24.csv": 0.22158394464984685,
      "CMS_13\\CMS13-170Q350.csv": 1.08747407885772,
      "CMS_13\\CMS13-350Q1000.csv": 1.5499383175336325,
      "D0_I\\D01.csv": 0.5758603248404502,
      "D0_II\\D02.csv": 0.795481146904051,
      "D0_II_mu\\D02mu.csv": 0.5421323914426486,
      "E288\\E228-200-4Q5.csv": 0.2992210273206566,
      "E288\\E228-200-5Q6.csv": 0.26955259586307867,
      "E288\\E228-200-6Q7.csv": 0.4629533096022939,
      "E288\\E228-200-7Q8.csv": 0.5416946959503286,
      "E288\\E228-200-8Q9.csv": 0.44255582640426644,
      "E288\\E228-300-11Q12.csv": 0.3949034030923403,
      "E288\\E228-300-4Q5.csv": 1.2695081123329766,
      "E288\\E228-300-5Q6.csv": 0.3502932868898171,
      "E288\\E228-300-6Q7.csv": 0.4962395261335834,
      "E288\\E228-300-7Q8.csv": 0.2028157376874253,
      "E288\\E228-300-8Q9.csv": 1.054307782197673,
      "E288\\E228-400-11Q12.csv": 0.9648431782472164,
      "E288\\E228-400-12Q13.csv": 1.1085499668709808,
      "E288\\E228-400-13Q14.csv": 0.6757488750870382,
      "E288\\E228-400-5Q6.csv": 0.7487119176963721,
      "E288\\E228-400-6Q7.csv": 1.5566048083684143,
      "E288\\E228-400-7Q8.csv": 1.4730429406736278,
      "E288\\E228-400-8Q9.csv": 1.5721099986683795,
      "E605\\E605-10.5Q11.5.csv": 0.5296496996903775,
      "E605\\E605-11.5Q13.5.csv": 0.8062610547702612,
      "E605\\E605-13.5Q18.csv": 1.3972359080046266,
      "E605\\E605-7Q8.csv": 0.2302939416529941,
      "E605\\E605-8Q9.csv": 0.5285744614715858,
      "E772\\E772-11Q12.csv": 2.4428956104409982,
      "E772\\E772-12Q13.csv": 3.6891417751283035,
      "E772\\E772-13Q14.csv": 3.826839547749195,
      "E772\\E772-14Q15.csv": 0.23136279284703656,
      "LHCb_7\\LHCb7.csv": 0.9531294807049735,
      "LHCb_8\\LHCb8.csv": 0.4648966342757296,
      "LHCb_13\\LHCb13.csv": 0.9241560094992084,
      "STAR\\STAR510.csv": 1.692877093865177
    },
    "high_energy_rows": [
      {
        "file": "CMS_13\\CMS13-170Q350.csv",
        "chi2dN": 1.08747407885772,
        "N": 10,
        "ratio_1": 1.0823613292602605,
        "data_1": 0.0344,
        "pred_1": 0.03723322972655296,
        "ratio_2": 1.0944823716575143,
        "data_2": 0.0781,
        "pred_2": 0.08547907322645187,
        "ratio_3": 1.0841404255107872,
        "data_3": 0.0902,
        "pred_3": 0.097789466381073
      },
      {
        "file": "CMS_13\\CMS13-350Q1000.csv",
        "chi2dN": 1.5499383175336325,
        "N": 11,
        "ratio_1": 1.1264892420222778,
        "data_1": 0.00238,
        "pred_1": 0.0026810443960130215,
        "ratio_2": 1.1370348356730116,
        "data_2": 0.00565,
        "pred_2": 0.006424246821552515,
        "ratio_3": 1.1060732644642883,
        "data_3": 0.00699,
        "pred_3": 0.007731452118605375
      },
      {
        "file": "ATLAS_8\\ATLAS8-00y04.csv",
        "chi2dN": 2.846880651228451,
        "N": 6,
        "ratio_1": 0.9863777763828163,
        "data_1": 3.257,
        "pred_1": 3.212632417678833,
        "ratio_2": 0.9893620376723397,
        "data_2": 6.708,
        "pred_2": 6.636640548706055,
        "ratio_3": 1.0033223399598932,
        "data_3": 6.714,
        "pred_3": 6.736306190490723
      },
      {
        "file": "ATLAS_8\\ATLAS8-04y08.csv",
        "chi2dN": 1.0251371574370802,
        "N": 6,
        "ratio_1": 0.9909447915585895,
        "data_1": 3.219,
        "pred_1": 3.1898512840270996,
        "ratio_2": 0.9887044911187448,
        "data_2": 6.676,
        "pred_2": 6.60059118270874,
        "ratio_3": 0.9943841206880569,
        "data_3": 6.737,
        "pred_3": 6.6991658210754395
      },
      {
        "file": "LHCb_8\\LHCb8.csv",
        "chi2dN": 0.4648966342757296,
        "N": 7,
        "ratio_1": 0.9695081687933764,
        "data_1": 3.592273,
        "pred_1": 3.4827380180358887,
        "ratio_2": 0.9617537268117835,
        "data_2": 6.420833,
        "pred_2": 6.175260066986084,
        "ratio_3": 0.9745759156539279,
        "data_3": 6.340833,
        "pred_3": 6.179623126983643
      }
    ]
  },
  "fit": {
    "elapsed_s": 271.4045702000003,
    "nf": 3333,
    "flag": 0,
    "free_params": [
      0.9807006579928946,
      -1.9663570209785988,
      0.037254588493350504,
      -5.046900927467999,
      0.8384322340748089,
      -0.3608064939964999,
      1.4346974555028833,
      0.07211146779301236,
      0.026755038323681632
    ],
    "log10_chi2": -0.004855239656998189,
    "stage1": [
      {
        "start_id": 0,
        "log10_chi2": -0.0043028529710374954,
        "nf": 90,
        "flag": 1
      },
      {
        "start_id": 16,
        "log10_chi2": -0.004232915818087667,
        "nf": 90,
        "flag": 1
      },
      {
        "start_id": 1,
        "log10_chi2": -0.0009118051540717678,
        "nf": 90,
        "flag": 1
      },
      {
        "start_id": 14,
        "log10_chi2": 0.002743337034917715,
        "nf": 90,
        "flag": 1
      },
      {
        "start_id": 17,
        "log10_chi2": 0.007056592065737425,
        "nf": 90,
        "flag": 1
      },
      {
        "start_id": 7,
        "log10_chi2": 0.007315466436999385,
        "nf": 90,
        "flag": 1
      },
      {
        "start_id": 15,