{
  "candidate": "entangle_window_exp",
  "fit_name": "EntangleWindowExp",
  "param_names": [
    "lambda1",
    "lambda2",
    "lambda4",
    "logx0",
    "sigx",
    "axb",
    "bw",
    "BNP",
    "c0",
    "c1"
  ],
  "free_idx": [
    0,
    1,
    2,
    3,
    4,
    5,
    6,
    7,
    8,
    9
  ],
  "frozen_idx": [],
  "initial": {
    "full_params": [
      0.5436808685,
      0.6247890378,
      0.02465039808,
      -4.580855224,
      0.33536604,
      0.4851695281,
      0.7,
      1.416278699,
      0.0793882165,
      0.02228433755
    ],
    "free_params": [
      0.5436808685,
      0.6247890378,
      0.02465039808,
      -4.580855224,
      0.33536604,
      0.4851695281,
      0.7,
      1.416278699,
      0.0793882165,
      0.02228433755
    ],
    "metrics": {
      "chi2dN_total": 1.091659104213077,
      "chi2dN_collider": 1.349560920605017,
      "chi2dN_fixed_target": 0.7438824124118243,
      "highE_weighted_chi2dN": 3.3927242990978166,
      "highE_mean_ratio_first3": 1.0117790552761032,
      "highE_mean_absdev_first3": 0.05884003326752055,
      "highE_mean_signed_first3": 0.011779055276103116,
      "highE_mean_shortfall_first3": 0.023530488995708716,
      "highE_mean_overshoot_first3": 0.035309544271811835,
      "cms_highmass_mean_ratio_first3": 1.0882642908877769,
      "cms_highmass_mean_absdev_first3": 0.08826429088777688,
      "cms_highmass_mean_signed_first3": 0.08826429088777688,
      "zlike_mean_ratio_first3": 0.9607888982016539,
      "zlike_mean_absdev_first3": 0.039223861520682995,
      "zlike_mean_signed_first3": -0.039211101798346054,
      "compute_s": 0.0444884
    },
    "per_file_chi2dN": {
      "ATLAS_7\\ATLAS7-00y10.csv": 3.4905004224137954,
      "ATLAS_7\\ATLAS7-10y20.csv": 3.2628064651841604,
      "ATLAS_7\\ATLAS7-20y24.csv": 1.3423222940110238,
      "ATLAS_8\\ATLAS8-00y04.csv": 14.78729030735221,
      "ATLAS_8\\ATLAS8-04y08.csv": 2.8357731647883413,
      "ATLAS_8\\ATLAS8-08y12.csv": 0.5567749449930727,
      "ATLAS_8\\ATLAS8-116Q150.csv": 0.5380780487893285,
      "ATLAS_8\\ATLAS8-12y16.csv": 1.5873210143277128,
      "ATLAS_8\\ATLAS8-16y20.csv": 1.0304203627481374,
      "ATLAS_8\\ATLAS8-20y24.csv": 0.9379268019984653,
      "ATLAS_8\\ATLAS8-46Q66.csv": 1.8678832743759477,
      "CDF_I\\CDF1.csv": 0.4633124204594038,
      "CDF_II\\CDF2.csv": 0.8839829227933026,
      "CMS_7\\CMS7.csv": 1.610657067677948,
      "CMS_8\\CMS8.csv": 1.1410506693164832,
      "CMS_13\\CMS13-00y04.csv": 2.1936791721050417,
      "CMS_13\\CMS13-04y08.csv": 1.1312598701566507,
      "CMS_13\\CMS13-08y12.csv": 0.4623722151578118,
      "CMS_13\\CMS13-106Q170.csv": 0.7886368443049538,
      "CMS_13\\CMS13-12y16.csv": 0.2369419774160846,
      "CMS_13\\CMS13-16y24.csv": 0.2589035705582842,
      "CMS_13\\CMS13-170Q350.csv": 0.9627035135731825,
      "CMS_13\\CMS13-350Q1000.csv": 1.5579382247948772,
      "D0_I\\D01.csv": 0.6783905740515715,
      "D0_II\\D02.csv": 0.3523016407298546,
      "D0_II_mu\\D02mu.csv": 0.3375666787428142,
      "E288\\E228-200-4Q5.csv": 0.553028895090013,
      "E288\\E228-200-5Q6.csv": 0.32044905791040407,
      "E288\\E228-200-6Q7.csv": 0.30713999989639523,
      "E288\\E228-200-7Q8.csv": 0.16020448276087101,
      "E288\\E228-200-8Q9.csv": 0.5437063168464741,
      "E288\\E228-300-11Q12.csv": 0.295354607643412,
      "E288\\E228-300-4Q5.csv": 1.5143723050028342,
      "E288\\E228-300-5Q6.csv": 0.22063725216451635,
      "E288\\E228-300-6Q7.csv": 0.42502036505151125,
      "E288\\E228-300-7Q8.csv": 0.09842991589904723,
      "E288\\E228-300-8Q9.csv": 1.1518698067620186,
      "E288\\E228-400-11Q12.csv": 0.6895505181929242,
      "E288\\E228-400-12Q13.csv": 0.8636233994443997,
      "E288\\E228-400-13Q14.csv": 0.5667838113170413,
      "E288\\E228-400-5Q6.csv": 0.8206942253702577,
      "E288\\E228-400-6Q7.csv": 1.416373841931769,
      "E288\\E228-400-7Q8.csv": 0.4632782590559515,
      "E288\\E228-400-8Q9.csv": 0.7979758178917573,
      "E605\\E605-10.5Q11.5.csv": 0.19573105348917083,
      "E605\\E605-11.5Q13.5.csv": 0.38105865497452346,
      "E605\\E605-13.5Q18.csv": 0.7929616456299805,
      "E605\\E605-7Q8.csv": 0.22914220753876044,
      "E605\\E605-8Q9.csv": 0.45858268549622405,
      "E772\\E772-11Q12.csv": 1.6410088803415908,
      "E772\\E772-12Q13.csv": 2.2637789054325994,
      "E772\\E772-13Q14.csv": 2.57295247518966,
      "E772\\E772-14Q15.csv": 0.21730920152516467,
      "LHCb_7\\LHCb7.csv": 0.8752854637576003,
      "LHCb_8\\LHCb8.csv": 0.45803364608484115,
      "LHCb_13\\LHCb13.csv": 0.7843071306757242,
      "STAR\\STAR510.csv": 1.3576897927959575
    },
    "high_energy_rows": [
      {
        "file": "CMS_13\\CMS13-170Q350.csv",
        "chi2dN": 0.9627035135731825,
        "N": 10,
        "ratio_1": 1.0511893129279448,
        "data_1": 0.0344,
        "pred_1": 0.0361609123647213,
        "ratio_2": 1.078556540986182,
        "data_2": 0.0781,
        "pred_2": 0.08423526585102081,
        "ratio_3": 1.0805246637031403,
        "data_3": 0.0902,
        "pred_3": 0.09746332466602325
      },
      {
        "file": "CMS_13\\CMS13-350Q1000.csv",
        "chi2dN": 1.5579382247948772,
        "N": 11,
        "ratio_1": 1.0968993042259156,
        "data_1": 0.00238,
        "pred_1": 0.002610620344057679,
        "ratio_2": 1.1208710318381807,
        "data_2": 0.00565,
        "pred_2": 0.006332921329885721,
        "ratio_3": 1.101544891645298,
        "data_3": 0.00699,
        "pred_3": 0.007699798792600632
      },
      {
        "file": "ATLAS_8\\ATLAS8-00y04.csv",
        "chi2dN": 14.78729030735221,
        "N": 6,
        "ratio_1": 0.8961306710458439,
        "data_1": 3.257,
        "pred_1": 2.9186975955963135,
        "ratio_2": 0.9468796001563985,
        "data_2": 6.708,
        "pred_2": 6.351668357849121,
        "ratio_3": 1.0000574187505162,
        "data_3": 6.714,
        "pred_3": 6.714385509490967
      },
      {
        "file": "ATLAS_8\\ATLAS8-04y08.csv",
        "chi2dN": 2.8357731647883413,
        "N": 6,
        "ratio_1": 0.9514214497021394,
        "data_1": 3.219,
        "pred_1": 3.0626256465911865,
        "ratio_2": 0.9744465172540792,
        "data_2": 6.676,
        "pred_2": 6.505404949188232,
        "ratio_3": 0.9949286932122093,
        "data_3": 6.737,
        "pred_3": 6.702834606170654
      },
      {
        "file": "LHCb_8\\LHCb8.csv",
        "chi2dN": 0.45803364608484115,
        "N": 7,
        "ratio_1": 0.9521622123741592,
        "data_1": 3.592273,
        "pred_1": 3.420426607131958,
        "ratio_2": 0.960384445984366,
        "data_2": 6.420833,
        "pred_2": 6.166468143463135,
        "ratio_3": 0.9706890753351738,
        "data_3": 6.340833,
        "pred_3": 6.154977321624756
      }
    ]
  },
  "fit": {
    "elapsed_s": 54.13813399999981,
    "nf": 630,
    "flag": 1,
    "free_params": [
      0.5301415030776795,
      0.655535659719857,
      0.04319239544338138,
      -4.593062093499873,
      0.2985436979162439,
      -0.1396941597922592,
      1.445908334460902,
      1.4581155086445916,
      0.08117793540269756,
      0.01931040314817391
    ],
    "log10_chi2": -0.07887506849066221,
    "stage1": [
      {
        "start_id": 0,
        "log10_chi2": -0.06958197679362278,
        "nf": 60,
        "flag": 1
      },
      {
        "start_id": 1,
        "log10_chi2": -0.05001891509858494,
        "nf": 60,
        "flag": 1
      },
      {
        "start_id": 2,
        "log10_chi2": 0.15429246317469336,
        "nf": 60,
        "flag": 1
      }
    ],
    "stage2": [
      {
        "log10_chi2": -0.07786003178804612,
        "nf": 180,
        "flag": 1
      },
      {
        "log10_chi2": -0.0662919289617355,
        "nf": 180,
        "flag": 1
      }
    ],
    "polish_nf": 90
  },