{
  "candidate": "entangle_inside_sech",
  "fit_name": "EntangleInsideSech",
  "param_names": [
    "lambda1",
    "lambda2",
    "lambda4",
    "logx0",
    "sigx",
    "axb",
    "bw",
    "BNP",
    "c0",
    "c1"
  ],
  "free_idx": [
    0,
    1,
    2,
    3,
    4,
    5,
    6,
    7,
    8,
    9
  ],
  "frozen_idx": [],
  "initial": {
    "full_params": [
      0.5436808685,
      0.6247890378,
      0.02465039808,
      -4.580855224,
      0.33536604,
      -0.4851695281,
      0.7,
      1.416278699,
      0.0793882165,
      0.02228433755
    ],
    "free_params": [
      0.5436808685,
      0.6247890378,
      0.02465039808,
      -4.580855224,
      0.33536604,
      -0.4851695281,
      0.7,
      1.416278699,
      0.0793882165,
      0.02228433755
    ],
    "metrics": {
      "chi2dN_total": 0.8226551541936207,
      "chi2dN_collider": 0.8810708208988327,
      "chi2dN_fixed_target": 0.7438825127275016,
      "highE_weighted_chi2dN": 1.3195660965964893,
      "highE_mean_ratio_first3": 1.0286509327592666,
      "highE_mean_absdev_first3": 0.05190453764643563,
      "highE_mean_signed_first3": 0.02865093275926646,
      "highE_mean_shortfall_first3": 0.011626802443584583,
      "highE_mean_overshoot_first3": 0.040277735202851044,
      "cms_highmass_mean_ratio_first3": 1.1005111329191364,
      "cms_highmass_mean_absdev_first3": 0.10051113291913616,
      "cms_highmass_mean_signed_first3": 0.10051113291913616,
      "zlike_mean_ratio_first3": 0.9807441326526867,
      "zlike_mean_absdev_first3": 0.019500140797968604,
      "zlike_mean_signed_first3": -0.01925586734731334,
      "compute_s": 0.0391016
    },
    "per_file_chi2dN": {
      "ATLAS_7\\ATLAS7-00y10.csv": 0.6058850485141415,
      "ATLAS_7\\ATLAS7-10y20.csv": 3.253483828942851,
      "ATLAS_7\\ATLAS7-20y24.csv": 1.342337327215472,
      "ATLAS_8\\ATLAS8-00y04.csv": 2.5642236261972635,
      "ATLAS_8\\ATLAS8-04y08.csv": 1.1091742451987392,
      "ATLAS_8\\ATLAS8-08y12.csv": 0.5377225719834976,
      "ATLAS_8\\ATLAS8-116Q150.csv": 0.5253477972979864,
      "ATLAS_8\\ATLAS8-12y16.csv": 1.581754116966979,
      "ATLAS_8\\ATLAS8-16y20.csv": 1.030427491121763,
      "ATLAS_8\\ATLAS8-20y24.csv": 0.9379476796859878,
      "ATLAS_8\\ATLAS8-46Q66.csv": 0.5381206504722029,
      "CDF_I\\CDF1.csv": 0.507858436051025,
      "CDF_II\\CDF2.csv": 0.755628621399205,
      "CMS_7\\CMS7.csv": 1.4551131842925358,
      "CMS_8\\CMS8.csv": 0.7720174565645277,
      "CMS_13\\CMS13-00y04.csv": 1.3418032322726012,
      "CMS_13\\CMS13-04y08.csv": 0.8297947463356891,
      "CMS_13\\CMS13-08y12.csv": 0.4498814931279356,
      "CMS_13\\CMS13-106Q170.csv": 0.7763936915902926,
      "CMS_13\\CMS13-12y16.csv": 0.23865346802667878,
      "CMS_13\\CMS13-16y24.csv": 0.2589547864509144,
      "CMS_13\\CMS13-170Q350.csv": 1.0501984036067973,
      "CMS_13\\CMS13-350Q1000.csv": 1.5485485094865252,
      "D0_I\\D01.csv": 0.5904861071747767,
      "D0_II\\D02.csv": 0.646211786202193,
      "D0_II_mu\\D02mu.csv": 0.30739302239270444,
      "E288\\E228-200-4Q5.csv": 0.5530295876131183,
      "E288\\E228-200-5Q6.csv": 0.32044957208163927,
      "E288\\E228-200-6Q7.csv": 0.3071396665105724,
      "E288\\E228-200-7Q8.csv": 0.16020460658830163,
      "E288\\E228-200-8Q9.csv": 0.5437062169477574,
      "E288\\E228-300-11Q12.csv": 0.29535425511471014,
      "E288\\E228-300-4Q5.csv": 1.5143725741087517,
      "E288\\E228-300-5Q6.csv": 0.22063559165612043,
      "E288\\E228-300-6Q7.csv": 0.42501785224969196,
      "E288\\E228-300-7Q8.csv": 0.09842974739798095,
      "E288\\E228-300-8Q9.csv": 1.1518700401891298,
      "E288\\E228-400-11Q12.csv": 0.6895509102085101,
      "E288\\E228-400-12Q13.csv": 0.8636236495580197,
      "E288\\E228-400-13Q14.csv": 0.5667838316085855,
      "E288\\E228-400-5Q6.csv": 0.8206935843639191,
      "E288\\E228-400-6Q7.csv": 1.4163744818089425,
      "E288\\E228-400-7Q8.csv": 0.4632795120550834,
      "E288\\E228-400-8Q9.csv": 0.7979784677033036,
      "E605\\E605-10.5Q11.5.csv": 0.19573140732121158,
      "E605\\E605-11.5Q13.5.csv": 0.3810589116276733,
      "E605\\E605-13.5Q18.csv": 0.7929621889760375,
      "E605\\E605-7Q8.csv": 0.22914199880702904,
      "E605\\E605-8Q9.csv": 0.45858178960626994,
      "E772\\E772-11Q12.csv": 1.6410086271096926,
      "E772\\E772-12Q13.csv": 2.2637790946828216,
      "E772\\E772-13Q14.csv": 2.5729524060088735,
      "E772\\E772-14Q15.csv": 0.21730929576591854,
      "LHCb_7\\LHCb7.csv": 0.8752821140634663,
      "LHCb_8\\LHCb8.csv": 0.4580341421519716,
      "LHCb_13\\LHCb13.csv": 0.7843091121890982,
      "STAR\\STAR510.csv": 1.35768921237605
    },
    "high_energy_rows": [
      {
        "file": "CMS_13\\CMS13-170Q350.csv",
        "chi2dN": 1.0501984036067973,
        "N": 10,
        "ratio_1": 1.0761376037154087,
        "data_1": 0.0344,
        "pred_1": 0.03701913356781006,
        "ratio_2": 1.0923355359884597,
        "data_2": 0.0781,
        "pred_2": 0.0853114053606987,
        "ratio_3": 1.0833319301351476,
        "data_3": 0.0902,
        "pred_3": 0.09771654009819031
      },
      {
        "file": "CMS_13\\CMS13-350Q1000.csv",
        "chi2dN": 1.5485485094865252,
        "N": 11,
        "ratio_1": 1.1154207862725778,
        "data_1": 0.00238,
        "pred_1": 0.0026547014713287354,
        "ratio_2": 1.1315234664794618,
        "data_2": 0.00565,
        "pred_2": 0.006393107585608959,
        "ratio_3": 1.1043174749237614,
        "data_3": 0.00699,
        "pred_3": 0.0077191791497170925
      },
      {
        "file": "ATLAS_8\\ATLAS8-00y04.csv",
        "chi2dN": 2.5642236261972635,
        "N": 6,
        "ratio_1": 0.9862484286305068,
        "data_1": 3.257,
        "pred_1": 3.2122111320495605,
        "ratio_2": 0.990108855082012,
        "data_2": 6.708,
        "pred_2": 6.641650199890137,
        "ratio_3": 1.0010992305279487,
        "data_3": 6.714,
        "pred_3": 6.721380233764648
      },
      {
        "file": "ATLAS_8\\ATLAS8-04y08.csv",
        "chi2dN": 1.1091742451987392,
        "N": 6,
        "ratio_1": 0.9832007427991789,
        "data_1": 3.219,
        "pred_1": 3.1649231910705566,
        "ratio_2": 0.9884893572780455,
        "data_2": 6.676,
        "pred_2": 6.599154949188232,
        "ratio_3": 0.9943146866295446,
        "data_3": 6.737,
        "pred_3": 6.698698043823242
      },
      {
        "file": "LHCb_8\\LHCb8.csv",
        "chi2dN": 0.4580341421519716,
        "N": 7,
        "ratio_1": 0.9521621460043206,
        "data_1": 3.592273,
        "pred_1": 3.420426368713379,
        "ratio_2": 0.960384445984366,
        "data_2": 6.420833,
        "pred_2": 6.166468143463135,
        "ratio_3": 0.9706893009382569,
        "data_3": 6.340833,
        "pred_3": 6.1549787521362305
      }
    ]
  },
  "fit": {
    "elapsed_s": 54.07580270000017,
    "nf": 630,
    "flag": 1,
    "free_params": [
      0.5209644902546412,
      0.6421986691998898,
      0.010129825533248815,
      -4.52809783463203,
      0.36582433546103343,
      -0.48650531564343624,
      1.0963023561312268,
      1.4075868832036402,
      0.07860154645716332,
      0.024694014082788675
    ],
    "log10_chi2": -0.08643777088285096,
    "stage1": [
      {
        "start_id": 0,
        "log10_chi2": -0.08508236987220696,
        "nf": 60,
        "flag": 1
      },
      {
        "start_id": 1,
        "log10_chi2": -0.04897277775584352,
        "nf": 60,
        "flag": 1
      },
      {
        "start_id": 2,
        "log10_chi2": 0.006443371241899991,
        "nf": 60,
        "flag": 1
      }
    ],
    "stage2": [
      {
        "log10_chi2": -0.08626085642305495,
        "nf": 180,
        "flag": 1
      },
      {
        "log10_chi2": -0.08022499440303117,
        "nf": 180,
        "flag": 1
      }
    ],
    "polish_nf": 90
  },