{
  "candidate": "alexey_bias_sech",
  "fit_name": "AlexeyBiasSech",
  "param_names": [
    "lambda1",
    "lambda2",
    "l0",
    "BNP",
    "c0",
    "c1"
  ],
  "free_idx": [
    0,
    1,
    2,
    3,
    4,
    5
  ],
  "frozen_idx": [],
  "initial": {
    "full_params": [
      0.08,
      1.06995921286,
      1.0,
      1.73812591781,
      0.0790206754478,
      0.0175751854378
    ],
    "free_params": [
      0.08,
      1.06995921286,
      1.0,
      1.73812591781,
      0.0790206754478,
      0.0175751854378
    ],
    "metrics": {
      "chi2dN_total": 2.3746281126567808,
      "chi2dN_collider": 1.0493367473153294,
      "chi2dN_fixed_target": 4.161763438647527,
      "highE_weighted_chi2dN": 1.458959203939875,
      "highE_mean_ratio_first3": 1.0339077262837668,
      "highE_mean_absdev_first3": 0.05158735662683131,
      "highE_mean_signed_first3": 0.0339077262837669,
      "highE_mean_shortfall_first3": 0.008839815171532206,
      "highE_mean_overshoot_first3": 0.042747541455299104,
      "cms_highmass_mean_ratio_first3": 1.106349445447177,
      "cms_highmass_mean_absdev_first3": 0.10634944544717706,
      "cms_highmass_mean_signed_first3": 0.10634944544717706,
      "zlike_mean_ratio_first3": 0.9856132468414933,
      "zlike_mean_absdev_first3": 0.015079297413267474,
      "zlike_mean_signed_first3": -0.014386753158506547,
      "compute_s": 0.0387535
    },
    "per_file_chi2dN": {
      "ATLAS_7\\ATLAS7-00y10.csv": 0.7439422378712067,
      "ATLAS_7\\ATLAS7-10y20.csv": 4.594535502771129,
      "ATLAS_7\\ATLAS7-20y24.csv": 2.3333686606885435,
      "ATLAS_8\\ATLAS8-00y04.csv": 3.0393000143861886,
      "ATLAS_8\\ATLAS8-04y08.csv": 1.5374732997429377,
      "ATLAS_8\\ATLAS8-08y12.csv": 1.7676893438734587,
      "ATLAS_8\\ATLAS8-116Q150.csv": 0.5952839641154897,
      "ATLAS_8\\ATLAS8-12y16.csv": 1.1526339051952057,
      "ATLAS_8\\ATLAS8-16y20.csv": 1.5977284000146514,
      "ATLAS_8\\ATLAS8-20y24.csv": 0.7574444389949079,
      "ATLAS_8\\ATLAS8-46Q66.csv": 0.11881356534012608,
      "CDF_I\\CDF1.csv": 0.5909675874784788,
      "CDF_II\\CDF2.csv": 0.9336739421357094,
      "CMS_7\\CMS7.csv": 1.538185721302109,
      "CMS_8\\CMS8.csv": 0.6605097615449882,
      "CMS_13\\CMS13-00y04.csv": 1.4452524014568375,
      "CMS_13\\CMS13-04y08.csv": 0.8521772545732295,
      "CMS_13\\CMS13-08y12.csv": 0.5093002101477779,
      "CMS_13\\CMS13-106Q170.csv": 0.9034591618431772,
      "CMS_13\\CMS13-12y16.csv": 0.30833149851125585,
      "CMS_13\\CMS13-16y24.csv": 0.3303346649661462,
      "CMS_13\\CMS13-170Q350.csv": 1.1002058281890357,
      "CMS_13\\CMS13-350Q1000.csv": 1.5381241275095598,
      "D0_I\\D01.csv": 0.5464531948901693,
      "D0_II\\D02.csv": 1.0177943337090958,
      "D0_II_mu\\D02mu.csv": 0.8022368244545998,
      "E288\\E228-200-4Q5.csv": 0.8057171583553381,
      "E288\\E228-200-5Q6.csv": 5.2675591635666805,
      "E288\\E228-200-6Q7.csv": 10.56604030587722,
      "E288\\E228-200-7Q8.csv": 4.245254294277815,
      "E288\\E228-200-8Q9.csv": 2.430576422225236,
      "E288\\E228-300-11Q12.csv": 0.3846294811678096,
      "E288\\E228-300-4Q5.csv": 1.2755847850563662,
      "E288\\E228-300-5Q6.csv": 4.812178856846964,
      "E288\\E228-300-6Q7.csv": 4.837631289330402,
      "E288\\E228-300-7Q8.csv": 5.6924595310193045,
      "E288\\E228-300-8Q9.csv": 5.434205961280597,
      "E288\\E228-400-11Q12.csv": 1.2762686368953506,
      "E288\\E228-400-12Q13.csv": 1.3999417472606785,
      "E288\\E228-400-13Q14.csv": 0.5043288460346537,
      "E288\\E228-400-5Q6.csv": 6.2469319716199525,
      "E288\\E228-400-6Q7.csv": 22.261562126100102,
      "E288\\E228-400-7Q8.csv": 22.358069153303894,
      "E288\\E228-400-8Q9.csv": 15.852934295480681,
      "E605\\E605-10.5Q11.5.csv": 0.8335140532925476,
      "E605\\E605-11.5Q13.5.csv": 0.8772176708983708,
      "E605\\E605-13.5Q18.csv": 0.5823308324127014,
      "E605\\E605-7Q8.csv": 0.8844679584627427,
      "E605\\E605-8Q9.csv": 1.9522830429350442,
      "E772\\E772-11Q12.csv": 1.392382846852868,
      "E772\\E772-12Q13.csv": 1.9574671805297679,
      "E772\\E772-13Q14.csv": 2.8961038178037817,
      "E772\\E772-14Q15.csv": 0.23005304695564877,
      "LHCb_7\\LHCb7.csv": 0.9314680310900919,
      "LHCb_8\\LHCb8.csv": 0.4251863697606754,
      "LHCb_13\\LHCb13.csv": 1.0134797085504341,
      "STAR\\STAR510.csv": 1.6232702875202123
    },
    "high_energy_rows": [
      {
        "file": "CMS_13\\CMS13-170Q350.csv",
        "chi2dN": 1.1002058281890357,
        "N": 10,
        "ratio_1": 1.0884262967941374,
        "data_1": 0.0344,
        "pred_1": 0.03744186460971832,
        "ratio_2": 1.0981235209561493,
        "data_2": 0.0781,
        "pred_2": 0.08576344698667526,
        "ratio_3": 1.0829037282525038,
        "data_3": 0.0902,
        "pred_3": 0.09767791628837585
      },
      {
        "file": "CMS_13\\CMS13-350Q1000.csv",
        "chi2dN": 1.5381241275095598,
        "N": 11,
        "ratio_1": 1.1269907083581474,
        "data_1": 0.00238,
        "pred_1": 0.002682237885892391,
        "ratio_2": 1.1373663205752331,
        "data_2": 0.00565,
        "pred_2": 0.006426119711250067,
        "ratio_3": 1.1042860977468913,
        "data_3": 0.00699,
        "pred_3": 0.007718959823250771
      },
      {
        "file": "ATLAS_8\\ATLAS8-00y04.csv",
        "chi2dN": 3.0393000143861886,
        "N": 6,
        "ratio_1": 0.9844145747024587,
        "data_1": 3.257,
        "pred_1": 3.206238269805908,
        "ratio_2": 0.9932446920523419,
        "data_2": 6.708,
        "pred_2": 6.662685394287109,
        "ratio_3": 1.0031164491464242,
        "data_3": 6.714,
        "pred_3": 6.734923839569092
      },
      {
        "file": "ATLAS_8\\ATLAS8-04y08.csv",
        "chi2dN": 1.5374732997429377,
        "N": 6,
        "ratio_1": 0.9967468287789996,
        "data_1": 3.219,
        "pred_1": 3.2085280418395996,
        "ratio_2": 0.9946408851765244,
        "data_2": 6.676,
        "pred_2": 6.640222549438477,
        "ratio_3": 0.9929950148446705,
        "data_3": 6.737,
        "pred_3": 6.689807415008545
      },
      {
        "file": "LHCb_8\\LHCb8.csv",
        "chi2dN": 0.4251863697606754,
        "N": 7,
        "ratio_1": 0.9711731889335274,
        "data_1": 3.592273,
        "pred_1": 3.4887192249298096,
        "ratio_2": 0.9665541559626818,
        "data_2": 6.420833,
        "pred_2": 6.206082820892334,
        "ratio_3": 0.9676334319758126,
        "data_3": 6.340833,
        "pred_3": 6.135601997375488
      }
    ]
  },
  "fit": {
    "elapsed_s": 205.7684174000001,
    "nf": 2606,
    "flag": 0,
    "free_params": [
      0.09035387881847376,
      3.3095164028036654,
      16.855497475590024,
      2.9626113917197774,
      0.0781934664775539,
      0.01046351273175023
    ],
    "log10_chi2": -0.08844047427892368,
    "stage1": [
      {
        "start_id": 14,
        "log10_chi2": -0.07668082392776182,
        "nf": 70,
        "flag": 1
      },
      {
        "start_id": 12,
        "log10_chi2": -0.07448364908166391,
        "nf": 70,
        "flag": 1
      },
      {
        "start_id": 6,
        "log10_chi2": -0.06862840860927345,
        "nf": 70,
        "flag": 1
      },
      {
        "start_id": 4,
        "log10_chi2": -0.06518823705954715,
        "nf": 70,
        "flag": 1
      },
      {
        "start_id": 8,
        "log10_chi2": -0.06425508857090925,
        "nf": 70,
        "flag": 1
      },
      {
        "start_id": 9,
        "log10_chi2": -0.06374430198204654,
        "nf": 70,
        "flag": 1
      },
      {
        "start_id": 13,
        "log10_chi2": -0.06372611360505658,
        "nf": 70,
        "flag": 1
      },
      {
        "start_id": 16,
        "log10_chi2": -0.0634579054982677,
        "nf": 70,
        "flag": 1
      },
      {
        "start_id": 11,
        "log10_chi2": -0.06344988871527399,
        "nf": 70,
        "flag": 1
      },
      {
        "start_id": 2,