{
  "candidate": "alexey_bias_sech_loggauss",
  "fit_name": "AlexeyBiasSechLogGauss",
  "param_names": [
    "lambda1",
    "lambda2",
    "l0",
    "logx0",
    "sigx",
    "amp",
    "BNP",
    "c0",
    "c1"
  ],
  "free_idx": [
    0,
    1,
    2,
    3,
    4,
    5,
    6,
    7,
    8
  ],
  "frozen_idx": [],
  "initial": {
    "full_params": [
      0.08,
      1.06995921286,
      1.0,
      -4.58085522435,
      0.33536604003,
      -0.485169528067,
      1.73812591781,
      0.0790206754478,
      0.0175751854378
    ],
    "free_params": [
      0.08,
      1.06995921286,
      1.0,
      -4.58085522435,
      0.33536604003,
      -0.485169528067,
      1.73812591781,
      0.0790206754478,
      0.0175751854378
    ],
    "metrics": {
      "chi2dN_total": 2.3819991643200176,
      "chi2dN_collider": 1.0621725505701805,
      "chi2dN_fixed_target": 4.161765355588736,
      "highE_weighted_chi2dN": 1.6193363094217719,
      "highE_mean_ratio_first3": 1.0323141079424898,
      "highE_mean_absdev_first3": 0.05249622429040941,
      "highE_mean_signed_first3": 0.03231410794248973,
      "highE_mean_shortfall_first3": 0.01009105817395984,
      "highE_mean_overshoot_first3": 0.04240516611644957,
      "cms_highmass_mean_ratio_first3": 1.1052206076689546,
      "cms_highmass_mean_absdev_first3": 0.10522060766895473,
      "cms_highmass_mean_signed_first3": 0.10522060766895473,
      "zlike_mean_ratio_first3": 0.983709774791513,
      "zlike_mean_absdev_first3": 0.017346635371379197,
      "zlike_mean_signed_first3": -0.016290225208486935,
      "compute_s": 0.0434264
    },
    "per_file_chi2dN": {
      "ATLAS_7\\ATLAS7-00y10.csv": 0.5593157792478521,
      "ATLAS_7\\ATLAS7-10y20.csv": 4.602798393005336,
      "ATLAS_7\\ATLAS7-20y24.csv": 2.333376423737787,
      "ATLAS_8\\ATLAS8-00y04.csv": 4.135314961060525,
      "ATLAS_8\\ATLAS8-04y08.csv": 1.532105808307655,
      "ATLAS_8\\ATLAS8-08y12.csv": 1.7916996918948194,
      "ATLAS_8\\ATLAS8-116Q150.csv": 0.5785000054634706,
      "ATLAS_8\\ATLAS8-12y16.csv": 1.1531048875530654,
      "ATLAS_8\\ATLAS8-16y20.csv": 1.5977503088306244,
      "ATLAS_8\\ATLAS8-20y24.csv": 0.757449957497259,
      "ATLAS_8\\ATLAS8-46Q66.csv": 0.15241143398443427,
      "CDF_I\\CDF1.csv": 0.5738519598809289,
      "CDF_II\\CDF2.csv": 0.8885291246408562,
      "CMS_7\\CMS7.csv": 1.5111093025184554,
      "CMS_8\\CMS8.csv": 0.6879667276289979,
      "CMS_13\\CMS13-00y04.csv": 1.4560337758770123,
      "CMS_13\\CMS13-04y08.csv": 0.8503749895693397,
      "CMS_13\\CMS13-08y12.csv": 0.5114580530065975,
      "CMS_13\\CMS13-106Q170.csv": 0.8635498876017341,
      "CMS_13\\CMS13-12y16.csv": 0.30887374666199097,
      "CMS_13\\CMS13-16y24.csv": 0.3303472295648542,
      "CMS_13\\CMS13-170Q350.csv": 1.0870983358190154,
      "CMS_13\\CMS13-350Q1000.csv": 1.5383266598435446,
      "D0_I\\D01.csv": 0.5464298632297181,
      "D0_II\\D02.csv": 0.9711564830762762,
      "D0_II_mu\\D02mu.csv": 0.7768723143165329,
      "E288\\E228-200-4Q5.csv": 0.8057192697449116,
      "E288\\E228-200-5Q6.csv": 5.267559644675537,
      "E288\\E228-200-6Q7.csv": 10.566040388036804,
      "E288\\E228-200-7Q8.csv": 4.245257280901622,
      "E288\\E228-200-8Q9.csv": 2.4305766338823327,
      "E288\\E228-300-11Q12.csv": 0.38462972889668573,
      "E288\\E228-300-4Q5.csv": 1.2755798969771763,
      "E288\\E228-300-5Q6.csv": 4.8121753173154715,
      "E288\\E228-300-6Q7.csv": 4.837634170280842,
      "E288\\E228-300-7Q8.csv": 5.692457736500692,
      "E288\\E228-300-8Q9.csv": 5.434208063531455,
      "E288\\E228-400-11Q12.csv": 1.2762690504313352,
      "E288\\E228-400-12Q13.csv": 1.3999419204502805,
      "E288\\E228-400-13Q14.csv": 0.5043286974496083,
      "E288\\E228-400-5Q6.csv": 6.246956626846358,
      "E288\\E228-400-6Q7.csv": 22.261595964378582,
      "E288\\E228-400-7Q8.csv": 22.358082858557914,
      "E288\\E228-400-8Q9.csv": 15.852926447918303,
      "E605\\E605-10.5Q11.5.csv": 0.8335139844629254,
      "E605\\E605-11.5Q13.5.csv": 0.8772177532121496,
      "E605\\E605-13.5Q18.csv": 0.5823310414054286,
      "E605\\E605-7Q8.csv": 0.8844681617519816,
      "E605\\E605-8Q9.csv": 1.9522824082174235,
      "E772\\E772-11Q12.csv": 1.3923835051201179,
      "E772\\E772-12Q13.csv": 1.9574673783516638,
      "E772\\E772-13Q14.csv": 2.8961040126076214,
      "E772\\E772-14Q15.csv": 0.23005304861657094,
      "LHCb_7\\LHCb7.csv": 0.9314671635785005,
      "LHCb_8\\LHCb8.csv": 0.425193020598952,
      "LHCb_13\\LHCb13.csv": 1.0134827063840295,
      "STAR\\STAR510.csv": 1.6232703711956253
    },
    "high_energy_rows": [
      {
        "file": "CMS_13\\CMS13-170Q350.csv",
        "chi2dN": 1.0870983358190154,
        "N": 10,
        "ratio_1": 1.0857064017029696,
        "data_1": 0.0344,
        "pred_1": 0.03734830021858215,
        "ratio_2": 1.0970141380910836,
        "data_2": 0.0781,
        "pred_2": 0.08567680418491364,
        "ratio_3": 1.0829225612056756,
        "data_3": 0.0902,
        "pred_3": 0.09767961502075195
      },
      {
        "file": "CMS_13\\CMS13-350Q1000.csv",
        "chi2dN": 1.5383266598435446,
        "N": 11,
        "ratio_1": 1.1249818103466214,
        "data_1": 0.00238,
        "pred_1": 0.002677456708624959,
        "ratio_2": 1.1364809872038597,
        "data_2": 0.00565,
        "pred_2": 0.006421117577701807,
        "ratio_3": 1.1042177474635184,
        "data_3": 0.00699,
        "pred_3": 0.007718482054769993
      },
      {
        "file": "ATLAS_8\\ATLAS8-00y04.csv",
        "chi2dN": 4.135314961060525,
        "N": 6,
        "ratio_1": 0.9700635623668358,
        "data_1": 3.257,
        "pred_1": 3.159497022628784,
        "ratio_2": 0.9889552190890963,
        "data_2": 6.708,
        "pred_2": 6.633911609649658,
        "ratio_3": 1.0047538457330152,
        "data_3": 6.714,
        "pred_3": 6.745917320251465
      },
      {
        "file": "ATLAS_8\\ATLAS8-04y08.csv",
        "chi2dN": 1.532105808307655,
        "N": 6,
        "ratio_1": 0.9966500985322438,
        "data_1": 3.219,
        "pred_1": 3.208216667175293,
        "ratio_2": 0.9946019582365572,
        "data_2": 6.676,
        "pred_2": 6.639962673187256,
        "ratio_3": 0.9930028005189175,
        "data_3": 6.737,
        "pred_3": 6.689859867095947
      },
      {
        "file": "LHCb_8\\LHCb8.csv",
        "chi2dN": 0.425193020598952,
        "N": 7,
        "ratio_1": 0.9711731225636889,
        "data_1": 3.592273,
        "pred_1": 3.4887189865112305,
        "ratio_2": 0.9665538589064224,
        "data_2": 6.420833,
        "pred_2": 6.206080913543701,
        "ratio_3": 0.9676335071768404,
        "data_3": 6.340833,
        "pred_3": 6.1356024742126465
      }
    ]
  },
  "fit": {
    "elapsed_s": 224.36198430000013,
    "nf": 2800,
    "flag": 1,
    "free_params": [
      0.36255059276003004,
      2.285873386228997,
      11.15059768035941,
      -4.458367909580908,
      0.2831233406816088,
      -0.38825745194548267,
      3.1548165648652584,
      0.07393123764133787,
      0.011000403633636318
    ],
    "log10_chi2": -0.09172200649443639,
    "stage1": [
      {
        "start_id": 7,
        "log10_chi2": -0.07286227158175124,
        "nf": 70,
        "flag": 1
      },
      {
        "start_id": 17,
        "log10_chi2": -0.07142160682125481,
        "nf": 70,
        "flag": 1
      },
      {
        "start_id": 2,
        "log10_chi2": -0.07129334030249761,
        "nf": 70,
        "flag": 1
      },
      {
        "start_id": 12,
        "log10_chi2": -0.07113223829261336,
        "nf": 70,
        "flag": 1
      },
      {
        "start_id": 16,
        "log10_chi2": -0.07034607718854402,
        "nf": 70,
        "flag": 1
      },
      {
        "start_id": 5,
        "log10_chi2": -0.06836644742412483,
        "nf": 70,
        "flag": 1
      },
      {
        "start_id": 14,
        "log10_chi2": -0.06776223453703924,
        "nf": 70,