{
  "candidate": "alexey_bias_exp_loggauss",
  "fit_name": "AlexeyBiasExpLogGauss",
  "param_names": [
    "lambda1",
    "lambda2",
    "l0",
    "logx0",
    "sigx",
    "amp",
    "BNP",
    "c0",
    "c1"
  ],
  "free_idx": [
    0,
    1,
    2,
    3,
    4,
    5,
    6,
    7,
    8
  ],
  "frozen_idx": [],
  "initial": {
    "full_params": [
      0.02,
      1.06995921286,
      16.9443058656,
      -4.58085522435,
      0.33536604003,
      -0.485169528067,
      1.73812591781,
      0.0790206754478,
      0.0175751854378
    ],
    "free_params": [
      0.02,
      1.06995921286,
      16.9443058656,
      -4.58085522435,
      0.33536604003,
      -0.485169528067,
      1.73812591781,
      0.0790206754478,
      0.0175751854378
    ],
    "metrics": {
      "chi2dN_total": 2.5301699705879155e+35,
      "chi2dN_collider": 4.406475791473336e+35,
      "chi2dN_fixed_target": 0.723480809767385,
      "highE_weighted_chi2dN": 2.777245373453442e+36,
      "highE_mean_ratio_first3": 994566692854302.2,
      "highE_mean_absdev_first3": 2892164035854266.5,
      "highE_mean_signed_first3": 994566692854301.4,
      "highE_mean_shortfall_first3": 948798671499982.8,
      "highE_mean_overshoot_first3": 1943365364354284.0,
      "cms_highmass_mean_ratio_first3": 1.113287834314811,
      "cms_highmass_mean_absdev_first3": 0.11328783431481108,
      "cms_highmass_mean_signed_first3": 0.11328783431481108,
      "zlike_mean_ratio_first3": 1657611154757169.8,
      "zlike_mean_absdev_first3": 4820273393090444.0,
      "zlike_mean_signed_first3": 1657611154757169.0,
      "compute_s": 0.0432551
    },
    "per_file_chi2dN": {
      "ATLAS_7\\ATLAS7-00y10.csv": 3933149.5197771206,
      "ATLAS_7\\ATLAS7-10y20.csv": 3.422699142907953,
      "ATLAS_7\\ATLAS7-20y24.csv": 1.3621241848144638,
      "ATLAS_8\\ATLAS8-00y04.csv": 1.851496915635628e+37,
      "ATLAS_8\\ATLAS8-04y08.csv": 29292964.55780157,
      "ATLAS_8\\ATLAS8-08y12.csv": 1.2782086383503175,
      "ATLAS_8\\ATLAS8-116Q150.csv": 0.8135433923493411,
      "ATLAS_8\\ATLAS8-12y16.csv": 0.8933801398613953,
      "ATLAS_8\\ATLAS8-16y20.csv": 0.9275081482863584,
      "ATLAS_8\\ATLAS8-20y24.csv": 0.7463579121822974,
      "ATLAS_8\\ATLAS8-46Q66.csv": 1.640772173550097e+36,
      "CDF_I\\CDF1.csv": 173.3405756844442,
      "CDF_II\\CDF2.csv": 103.73298347734584,
      "CMS_7\\CMS7.csv": 101868.28252226948,
      "CMS_8\\CMS8.csv": 194992.53032203534,
      "CMS_13\\CMS13-00y04.csv": 119178020.9282154,
      "CMS_13\\CMS13-04y08.csv": 40327.918472856865,
      "CMS_13\\CMS13-08y12.csv": 0.5508515134029218,
      "CMS_13\\CMS13-106Q170.csv": 11536845437.506617,
      "CMS_13\\CMS13-12y16.csv": 0.2770149210187791,
      "CMS_13\\CMS13-16y24.csv": 0.28431820321414025,
      "CMS_13\\CMS13-170Q350.csv": 1.2310343704280868,
      "CMS_13\\CMS13-350Q1000.csv": 1.5376545084520634,
      "D0_I\\D01.csv": 63.44381914718553,
      "D0_II\\D02.csv": 2.8396701028040474,
      "D0_II_mu\\D02mu.csv": 48507028.31929771,
      "E288\\E228-200-4Q5.csv": 0.49377337643461683,
      "E288\\E228-200-5Q6.csv": 0.33894311168670077,
      "E288\\E228-200-6Q7.csv": 0.4457226938561854,
      "E288\\E228-200-7Q8.csv": 0.12793899315975346,
      "E288\\E228-200-8Q9.csv": 0.4742586969066207,
      "E288\\E228-300-11Q12.csv": 0.2625418386418309,
      "E288\\E228-300-4Q5.csv": 1.372799972081916,
      "E288\\E228-300-5Q6.csv": 0.2958134078779595,
      "E288\\E228-300-6Q7.csv": 0.24149181012139898,
      "E288\\E228-300-7Q8.csv": 0.1436279884762778,
      "E288\\E228-300-8Q9.csv": 1.1320421695279816,
      "E288\\E228-400-11Q12.csv": 0.6207584266307518,
      "E288\\E228-400-12Q13.csv": 0.8518742149318034,
      "E288\\E228-400-13Q14.csv": 0.489722672501574,
      "E288\\E228-400-5Q6.csv": 0.6937675523346385,
      "E288\\E228-400-6Q7.csv": 1.1679618277941521,
      "E288\\E228-400-7Q8.csv": 0.5028964711136024,
      "E288\\E228-400-8Q9.csv": 0.7061514873282022,
      "E605\\E605-10.5Q11.5.csv": 0.2850468224663798,
      "E605\\E605-11.5Q13.5.csv": 0.5368530941433787,
      "E605\\E605-13.5Q18.csv": 0.8946100782483596,
      "E605\\E605-7Q8.csv": 0.28426649552189165,
      "E605\\E605-8Q9.csv": 0.38605411842616016,
      "E772\\E772-11Q12.csv": 1.6339340041025205,
      "E772\\E772-12Q13.csv": 2.3334807187026056,
      "E772\\E772-13Q14.csv": 2.1193977047658485,
      "E772\\E772-14Q15.csv": 0.2382340940307439,
      "LHCb_7\\LHCb7.csv": 0.8834657730847625,
      "LHCb_8\\LHCb8.csv": 0.7337022123772972,
      "LHCb_13\\LHCb13.csv": 0.7486888041167961,
      "STAR\\STAR510.csv": 1.1249799668884404
    },
    "high_energy_rows": [
      {
        "file": "CMS_13\\CMS13-170Q350.csv",
        "chi2dN": 1.2310343704280868,
        "N": 10,
        "ratio_1": 1.112049835365872,
        "data_1": 0.0344,
        "pred_1": 0.038254514336586,
        "ratio_2": 1.106635880836604,
        "data_2": 0.0781,
        "pred_2": 0.08642826229333878,
        "ratio_3": 1.0819322617513907,
        "data_3": 0.0902,
        "pred_3": 0.09759029000997543
      },
      {
        "file": "CMS_13\\CMS13-350Q1000.csv",
        "chi2dN": 1.5376545084520634,
        "N": 11,
        "ratio_1": 1.1352783053362068,
        "data_1": 0.00238,
        "pred_1": 0.0027019623667001724,
        "ratio_2": 1.1398514683267713,
        "data_2": 0.00565,
        "pred_2": 0.006440160796046257,
        "ratio_3": 1.1039792542720217,
        "data_3": 0.00699,
        "pred_3": 0.007716814987361431
      },
      {
        "file": "ATLAS_8\\ATLAS8-00y04.csv",
        "chi2dN": 1.851496915635628e+37,
        "N": 6,
        "ratio_1": -1.4231980072499718e+16,
        "data_1": 3.257,
        "pred_1": -4.635355909613158e+16,
        "ratio_2": 2.5469957690064524e+16,
        "data_2": 6.708,
        "pred_2": 1.7085247618495283e+17,
        "ratio_3": 3680522775249711.0,
        "data_3": 6.714,
        "pred_3": 2.471102991302656e+16
      },
      {
        "file": "ATLAS_8\\ATLAS8-04y08.csv",
        "chi2dN": 29292964.55780157,
        "N": 6,
        "ratio_1": 18.256236915078805,
        "data_1": 3.219,
        "pred_1": 58.76682662963867,
        "ratio_2": 11.35242021033834,
        "data_2": 6.676,
        "pred_2": 75.78875732421875,
        "ratio_3": -20.60245911976306,
        "data_3": 6.737,
        "pred_3": -138.79876708984375
      },
      {
        "file": "LHCb_8\\LHCb8.csv",
        "chi2dN": 0.7337022123772972,
        "N": 7,
        "ratio_1": 0.9352890746848992,
        "data_1": 3.592273,
        "pred_1": 3.359813690185547,
        "ratio_2": 0.9528526587929217,
        "data_2": 6.420833,
        "pred_2": 6.118107795715332,
        "ratio_3": 0.9690939863361974,
        "data_3": 6.340833,
        "pred_3": 6.144863128662109
      }
    ]
  },
  "fit": {
    "elapsed_s": 200.66360920000034,
    "nf": 2515,
    "flag": 1,
    "free_params": [
      0.028863574752486708,
      0.9978508717615703,
      17.259198719489667,
      -4.554484854730601,
      0.284535770283841,
      -0.10373557509677189,
      1.7407458709248806,
      0.08100712075251405,
      0.017810970771510455
    ],
    "log10_chi2": -0.09076959248580933,
    "stage1": [
      {
        "start_id": 3,
        "log10_chi2": -0.06190068877542067,
        "nf": 70,
        "flag": 1
      },
      {
        "start_id": 4,
        "log10_chi2": -0.05337804933300324,
        "nf": 70,
        "flag": 1
      },
      {
        "start_id": 1,
        "log10_chi2": -0.04566550545414887,
        "nf": 70,
        "flag": 1
      },
      {
        "start_id": 0,
        "log10_chi2": 0.018134456872262283,
        "nf": 70,
        "flag": 1
      },
      {
        "start_id": 2,
        "log10_chi2": NaN,
        "nf": 70,
        "flag": 1
      },
      {
        "start_id": 12,
        "log10_chi2": 0.028292983043656315,
        "nf": 70,
        "flag": 1
      },
      {
        "start_id": 7,
        "log10_chi2": 0.06055266000342986,
        "nf": 70,