{
  "candidate": "alexey_bias_exp",
  "fit_name": "AlexeyBiasExp",
  "param_names": [
    "lambda1",
    "lambda2",
    "l0",
    "BNP",
    "c0",
    "c1"
  ],
  "free_idx": [
    0,
    1,
    2,
    3,
    4,
    5
  ],
  "frozen_idx": [],
  "initial": {
    "full_params": [
      0.02,
      1.06995921286,
      16.9443058656,
      1.73812591781,
      0.0790206754478,
      0.0175751854378
    ],
    "free_params": [
      0.02,
      1.06995921286,
      16.9443058656,
      1.73812591781,
      0.0790206754478,
      0.0175751854378
    ],
    "metrics": {
      "chi2dN_total": 0.8278711719920926,
      "chi2dN_collider": 0.9052844657651443,
      "chi2dN_fixed_target": 0.7234805182678261,
      "highE_weighted_chi2dN": 1.5657696918207882,
      "highE_mean_ratio_first3": 1.0262253386187787,
      "highE_mean_absdev_first3": 0.05366721505325009,
      "highE_mean_signed_first3": 0.026225338618778626,
      "highE_mean_shortfall_first3": 0.01372093821723573,
      "highE_mean_overshoot_first3": 0.03994627683601436,
      "cms_highmass_mean_ratio_first3": 1.0991548222508187,
      "cms_highmass_mean_absdev_first3": 0.09915482225081866,
      "cms_highmass_mean_signed_first3": 0.09915482225081866,
      "zlike_mean_ratio_first3": 0.9776056828640852,
      "zlike_mean_absdev_first3": 0.023342143588204373,
      "zlike_mean_signed_first3": -0.022394317135914728,
      "compute_s": 0.0430051
    },
    "per_file_chi2dN": {
      "ATLAS_7\\ATLAS7-00y10.csv": 0.4884776944481349,
      "ATLAS_7\\ATLAS7-10y20.csv": 3.362304306973142,
      "ATLAS_7\\ATLAS7-20y24.csv": 1.36212158399217,
      "ATLAS_8\\ATLAS8-00y04.csv": 3.7075904348471043,
      "ATLAS_8\\ATLAS8-04y08.csv": 1.2984245012646252,
      "ATLAS_8\\ATLAS8-08y12.csv": 1.094179196139434,
      "ATLAS_8\\ATLAS8-116Q150.csv": 0.542353635858043,
      "ATLAS_8\\ATLAS8-12y16.csv": 0.8941160590093079,
      "ATLAS_8\\ATLAS8-16y20.csv": 0.9274564768425936,
      "ATLAS_8\\ATLAS8-20y24.csv": 0.7463651073511954,
      "ATLAS_8\\ATLAS8-46Q66.csv": 0.28552380721916565,
      "CDF_I\\CDF1.csv": 0.4763034715079547,
      "CDF_II\\CDF2.csv": 0.752609969479991,
      "CMS_7\\CMS7.csv": 1.4616847515576703,
      "CMS_8\\CMS8.csv": 0.7514173516252207,
      "CMS_13\\CMS13-00y04.csv": 1.4596588430375885,
      "CMS_13\\CMS13-04y08.csv": 0.852153755390851,
      "CMS_13\\CMS13-08y12.csv": 0.47842498579998555,
      "CMS_13\\CMS13-106Q170.csv": 0.7861893980599601,
      "CMS_13\\CMS13-12y16.csv": 0.2734889651767645,
      "CMS_13\\CMS13-16y24.csv": 0.28425408880276726,
      "CMS_13\\CMS13-170Q350.csv": 1.0499587304070883,
      "CMS_13\\CMS13-350Q1000.csv": 1.5417458499373573,
      "D0_I\\D01.csv": 0.6159257081764228,
      "D0_II\\D02.csv": 0.527369301233114,
      "D0_II_mu\\D02mu.csv": 0.2933801217168466,
      "E288\\E228-200-4Q5.csv": 0.49377257003272135,
      "E288\\E228-200-5Q6.csv": 0.3389423026709619,
      "E288\\E228-200-6Q7.csv": 0.4457232455571887,
      "E288\\E228-200-7Q8.csv": 0.1279388390740055,
      "E288\\E228-200-8Q9.csv": 0.47425863588795547,
      "E288\\E228-300-11Q12.csv": 0.2625416966894583,
      "E288\\E228-300-4Q5.csv": 1.3728002308299203,
      "E288\\E228-300-5Q6.csv": 0.29581320434924424,
      "E288\\E228-300-6Q7.csv": 0.2414925032063059,
      "E288\\E228-300-7Q8.csv": 0.14362728728944782,
      "E288\\E228-300-8Q9.csv": 1.1320417775596565,
      "E288\\E228-400-11Q12.csv": 0.6207587277322438,
      "E288\\E228-400-12Q13.csv": 0.8518741535529579,
      "E288\\E228-400-13Q14.csv": 0.489722824656973,
      "E288\\E228-400-5Q6.csv": 0.6937719666789913,
      "E288\\E228-400-6Q7.csv": 1.1679572653003183,
      "E288\\E228-400-7Q8.csv": 0.5028922977397888,
      "E288\\E228-400-8Q9.csv": 0.7061520484736657,
      "E605\\E605-10.5Q11.5.csv": 0.28504678297864594,
      "E605\\E605-11.5Q13.5.csv": 0.5368532975809969,
      "E605\\E605-13.5Q18.csv": 0.8946097635393271,
      "E605\\E605-7Q8.csv": 0.2842662193103034,
      "E605\\E605-8Q9.csv": 0.3860534918817748,
      "E772\\E772-11Q12.csv": 1.633933500999791,
      "E772\\E772-12Q13.csv": 2.333480027000456,
      "E772\\E772-13Q14.csv": 2.1193978710509427,
      "E772\\E772-14Q15.csv": 0.2382340359680589,
      "LHCb_7\\LHCb7.csv": 0.8834641894384127,
      "LHCb_8\\LHCb8.csv": 0.7337009146827633,
      "LHCb_13\\LHCb13.csv": 0.7486842920818809,
      "STAR\\STAR510.csv": 1.1249807420023745
    },
    "high_energy_rows": [
      {
        "file": "CMS_13\\CMS13-170Q350.csv",
        "chi2dN": 1.0499587304070883,
        "N": 10,
        "ratio_1": 1.0757565195130747,
        "data_1": 0.0344,
        "pred_1": 0.03700602427124977,
        "ratio_2": 1.093211289251965,
        "data_2": 0.0781,
        "pred_2": 0.08537980169057846,
        "ratio_3": 1.0831064303011164,
        "data_3": 0.0902,
        "pred_3": 0.0976962000131607
      },
      {
        "file": "CMS_13\\CMS13-350Q1000.csv",
        "chi2dN": 1.5417458499373573,
        "N": 11,
        "ratio_1": 1.1101444330097747,
        "data_1": 0.00238,
        "pred_1": 0.002642143750563264,
        "ratio_2": 1.1293708750631957,
        "data_2": 0.00565,
        "pred_2": 0.006380945444107056,
        "ratio_3": 1.1033393863657854,
        "data_3": 0.00699,
        "pred_3": 0.00771234231069684
      },
      {
        "file": "ATLAS_8\\ATLAS8-00y04.csv",
        "chi2dN": 3.7075904348471043,
        "N": 6,
        "ratio_1": 0.9745671626867821,
        "data_1": 3.257,
        "pred_1": 3.1741652488708496,
        "ratio_2": 0.9904180030845501,
        "data_2": 6.708,
        "pred_2": 6.643723964691162,
        "ratio_3": 1.0042652190353034,
        "data_3": 6.714,
        "pred_3": 6.742636680603027
      },
      {
        "file": "ATLAS_8\\ATLAS8-04y08.csv",
        "chi2dN": 1.2984245012646252,
        "N": 6,
        "ratio_1": 0.9860393978046609,
        "data_1": 3.219,
        "pred_1": 3.174060821533203,
        "ratio_2": 0.9916669383886119,
        "data_2": 6.676,
        "pred_2": 6.620368480682373,
        "ratio_3": 0.9942587713326795,
        "data_3": 6.737,
        "pred_3": 6.698321342468262
      },
      {
        "file": "LHCb_8\\LHCb8.csv",
        "chi2dN": 0.7337009146827633,
        "N": 7,
        "ratio_1": 0.9352890083150606,
        "data_1": 3.592273,
        "pred_1": 3.3598134517669678,
        "ratio_2": 0.9528526587929217,
        "data_2": 6.420833,
        "pred_2": 6.118107795715332,
        "ratio_3": 0.9690939863361974,
        "data_3": 6.340833,
        "pred_3": 6.144863128662109
      }
    ]
  },
  "fit": {
    "elapsed_s": 201.28133060000027,
    "nf": 2543,
    "flag": 0,
    "free_params": [
      0.02,
      1.1523237510595175,
      20.0,
      1.7576682250537767,
      0.07882322150324503,
      0.017525686693354085
    ],
    "log10_chi2": -0.08316534377840407,
    "stage1": [
      {
        "start_id": 12,
        "log10_chi2": -0.08315671755153291,
        "nf": 70,
        "flag": 1
      },
      {
        "start_id": 6,
        "log10_chi2": -0.08204333873958186,
        "nf": 70,
        "flag": 1
      },
      {
        "start_id": 5,
        "log10_chi2": -0.08203729089113927,
        "nf": 70,
        "flag": 1
      },
      {
        "start_id": 0,
        "log10_chi2": -0.08203691024773821,
        "nf": 70,
        "flag": 1
      },
      {
        "start_id": 7,
        "log10_chi2": -0.08177763491813055,
        "nf": 70,
        "flag": 1
      },
      {
        "start_id": 11,
        "log10_chi2": -0.0817290576286156,
        "nf": 70,
        "flag": 1
      },
      {
        "start_id": 10,
        "log10_chi2": -0.08166104981709792,
        "nf": 70,
        "flag": 1
      },
      {
        "start_id": 4,
        "log10_chi2": -0.08150633826406432,
        "nf": 70,
        "flag": 1
      },
      {
        "start_id": 8,
        "log10_chi2": -0.08137105339258696,
        "nf": 70,
        "flag": 1
      },
      {
        "start_id": 14,
        "log10_chi2": -0.08103430009923317,