{
  "candidate": "xb_bump_peak_shape",
  "fit_name": "XBBumpPeakShape",
  "param_names": [
    "lambda1",
    "lambda2",
    "lambda4",
    "logx0",
    "sigx",
    "amp",
    "bw",
    "axb",
    "BNP",
    "c0",
    "c1"
  ],
  "free_idx": [
    0,
    1,
    2,
    3,
    4,
    5,
    6,
    7,
    8,
    9,
    10
  ],
  "frozen_idx": [],
  "initial": {
    "full_params": [
      0.5436808685,
      0.6247890378,
      0.02465039808,
      -4.580855224,
      0.33536604,
      -0.4851695281,
      0.8,
      0.0,
      1.416278699,
      0.0793882165,
      0.02228433755
    ],
    "free_params": [
      0.5436808685,
      0.6247890378,
      0.02465039808,
      -4.580855224,
      0.33536604,
      -0.4851695281,
      0.8,
      0.0,
      1.416278699,
      0.0793882165,
      0.02228433755
    ],
    "metrics": {
      "chi2dN_total": 0.8262308636939503,
      "chi2dN_collider": 0.8872984056722301,
      "chi2dN_fixed_target": 0.7438822086020268,
      "highE_weighted_chi2dN": 1.3527505705537726,
      "highE_mean_ratio_first3": 1.0305417100187382,
      "highE_mean_absdev_first3": 0.05143437711919117,
      "highE_mean_signed_first3": 0.03054171001873817,
      "highE_mean_shortfall_first3": 0.010446333550226498,
      "highE_mean_overshoot_first3": 0.04098804356896467,
      "cms_highmass_mean_ratio_first3": 1.1019021339837463,
      "cms_highmass_mean_absdev_first3": 0.10190213398374622,
      "cms_highmass_mean_signed_first3": 0.10190213398374622,
      "zlike_mean_ratio_first3": 0.9829680940420662,
      "zlike_mean_absdev_first3": 0.017789205876154464,
      "zlike_mean_signed_first3": -0.017031905957933864,
      "compute_s": 0.0388429
    },
    "per_file_chi2dN": {
      "ATLAS_7\\ATLAS7-00y10.csv": 0.4534643327755063,
      "ATLAS_7\\ATLAS7-10y20.csv": 3.2455808126063146,
      "ATLAS_7\\ATLAS7-20y24.csv": 1.3423219907515955,
      "ATLAS_8\\ATLAS8-00y04.csv": 2.7562506537593054,
      "ATLAS_8\\ATLAS8-04y08.csv": 1.0934150643017808,
      "ATLAS_8\\ATLAS8-08y12.csv": 0.5329264795937462,
      "ATLAS_8\\ATLAS8-116Q150.csv": 0.5492340142894344,
      "ATLAS_8\\ATLAS8-12y16.csv": 1.5808570383941616,
      "ATLAS_8\\ATLAS8-16y20.csv": 1.0303740484341508,
      "ATLAS_8\\ATLAS8-20y24.csv": 0.937947928165609,
      "ATLAS_8\\ATLAS8-46Q66.csv": 0.4825207822130021,
      "CDF_I\\CDF1.csv": 0.5118246921526898,
      "CDF_II\\CDF2.csv": 0.7660683711777694,
      "CMS_7\\CMS7.csv": 1.4385134929839278,
      "CMS_8\\CMS8.csv": 0.7470690523632515,
      "CMS_13\\CMS13-00y04.csv": 1.3726441790140977,
      "CMS_13\\CMS13-04y08.csv": 0.8458460076639077,
      "CMS_13\\CMS13-08y12.csv": 0.4502509179971516,
      "CMS_13\\CMS13-106Q170.csv": 0.8115487860236522,
      "CMS_13\\CMS13-12y16.csv": 0.2391677883746188,
      "CMS_13\\CMS13-16y24.csv": 0.2589676772973182,
      "CMS_13\\CMS13-170Q350.csv": 1.0743067778133824,
      "CMS_13\\CMS13-350Q1000.csv": 1.5511563817372604,
      "D0_I\\D01.csv": 0.593312013884983,
      "D0_II\\D02.csv": 0.6851001190857648,
      "D0_II_mu\\D02mu.csv": 0.3167122926943342,
      "E288\\E228-200-4Q5.csv": 0.5530243073845277,
      "E288\\E228-200-5Q6.csv": 0.3204512280064956,
      "E288\\E228-200-6Q7.csv": 0.30714007218910516,
      "E288\\E228-200-7Q8.csv": 0.16020456822283688,
      "E288\\E228-200-8Q9.csv": 0.5437061472043571,
      "E288\\E228-300-11Q12.csv": 0.2953542966463132,
      "E288\\E228-300-4Q5.csv": 1.5143779381601512,
      "E288\\E228-300-5Q6.csv": 0.22063832645391118,
      "E288\\E228-300-6Q7.csv": 0.4250187318631567,
      "E288\\E228-300-7Q8.csv": 0.09842950958359387,
      "E288\\E228-300-8Q9.csv": 1.1518710313672538,
      "E288\\E228-400-11Q12.csv": 0.689550875118127,
      "E288\\E228-400-12Q13.csv": 0.8636226402611422,
      "E288\\E228-400-13Q14.csv": 0.566783778827269,
      "E288\\E228-400-5Q6.csv": 0.8206955964369439,
      "E288\\E228-400-6Q7.csv": 1.4163711947732598,
      "E288\\E228-400-7Q8.csv": 0.46327541224323376,
      "E288\\E228-400-8Q9.csv": 0.7979774554652562,
      "E605\\E605-10.5Q11.5.csv": 0.195731358432941,
      "E605\\E605-11.5Q13.5.csv": 0.38105895808687934,
      "E605\\E605-13.5Q18.csv": 0.7929612496049969,
      "E605\\E605-7Q8.csv": 0.22914156307480466,
      "E605\\E605-8Q9.csv": 0.45858174376748956,
      "E772\\E772-11Q12.csv": 1.6410083651515528,
      "E772\\E772-12Q13.csv": 2.263778042375679,
      "E772\\E772-13Q14.csv": 2.572951898847712,
      "E772\\E772-14Q15.csv": 0.2173093866022735,
      "LHCb_7\\LHCb7.csv": 0.8752864027953845,
      "LHCb_8\\LHCb8.csv": 0.45803436236295647,
      "LHCb_13\\LHCb13.csv": 0.784304885753879,
      "STAR\\STAR510.csv": 1.3576898523335308
    },
    "high_energy_rows": [
      {
        "file": "CMS_13\\CMS13-170Q350.csv",
        "chi2dN": 1.0743067778133824,
        "N": 10,
        "ratio_1": 1.0783120253404905,
        "data_1": 0.0344,
        "pred_1": 0.037093933671712875,
        "ratio_2": 1.0940008981585045,
        "data_2": 0.0781,
        "pred_2": 0.0854414701461792,
        "ratio_3": 1.0842179875416131,
        "data_3": 0.0902,
        "pred_3": 0.09779646247625351
      },
      {
        "file": "CMS_13\\CMS13-350Q1000.csv",
        "chi2dN": 1.5511563817372604,
        "N": 11,
        "ratio_1": 1.117060677062313,
        "data_1": 0.00238,
        "pred_1": 0.002658604411408305,
        "ratio_2": 1.1327969882868034,
        "data_2": 0.00565,
        "pred_2": 0.006400302983820438,
        "ratio_3": 1.1050242275127526,
        "data_3": 0.00699,
        "pred_3": 0.00772411935031414
      },
      {
        "file": "ATLAS_8\\ATLAS8-00y04.csv",
        "chi2dN": 2.7562506537593054,
        "N": 6,
        "ratio_1": 0.9917873233822104,
        "data_1": 3.257,
        "pred_1": 3.2302513122558594,
        "ratio_2": 0.994465787565701,
        "data_2": 6.708,
        "pred_2": 6.670876502990723,
        "ratio_3": 1.0034078496319927,
        "data_3": 6.714,
        "pred_3": 6.736880302429199
      },
      {
        "file": "ATLAS_8\\ATLAS8-04y08.csv",
        "chi2dN": 1.0934150643017808,
        "N": 6,
        "ratio_1": 0.9874100639198685,
        "data_1": 3.219,
        "pred_1": 3.1784729957580566,
        "ratio_2": 0.991212528861876,
        "data_2": 6.676,
        "pred_2": 6.617334842681885,
        "ratio_3": 0.995193689252036,
        "data_3": 6.737,
        "pred_3": 6.704619884490967
      },
      {
        "file": "LHCb_8\\LHCb8.csv",
        "chi2dN": 0.45803436236295647,
        "N": 7,
        "ratio_1": 0.9521620796344821,
        "data_1": 3.592273,
        "pred_1": 3.4204261302948,
        "ratio_2": 0.9603842231921715,
        "data_2": 6.420833,
        "pred_2": 6.16646671295166,
        "ratio_3": 0.9706893009382569,
        "data_3": 6.340833,
        "pred_3": 6.1549787521362305
      }
    ]
  },
  "fit": {
    "elapsed_s": 50.93351740000071,
    "nf": 630,
    "flag": 1,
    "free_params": [
      0.5000062513669895,
      0.6375489408698165,
      0.003061476709528055,
      -4.567125070093803,
      0.33728124327062436,
      -0.4435051394753855,
      0.2927080993031362,
      0.36033935823919405,
      1.4635429813745975,
      0.0777659286858277,
      0.024392813970038583
    ],
    "log10_chi2": -0.08892913927075875,
    "stage1": [
      {
        "start_id": 0,
        "log10_chi2": -0.08290376306641058,
        "nf": 60,
        "flag": 1
      },
      {
        "start_id": 1,
        "log10_chi2": -0.06886017178670174,
        "nf": 60,
        "flag": 1
      },
      {
        "start_id": 2,
        "log10_chi2": 0.05082691794639642,
        "nf": 60,
        "flag": 1
      }
    ],
    "stage2": [
      {
        "log10_chi2": -0.08890524172670258,
        "nf": 180,
        "flag": 1
      },
      {
        "log10_chi2": -0.07858345775786012,
        "nf": 180,
        "flag": 1
      }
    ],
    "polish_nf": 90
  },