{
  "candidate": "xb_bump_logb_mult",
  "fit_name": "XBBumpLogBMult",
  "param_names": [
    "lambda1",
    "lambda2",
    "lambda4",
    "logx0",
    "sigx",
    "amp",
    "logb0",
    "sigb",
    "axb",
    "BNP",
    "c0",
    "c1"
  ],
  "free_idx": [
    0,
    1,
    2,
    3,
    4,
    5,
    6,
    7,
    8,
    9,
    10,
    11
  ],
  "frozen_idx": [],
  "initial": {
    "full_params": [
      0.5436808685,
      0.6247890378,
      0.02465039808,
      -4.580855224,
      0.33536604,
      -0.4851695281,
      -0.2876820725,
      0.45,
      0.0,
      1.416278699,
      0.0793882165,
      0.02228433755
    ],
    "free_params": [
      0.5436808685,
      0.6247890378,
      0.02465039808,
      -4.580855224,
      0.33536604,
      -0.4851695281,
      -0.2876820725,
      0.45,
      0.0,
      1.416278699,
      0.0793882165,
      0.02228433755
    ],
    "metrics": {
      "chi2dN_total": 0.8262322693063288,
      "chi2dN_collider": 0.8873008446500942,
      "chi2dN_fixed_target": 0.7438822207367067,
      "highE_weighted_chi2dN": 1.3527534308680145,
      "highE_mean_ratio_first3": 1.030541720325064,
      "highE_mean_absdev_first3": 0.05143436776006474,
      "highE_mean_signed_first3": 0.03054172032506389,
      "highE_mean_shortfall_first3": 0.010446323717500428,
      "highE_mean_overshoot_first3": 0.040988044042564314,
      "cms_highmass_mean_ratio_first3": 1.1019021233308581,
      "cms_highmass_mean_absdev_first3": 0.10190212333085828,
      "cms_highmass_mean_signed_first3": 0.10190212333085828,
      "zlike_mean_ratio_first3": 0.9829681183212009,
      "zlike_mean_absdev_first3": 0.017789197379535722,
      "zlike_mean_signed_first3": -0.017031881678799037,
      "compute_s": 0.0388499
    },
    "per_file_chi2dN": {
      "ATLAS_7\\ATLAS7-00y10.csv": 0.45347870747693664,
      "ATLAS_7\\ATLAS7-10y20.csv": 3.245539059986387,
      "ATLAS_7\\ATLAS7-20y24.csv": 1.342322340797535,
      "ATLAS_8\\ATLAS8-00y04.csv": 2.7562590332612946,
      "ATLAS_8\\ATLAS8-04y08.csv": 1.0934182498275067,
      "ATLAS_8\\ATLAS8-08y12.csv": 0.5329126264361618,
      "ATLAS_8\\ATLAS8-116Q150.csv": 0.5492359415483851,
      "ATLAS_8\\ATLAS8-12y16.csv": 1.5809294195935089,
      "ATLAS_8\\ATLAS8-16y20.csv": 1.0303933926268398,
      "ATLAS_8\\ATLAS8-20y24.csv": 0.9379671303756103,
      "ATLAS_8\\ATLAS8-46Q66.csv": 0.4825429419644298,
      "CDF_I\\CDF1.csv": 0.5118247935605749,
      "CDF_II\\CDF2.csv": 0.7660693293239375,
      "CMS_7\\CMS7.csv": 1.4385187979526284,
      "CMS_8\\CMS8.csv": 0.7470676911025642,
      "CMS_13\\CMS13-00y04.csv": 1.372642874445487,
      "CMS_13\\CMS13-04y08.csv": 0.8458455652532897,
      "CMS_13\\CMS13-08y12.csv": 0.4502511547622141,
      "CMS_13\\CMS13-106Q170.csv": 0.8115513154863795,
      "CMS_13\\CMS13-12y16.csv": 0.23916741869748492,
      "CMS_13\\CMS13-16y24.csv": 0.2589661170929785,
      "CMS_13\\CMS13-170Q350.csv": 1.0743085587483838,
      "CMS_13\\CMS13-350Q1000.csv": 1.5511576736149773,
      "D0_I\\D01.csv": 0.5933113798907098,
      "D0_II\\D02.csv": 0.6850974474576226,
      "D0_II_mu\\D02mu.csv": 0.3167063686231772,
      "E288\\E228-200-4Q5.csv": 0.5530262740066874,
      "E288\\E228-200-5Q6.csv": 0.32045077049627624,
      "E288\\E228-200-6Q7.csv": 0.30714039392082276,
      "E288\\E228-200-7Q8.csv": 0.16020445851521536,
      "E288\\E228-200-8Q9.csv": 0.54370600032355,
      "E288\\E228-300-11Q12.csv": 0.2953543345984799,
      "E288\\E228-300-4Q5.csv": 1.5143733285120868,
      "E288\\E228-300-5Q6.csv": 0.22063686106869412,
      "E288\\E228-300-6Q7.csv": 0.42501922262904923,
      "E288\\E228-300-7Q8.csv": 0.09842921192674962,
      "E288\\E228-300-8Q9.csv": 1.151871410718769,
      "E288\\E228-400-11Q12.csv": 0.6895505677266447,
      "E288\\E228-400-12Q13.csv": 0.8636233343783433,
      "E288\\E228-400-13Q14.csv": 0.5667837652321644,
      "E288\\E228-400-5Q6.csv": 0.8206950181645054,
      "E288\\E228-400-6Q7.csv": 1.4163732127789253,
      "E288\\E228-400-7Q8.csv": 0.4632730926510235,
      "E288\\E228-400-8Q9.csv": 0.797977940724085,
      "E605\\E605-10.5Q11.5.csv": 0.1957310342010081,
      "E605\\E605-11.5Q13.5.csv": 0.381059156303257,
      "E605\\E605-13.5Q18.csv": 0.7929617886582304,
      "E605\\E605-7Q8.csv": 0.2291418600092798,
      "E605\\E605-8Q9.csv": 0.4585826810892232,
      "E772\\E772-11Q12.csv": 1.6410090424383108,
      "E772\\E772-12Q13.csv": 2.2637769834461903,
      "E772\\E772-13Q14.csv": 2.5729522157149147,
      "E772\\E772-14Q15.csv": 0.217309266423239,
      "LHCb_7\\LHCb7.csv": 0.8752882906107594,
      "LHCb_8\\LHCb8.csv": 0.4580362198484557,
      "LHCb_13\\LHCb13.csv": 0.7843080873290817,
      "STAR\\STAR510.csv": 1.3576894000870545
    },
    "high_energy_rows": [
      {
        "file": "CMS_13\\CMS13-170Q350.csv",
        "chi2dN": 1.0743085587483838,
        "N": 10,
        "ratio_1": 1.0783122419271358,
        "data_1": 0.0344,
        "pred_1": 0.03709394112229347,
        "ratio_2": 1.0940009935564634,
        "data_2": 0.0781,
        "pred_2": 0.0854414775967598,
        "ratio_3": 1.0842179875416131,
        "data_3": 0.0902,
        "pred_3": 0.09779646247625351
      },
      {
        "file": "CMS_13\\CMS13-350Q1000.csv",
        "chi2dN": 1.5511576736149773,
        "N": 11,
        "ratio_1": 1.1170603835783084,
        "data_1": 0.00238,
        "pred_1": 0.002658603712916374,
        "ratio_2": 1.1327969058688763,
        "data_2": 0.00565,
        "pred_2": 0.006400302518159151,
        "ratio_3": 1.1050242275127526,
        "data_3": 0.00699,
        "pred_3": 0.00772411935031414
      },
      {
        "file": "ATLAS_8\\ATLAS8-00y04.csv",
        "chi2dN": 2.7562590332612946,
        "N": 6,
        "ratio_1": 0.9917874697860047,
        "data_1": 3.257,
        "pred_1": 3.2302517890930176,
        "ratio_2": 0.9944659297353964,
        "data_2": 6.708,
        "pred_2": 6.670877456665039,
        "ratio_3": 1.003407920653315,
        "data_3": 6.714,
        "pred_3": 6.736880779266357
      },
      {
        "file": "ATLAS_8\\ATLAS8-04y08.csv",
        "chi2dN": 1.0934182498275067,
        "N": 6,
        "ratio_1": 0.9874099898538297,
        "data_1": 3.219,
        "pred_1": 3.1784727573394775,
        "ratio_2": 0.9912124574362982,
        "data_2": 6.676,
        "pred_2": 6.617334365844727,
        "ratio_3": 0.9951937600308928,
        "data_3": 6.737,
        "pred_3": 6.704620361328125
      },
      {
        "file": "LHCb_8\\LHCb8.csv",
        "chi2dN": 0.4580362198484557,
        "N": 7,
        "ratio_1": 0.9521620132646434,
        "data_1": 3.592273,
        "pred_1": 3.4204258918762207,
        "ratio_2": 0.9603842231921715,
        "data_2": 6.420833,
        "pred_2": 6.16646671295166,
        "ratio_3": 0.9706893009382569,
        "data_3": 6.340833,
        "pred_3": 6.1549787521362305
      }
    ]
  },
  "fit": {
    "elapsed_s": 50.9419467000007,
    "nf": 630,
    "flag": 1,
    "free_params": [
      0.5914687931303926,
      0.520716902811154,
      0.0762176579776016,
      -4.613710396543794,
      0.267061786301425,
      -0.8031793305909738,
      0.4715161410499613,
      0.5000343195503354,
      -0.28806666014225146,
      1.4179476097835497,
      0.09016632923859161,
      0.027244578597688987
    ],
    "log10_chi2": -0.09433801920949174,
    "stage1": [
      {
        "start_id": 0,
        "log10_chi2": -0.08399825135236684,
        "nf": 60,
        "flag": 1
      },
      {
        "start_id": 1,
        "log10_chi2": -0.05770689707642088,
        "nf": 60,
        "flag": 1
      },
      {
        "start_id": 2,
        "log10_chi2": 0.012811674181828252,
        "nf": 60,
        "flag": 1
      }
    ],
    "stage2": [
      {
        "log10_chi2": -0.093603973357139,
        "nf": 180,
        "flag": 1
      },
      {
        "log10_chi2": -0.08916553070812781,
        "nf": 180,
        "flag": 1
      }
    ],
    "polish_nf": 90
  },