{
  "candidate": "xb_bump_logb_shape",
  "fit_name": "XBBumpLogBShape",
  "param_names": [
    "lambda1",
    "lambda2",
    "lambda4",
    "logx0",
    "sigx",
    "amp",
    "logb0",
    "sigb",
    "axb",
    "BNP",
    "c0",
    "c1"
  ],
  "free_idx": [
    0,
    1,
    2,
    3,
    4,
    5,
    6,
    7,
    8,
    9,
    10,
    11
  ],
  "frozen_idx": [],
  "initial": {
    "full_params": [
      0.5436808685,
      0.6247890378,
      0.02465039808,
      -4.580855224,
      0.33536604,
      -0.4851695281,
      -0.2876820725,
      0.45,
      0.0,
      1.416278699,
      0.0793882165,
      0.02228433755
    ],
    "free_params": [
      0.5436808685,
      0.6247890378,
      0.02465039808,
      -4.580855224,
      0.33536604,
      -0.4851695281,
      -0.2876820725,
      0.45,
      0.0,
      1.416278699,
      0.0793882165,
      0.02228433755
    ],
    "metrics": {
      "chi2dN_total": 0.8262317675511722,
      "chi2dN_collider": 0.8872996488854696,
      "chi2dN_fixed_target": 0.7438826548428014,
      "highE_weighted_chi2dN": 1.3527609223503334,
      "highE_mean_ratio_first3": 1.0305416923499018,
      "highE_mean_absdev_first3": 0.051434330096052375,
      "highE_mean_signed_first3": 0.030541692349901776,
      "highE_mean_shortfall_first3": 0.0104463188730753,
      "highE_mean_overshoot_first3": 0.04098801122297708,
      "cms_highmass_mean_ratio_first3": 1.1019020176081162,
      "cms_highmass_mean_absdev_first3": 0.10190201760811608,
      "cms_highmass_mean_signed_first3": 0.10190201760811608,
      "zlike_mean_ratio_first3": 0.982968142177759,
      "zlike_mean_absdev_first3": 0.0177892050880099,
      "zlike_mean_signed_first3": -0.0170318578222411,
      "compute_s": 0.0389304
    },
    "per_file_chi2dN": {
      "ATLAS_7\\ATLAS7-00y10.csv": 0.4534611835762307,
      "ATLAS_7\\ATLAS7-10y20.csv": 3.2455538217821407,
      "ATLAS_7\\ATLAS7-20y24.csv": 1.3423170992758677,
      "ATLAS_8\\ATLAS8-00y04.csv": 2.7562946909091086,
      "ATLAS_8\\ATLAS8-04y08.csv": 1.093443493497573,
      "ATLAS_8\\ATLAS8-08y12.csv": 0.5328902306372036,
      "ATLAS_8\\ATLAS8-116Q150.csv": 0.5492379303580206,
      "ATLAS_8\\ATLAS8-12y16.csv": 1.5809255917265779,
      "ATLAS_8\\ATLAS8-16y20.csv": 1.0303726915650726,
      "ATLAS_8\\ATLAS8-20y24.csv": 0.9379554982208108,
      "ATLAS_8\\ATLAS8-46Q66.csv": 0.482534262154687,
      "CDF_I\\CDF1.csv": 0.5118251066392195,
      "CDF_II\\CDF2.csv": 0.7660673758957065,
      "CMS_7\\CMS7.csv": 1.4385161776885282,
      "CMS_8\\CMS8.csv": 0.7470677420342575,
      "CMS_13\\CMS13-00y04.csv": 1.3726169501103733,
      "CMS_13\\CMS13-04y08.csv": 0.8458511728793423,
      "CMS_13\\CMS13-08y12.csv": 0.4502593422352721,
      "CMS_13\\CMS13-106Q170.csv": 0.8115558181956825,
      "CMS_13\\CMS13-12y16.csv": 0.23916439423060545,
      "CMS_13\\CMS13-16y24.csv": 0.25896769932900116,
      "CMS_13\\CMS13-170Q350.csv": 1.0743063372298072,
      "CMS_13\\CMS13-350Q1000.csv": 1.5511562775613916,
      "D0_I\\D01.csv": 0.5933121025195458,
      "D0_II\\D02.csv": 0.6850972329508942,
      "D0_II_mu\\D02mu.csv": 0.3167096360619465,
      "E288\\E228-200-4Q5.csv": 0.5530287061070174,
      "E288\\E228-200-5Q6.csv": 0.3204505159115988,
      "E288\\E228-200-6Q7.csv": 0.3071401635790429,
      "E288\\E228-200-7Q8.csv": 0.1602048008566403,
      "E288\\E228-200-8Q9.csv": 0.5437062531849317,
      "E288\\E228-300-11Q12.csv": 0.2953543198662925,
      "E288\\E228-300-4Q5.csv": 1.5143776647200713,
      "E288\\E228-300-5Q6.csv": 0.22063663791906604,
      "E288\\E228-300-6Q7.csv": 0.4250203417320042,
      "E288\\E228-300-7Q8.csv": 0.09842913709976334,
      "E288\\E228-300-8Q9.csv": 1.151870346199663,
      "E288\\E228-400-11Q12.csv": 0.6895508283643107,
      "E288\\E228-400-12Q13.csv": 0.8636234238391235,
      "E288\\E228-400-13Q14.csv": 0.5667840287413185,
      "E288\\E228-400-5Q6.csv": 0.8206933332070705,
      "E288\\E228-400-6Q7.csv": 1.416376433743823,
      "E288\\E228-400-7Q8.csv": 0.46328003286578306,
      "E288\\E228-400-8Q9.csv": 0.7979746281997887,
      "E605\\E605-10.5Q11.5.csv": 0.1957317049336011,
      "E605\\E605-11.5Q13.5.csv": 0.38105869948335874,
      "E605\\E605-13.5Q18.csv": 0.7929611774969199,
      "E605\\E605-7Q8.csv": 0.22914196206731077,
      "E605\\E605-8Q9.csv": 0.45858253039432306,
      "E772\\E772-11Q12.csv": 1.6410099072777309,
      "E772\\E772-12Q13.csv": 2.263778958456279,
      "E772\\E772-13Q14.csv": 2.5729526996032113,
      "E772\\E772-14Q15.csv": 0.21730928841805427,
      "LHCb_7\\LHCb7.csv": 0.8752839777901471,
      "LHCb_8\\LHCb8.csv": 0.4580321945856949,
      "LHCb_13\\LHCb13.csv": 0.784308685562112,
      "STAR\\STAR510.csv": 1.357689613093553
    },
    "high_energy_rows": [
      {
        "file": "CMS_13\\CMS13-170Q350.csv",
        "chi2dN": 1.0743063372298072,
        "N": 10,
        "ratio_1": 1.0783118087538452,
        "data_1": 0.0344,
        "pred_1": 0.03709392622113228,
        "ratio_2": 1.0940006119646275,
        "data_2": 0.0781,
        "pred_2": 0.08544144779443741,
        "ratio_3": 1.084218070142285,
        "data_3": 0.0902,
        "pred_3": 0.0977964699268341
      },
      {
        "file": "CMS_13\\CMS13-350Q1000.csv",
        "chi2dN": 1.5511562775613916,
        "N": 11,
        "ratio_1": 1.1170604814063099,
        "data_1": 0.00238,
        "pred_1": 0.002658603945747018,
        "ratio_2": 1.1327969058688763,
        "data_2": 0.00565,
        "pred_2": 0.006400302518159151,
        "ratio_3": 1.1050242275127526,
        "data_3": 0.00699,
        "pred_3": 0.00772411935031414
      },
      {
        "file": "ATLAS_8\\ATLAS8-00y04.csv",
        "chi2dN": 2.7562946909091086,
        "N": 6,
        "ratio_1": 0.9917874697860047,
        "data_1": 3.257,
        "pred_1": 3.2302517890930176,
        "ratio_2": 0.9944659297353964,
        "data_2": 6.708,
        "pred_2": 6.670877456665039,
        "ratio_3": 1.0034080626959596,
        "data_3": 6.714,
        "pred_3": 6.736881732940674
      },
      {
        "file": "ATLAS_8\\ATLAS8-04y08.csv",
        "chi2dN": 1.093443493497573,
        "N": 6,
        "ratio_1": 0.9874097676557131,
        "data_1": 3.219,
        "pred_1": 3.1784720420837402,
        "ratio_2": 0.991212600287454,
        "data_2": 6.676,
        "pred_2": 6.617335319519043,
        "ratio_3": 0.995193689252036,
        "data_3": 6.737,
        "pred_3": 6.704619884490967
      },
      {
        "file": "LHCb_8\\LHCb8.csv",
        "chi2dN": 0.4580321945856949,
        "N": 7,
        "ratio_1": 0.9521620132646434,
        "data_1": 3.592273,
        "pred_1": 3.4204258918762207,
        "ratio_2": 0.960384445984366,
        "data_2": 6.420833,
        "pred_2": 6.166468143463135,
        "ratio_3": 0.9706893009382569,
        "data_3": 6.340833,
        "pred_3": 6.1549787521362305
      }
    ]
  },
  "fit": {
    "elapsed_s": 50.761488300000565,
    "nf": 630,
    "flag": 1,
    "free_params": [
      0.47574222985821885,
      0.7405996615167252,
      0.0014817918862322088,
      -4.60743853878592,
      0.23164420011558748,
      0.2520411014832753,
      0.0680327222017878,
      0.5460671522749185,
      -0.548456350826281,
      1.3443858389441494,
      0.08026005818708672,
      0.029525850965018138
    ],
    "log10_chi2": -0.08931036366899849,
    "stage1": [
      {
        "start_id": 0,
        "log10_chi2": -0.08289904632196302,
        "nf": 60,
        "flag": 1
      },
      {
        "start_id": 1,
        "log10_chi2": -0.06336587067286165,
        "nf": 60,
        "flag": 1
      },
      {
        "start_id": 2,
        "log10_chi2": -0.019737357012518546,
        "nf": 60,
        "flag": 1
      }
    ],
    "stage2": [
      {
        "log10_chi2": -0.08868056339394847,
        "nf": 180,
        "flag": 1
      },
      {
        "log10_chi2": -0.08291204092664285,
        "nf": 180,
        "flag": 1
      }
    ],
    "polish_nf": 90
  },