param_i,param_j,corr,abs_corr
lambda1,lambda3,-0.9698408119183382,0.9698408119183382
lambda3,amp,0.9287514147663368,0.9287514147663368
lambda1,amp,-0.9112206993321277,0.9112206993321277
lambda3,BNP,-0.9059891841443767,0.9059891841443767
lambda1,BNP,0.844755529521427,0.844755529521427
amp,BNP,-0.8109011951510412,0.8109011951510412
lambda1,c0,-0.7949752210251082,0.7949752210251082
lambda3,c0,0.7324170345221556,0.7324170345221556
lambda1,sigx,0.704708396574194,0.704708396574194
BNP,c0,-0.7033653080552178,0.7033653080552178
lambda3,sigx,-0.6879269169849994,0.6879269169849994
sigx,c0,-0.6852113921336089,0.6852113921336089
amp,c0,0.638099861720104,0.638099861720104
sigx,BNP,0.6329371782705746,0.6329371782705746
sigx,amp,-0.6118488933328979,0.6118488933328979
logx0,sigx,0.5174568786831023,0.5174568786831023
