{
  "candidate": "poly_bstar_cslog_loggauss",
  "fit_name": "PolyBstarCSLogLogGauss",
  "param_names": [
    "lambda1",
    "lambda2",
    "lambda3",
    "lambda4",
    "alpha",
    "logx0",
    "sigx",
    "amp",
    "BNP",
    "c0",
    "c1"
  ],
  "free_idx": [
    0,
    1,
    2,
    3,
    4,
    5,
    6,
    7,
    8,
    9,
    10
  ],
  "frozen_idx": [],
  "initial": {
    "full_params": [
      1.040680487,
      0.9985009691,
      -1.151838359,
      0.190079828,
      0.8742210338,
      -3.912023005,
      0.7,
      0.0,
      1.522705468,
      0.08189228181,
      0.02028404704
    ],
    "free_params": [
      1.040680487,
      0.9985009691,
      -1.151838359,
      0.190079828,
      0.8742210338,
      -3.912023005,
      0.7,
      0.0,
      1.522705468,
      0.08189228181,
      0.02028404704
    ],
    "metrics": {
      "chi2dN_total": 0.8355851060258903,
      "chi2dN_collider": 0.9006915170199506,
      "chi2dN_fixed_target": 0.7477900972611725,
      "highE_weighted_chi2dN": 1.5022302901557343,
      "highE_mean_ratio_first3": 1.027768324494429,
      "highE_mean_absdev_first3": 0.05276571510107908,
      "highE_mean_signed_first3": 0.027768324494428936,
      "highE_mean_shortfall_first3": 0.012498695303325072,
      "highE_mean_overshoot_first3": 0.04026701979775401,
      "cms_highmass_mean_ratio_first3": 1.0998544326247697,
      "cms_highmass_mean_absdev_first3": 0.09985443262476963,
      "cms_highmass_mean_signed_first3": 0.09985443262476963,
      "zlike_mean_ratio_first3": 0.9797109190742018,
      "zlike_mean_absdev_first3": 0.021373236751952043,
      "zlike_mean_signed_first3": -0.0202890809257982,
      "compute_s": 0.0461125
    },
    "per_file_chi2dN": {
      "ATLAS_7\\ATLAS7-00y10.csv": 0.4217823343512445,
      "ATLAS_7\\ATLAS7-10y20.csv": 3.4163554919134644,
      "ATLAS_7\\ATLAS7-20y24.csv": 1.316023039889913,
      "ATLAS_8\\ATLAS8-00y04.csv": 3.522964237634552,
      "ATLAS_8\\ATLAS8-04y08.csv": 1.145334588390396,
      "ATLAS_8\\ATLAS8-08y12.csv": 0.7646382929382879,
      "ATLAS_8\\ATLAS8-116Q150.csv": 0.5472618421380152,
      "ATLAS_8\\ATLAS8-12y16.csv": 1.241400782303278,
      "ATLAS_8\\ATLAS8-16y20.csv": 0.9928796528675349,
      "ATLAS_8\\ATLAS8-20y24.csv": 0.9115665225826222,
      "ATLAS_8\\ATLAS8-46Q66.csv": 0.3434137610537977,
      "CDF_I\\CDF1.csv": 0.49471946034483344,
      "CDF_II\\CDF2.csv": 0.7585110925267363,
      "CMS_7\\CMS7.csv": 1.4436230992296126,
      "CMS_8\\CMS8.csv": 0.7368813034335931,
      "CMS_13\\CMS13-00y04.csv": 1.3991055286945573,
      "CMS_13\\CMS13-04y08.csv": 0.8482645117787977,
      "CMS_13\\CMS13-08y12.csv": 0.4666329466044742,
      "CMS_13\\CMS13-106Q170.csv": 0.8196838722399467,
      "CMS_13\\CMS13-12y16.csv": 0.25620082185725834,
      "CMS_13\\CMS13-16y24.csv": 0.26371403090530665,
      "CMS_13\\CMS13-170Q350.csv": 1.0645729344471608,
      "CMS_13\\CMS13-350Q1000.csv": 1.5503196911543482,
      "D0_I\\D01.csv": 0.6139585204068755,
      "D0_II\\D02.csv": 0.6289100380199909,
      "D0_II_mu\\D02mu.csv": 0.31194419564713904,
      "E288\\E228-200-4Q5.csv": 0.45852677274785725,
      "E288\\E228-200-5Q6.csv": 0.30991597086477285,
      "E288\\E228-200-6Q7.csv": 0.32187693614383245,
      "E288\\E228-200-7Q8.csv": 0.13755578436117175,
      "E288\\E228-200-8Q9.csv": 0.46326050419404624,
      "E288\\E228-300-11Q12.csv": 0.28523605070299124,
      "E288\\E228-300-4Q5.csv": 1.3952434762231665,
      "E288\\E228-300-5Q6.csv": 0.26229302046048253,
      "E288\\E228-300-6Q7.csv": 0.29591327527976946,
      "E288\\E228-300-7Q8.csv": 0.11060726202989826,
      "E288\\E228-300-8Q9.csv": 1.1196396119544658,
      "E288\\E228-400-11Q12.csv": 0.6879994205730544,
      "E288\\E228-400-12Q13.csv": 0.8742745713180442,
      "E288\\E228-400-13Q14.csv": 0.5762285547635574,
      "E288\\E228-400-5Q6.csv": 0.7444453707573312,
      "E288\\E228-400-6Q7.csv": 1.2498104844288829,
      "E288\\E228-400-7Q8.csv": 0.5536181731306313,
      "E288\\E228-400-8Q9.csv": 0.7883127348090927,
      "E605\\E605-10.5Q11.5.csv": 0.22944878196987903,
      "E605\\E605-11.5Q13.5.csv": 0.45561540407791573,
      "E605\\E605-13.5Q18.csv": 0.899398899027219,
      "E605\\E605-7Q8.csv": 0.24209205779173706,
      "E605\\E605-8Q9.csv": 0.42999659709501425,
      "E772\\E772-11Q12.csv": 1.6750055632713707,
      "E772\\E772-12Q13.csv": 2.406802805211335,
      "E772\\E772-13Q14.csv": 2.4958618154039867,
      "E772\\E772-14Q15.csv": 0.21760912945128075,
      "LHCb_7\\LHCb7.csv": 0.871424468502551,
      "LHCb_8\\LHCb8.csv": 0.6257389575586061,
      "LHCb_13\\LHCb13.csv": 0.6534448684152423,
      "STAR\\STAR510.csv": 1.2463044506483076
    },
    "high_energy_rows": [
      {
        "file": "CMS_13\\CMS13-170Q350.csv",
        "chi2dN": 1.0645729344471608,
        "N": 10,
        "ratio_1": 1.0763801807580993,
        "data_1": 0.0344,
        "pred_1": 0.03702747821807861,
        "ratio_2": 1.0932976244048487,
        "data_2": 0.0781,
        "pred_2": 0.08538654446601868,
        "ratio_3": 1.0840382484797628,
        "data_3": 0.0902,
        "pred_3": 0.0977802500128746
      },
      {
        "file": "CMS_13\\CMS13-350Q1000.csv",
        "chi2dN": 1.5503196911543482,
        "N": 11,
        "ratio_1": 1.1109949496551221,
        "data_1": 0.00238,
        "pred_1": 0.0026441679801791906,
        "ratio_2": 1.1299677456902193,
        "data_2": 0.00565,
        "pred_2": 0.006384317763149738,
        "ratio_3": 1.1044478467605656,
        "data_3": 0.00699,
        "pred_3": 0.007720090448856354
      },
      {
        "file": "ATLAS_8\\ATLAS8-00y04.csv",
        "chi2dN": 3.522964237634552,
        "N": 6,
        "ratio_1": 0.9784253418793296,
        "data_1": 3.257,
        "pred_1": 3.1867313385009766,
        "ratio_2": 0.9911598445548851,
        "data_2": 6.708,
        "pred_2": 6.64870023727417,
        "ratio_3": 1.0048787012176923,
        "data_3": 6.714,
        "pred_3": 6.746755599975586
      },
      {
        "file": "ATLAS_8\\ATLAS8-04y08.csv",
        "chi2dN": 1.145334588390396,
        "N": 6,
        "ratio_1": 0.9891051392852983,
        "data_1": 3.219,
        "pred_1": 3.183929443359375,
        "ratio_2": 0.9921086341624776,
        "data_2": 6.676,
        "pred_2": 6.623317241668701,
        "ratio_3": 0.994964436534889,
        "data_3": 6.737,
        "pred_3": 6.703075408935547
      },
      {
        "file": "LHCb_8\\LHCb8.csv",
        "chi2dN": 0.6257389575586061,
        "N": 7,
        "ratio_1": 0.9370186063081382,
        "data_1": 3.592273,
        "pred_1": 3.3660266399383545,
        "ratio_2": 0.9564749628192865,
        "data_2": 6.420833,
        "pred_2": 6.141366004943848,
        "ratio_3": 0.9732626049058196,
        "data_3": 6.340833,
        "pred_3": 6.171295642852783
      }
    ]
  },
  "fit": {
    "elapsed_s": 829.5145008999971,
    "nf": 8565,
    "flag": 0,
    "free_params": [
      0.751883428893113,
      0.9840752354288097,
      -0.6172880226225335,
      0.05598309300855231,
      0.8028845311874077,
      -4.5259178459660365,
      0.341294297696657,
      -0.3378471615809575,
      1.622536409156806,
      0.07495203925467542,
      0.019929072687546494
    ],
    "log10_chi2": -0.0850432795392572,
    "stage1": [
      {
        "start_id": 17,
        "log10_chi2": -0.08133413454705683,
        "nf": 240,
        "flag": 1
      },
      {
        "start_id": 7,
        "log10_chi2": -0.08012478087637408,
        "nf": 240,
        "flag": 1
      },
      {
        "start_id": 9,
        "log10_chi2": -0.07872319316791909,
        "nf": 240,
        "flag": 1
      },
      {
        "start_id": 11,
        "log10_chi2": -0.07864700087760669,
        "nf": 240,
        "flag": 1
      },
      {
        "start_id": 8,
        "log10_chi2": -0.07856151779171594,
        "nf": 240,
        "flag": 1
      },
      {
        "start_id": 0,
        "log10_chi2": -0.07838029714071622,
        "nf": 240,