{
  "candidate": "basis_sqrtx_log",
  "fit_name": "BasisSqrtXLog",
  "param_names": [
    "lambda1",
    "lambda2",
    "lambda4",
    "logx0",
    "sigx",
    "amp",
    "BNP",
    "c0",
    "c1"
  ],
  "free_idx": [
    0,
    1,
    2,
    3,
    4,
    5,
    6,
    7,
    8
  ],
  "frozen_idx": [],
  "initial": {
    "full_params": [
      0.5436808685,
      0.6247890378,
      0.02465039808,
      -4.580855224,
      0.33536604,
      -0.4851695281,
      1.416278699,
      0.0793882165,
      0.02228433755
    ],
    "free_params": [
      0.5436808685,
      0.6247890378,
      0.02465039808,
      -4.580855224,
      0.33536604,
      -0.4851695281,
      1.416278699,
      0.0793882165,
      0.02228433755
    ],
    "metrics": {
      "chi2dN_total": 0.8333940928641573,
      "chi2dN_collider": 0.8853917722059957,
      "chi2dN_fixed_target": 0.7632760101153154,
      "highE_weighted_chi2dN": 1.3566214511828931,
      "highE_mean_ratio_first3": 1.0300679428870736,
      "highE_mean_absdev_first3": 0.05145634886833241,
      "highE_mean_signed_first3": 0.03006794288707375,
      "highE_mean_shortfall_first3": 0.010694202990629332,
      "highE_mean_overshoot_first3": 0.04076214587770308,
      "cms_highmass_mean_ratio_first3": 1.1013337439943787,
      "cms_highmass_mean_absdev_first3": 0.10133374399437871,
      "cms_highmass_mean_signed_first3": 0.10133374399437871,
      "zlike_mean_ratio_first3": 0.9825574088155372,
      "zlike_mean_absdev_first3": 0.018204752117634886,
      "zlike_mean_signed_first3": -0.017442591184462883,
      "compute_s": 0.0433079
    },
    "per_file_chi2dN": {
      "ATLAS_7\\ATLAS7-00y10.csv": 0.4434674356151722,
      "ATLAS_7\\ATLAS7-10y20.csv": 3.2112486278798986,
      "ATLAS_7\\ATLAS7-20y24.csv": 1.2920762574444453,
      "ATLAS_8\\ATLAS8-00y04.csv": 2.761057571594965,
      "ATLAS_8\\ATLAS8-04y08.csv": 1.099335069913193,
      "ATLAS_8\\ATLAS8-08y12.csv": 0.5384040482581037,
      "ATLAS_8\\ATLAS8-116Q150.csv": 0.5467830111813933,
      "ATLAS_8\\ATLAS8-12y16.csv": 1.6407346252440096,
      "ATLAS_8\\ATLAS8-16y20.csv": 1.0323741198755159,
      "ATLAS_8\\ATLAS8-20y24.csv": 0.9652744303416592,
      "ATLAS_8\\ATLAS8-46Q66.csv": 0.5058096457881811,
      "CDF_I\\CDF1.csv": 0.5050010020561125,
      "CDF_II\\CDF2.csv": 0.7626042828396625,
      "CMS_7\\CMS7.csv": 1.4345640275715823,
      "CMS_8\\CMS8.csv": 0.754688603917712,
      "CMS_13\\CMS13-00y04.csv": 1.3729476556736655,
      "CMS_13\\CMS13-04y08.csv": 0.8461713077886497,
      "CMS_13\\CMS13-08y12.csv": 0.44962402611817254,
      "CMS_13\\CMS13-106Q170.csv": 0.8058366309302608,
      "CMS_13\\CMS13-12y16.csv": 0.23826991919366744,
      "CMS_13\\CMS13-16y24.csv": 0.2567383893543942,
      "CMS_13\\CMS13-170Q350.csv": 1.070736599687272,
      "CMS_13\\CMS13-350Q1000.csv": 1.5515059477741173,
      "D0_I\\D01.csv": 0.6008122592684254,
      "D0_II\\D02.csv": 0.6568564256307011,
      "D0_II_mu\\D02mu.csv": 0.3150824749417463,
      "E288\\E228-200-4Q5.csv": 0.6394838901219387,
      "E288\\E228-200-5Q6.csv": 0.33321411905085463,
      "E288\\E228-200-6Q7.csv": 0.27941503472453627,
      "E288\\E228-200-7Q8.csv": 0.17886410879200554,
      "E288\\E228-200-8Q9.csv": 0.5155027648861917,
      "E288\\E228-300-11Q12.csv": 0.2929551544037555,
      "E288\\E228-300-4Q5.csv": 1.56319751070066,
      "E288\\E228-300-5Q6.csv": 0.19471016300524766,
      "E288\\E228-300-6Q7.csv": 0.6234245177187604,
      "E288\\E228-300-7Q8.csv": 0.07332153228237169,
      "E288\\E228-300-8Q9.csv": 0.9848049012810536,
      "E288\\E228-400-11Q12.csv": 0.6989838405679991,
      "E288\\E228-400-12Q13.csv": 0.8475749676854605,
      "E288\\E228-400-13Q14.csv": 0.5731053120224815,
      "E288\\E228-400-5Q6.csv": 0.8506493537030491,
      "E288\\E228-400-6Q7.csv": 1.7205892067836137,
      "E288\\E228-400-7Q8.csv": 0.3136846170155793,
      "E288\\E228-400-8Q9.csv": 0.7821886881459565,
      "E605\\E605-10.5Q11.5.csv": 0.23414240205158793,
      "E605\\E605-11.5Q13.5.csv": 0.4236999692942176,
      "E605\\E605-13.5Q18.csv": 0.8680452231569153,
      "E605\\E605-7Q8.csv": 0.2312462710137726,
      "E605\\E605-8Q9.csv": 0.41430626297412015,
      "E772\\E772-11Q12.csv": 1.7192731704584996,
      "E772\\E772-12Q13.csv": 2.3758605008852274,
      "E772\\E772-13Q14.csv": 2.567916766435574,
      "E772\\E772-14Q15.csv": 0.21795883616105746,
      "LHCb_7\\LHCb7.csv": 0.8723806184195745,
      "LHCb_8\\LHCb8.csv": 0.4755101108398244,
      "LHCb_13\\LHCb13.csv": 0.7694255982875516,
      "STAR\\STAR510.csv": 1.3255197365248992
    },
    "high_energy_rows": [
      {
        "file": "CMS_13\\CMS13-170Q350.csv",
        "chi2dN": 1.070736599687272,
        "N": 10,
        "ratio_1": 1.0772925520012544,
        "data_1": 0.0344,
        "pred_1": 0.037058863788843155,
        "ratio_2": 1.093592690291997,
        "data_2": 0.0781,
        "pred_2": 0.08540958911180496,
        "ratio_3": 1.084224430394014,
        "data_3": 0.0902,
        "pred_3": 0.09779704362154007
      },
      {
        "file": "CMS_13\\CMS13-350Q1000.csv",
        "chi2dN": 1.5515059477741173,
        "N": 11,
        "ratio_1": 1.1157551623818251,
        "data_1": 0.00238,
        "pred_1": 0.0026554972864687443,
        "ratio_2": 1.1321852824329275,
        "data_2": 0.00565,
        "pred_2": 0.00639684684574604,
        "ratio_3": 1.104952346464254,
        "data_3": 0.00699,
        "pred_3": 0.007723616901785135
      },
      {
        "file": "ATLAS_8\\ATLAS8-00y04.csv",
        "chi2dN": 2.761057571594965,
        "N": 6,
        "ratio_1": 0.991597291257142,
        "data_1": 3.257,
        "pred_1": 3.2296323776245117,
        "ratio_2": 0.9944143221359845,
        "data_2": 6.708,
        "pred_2": 6.670531272888184,
        "ratio_3": 1.003429724199274,
        "data_3": 6.714,
        "pred_3": 6.737027168273926
      },
      {
        "file": "ATLAS_8\\ATLAS8-04y08.csv",
        "chi2dN": 1.099335069913193,
        "N": 6,
        "ratio_1": 0.9864861641510854,
        "data_1": 3.219,
        "pred_1": 3.1754989624023438,
        "ratio_2": 0.990940897389041,
        "data_2": 6.676,
        "pred_2": 6.615521430969238,
        "ratio_3": 0.995294761459534,
        "data_3": 6.737,
        "pred_3": 6.705300807952881
      },
      {
        "file": "LHCb_8\\LHCb8.csv",
        "chi2dN": 0.4755101108398244,
        "N": 7,
        "ratio_1": 0.9500791286208694,
        "data_1": 3.592273,
        "pred_1": 3.4129436016082764,
        "ratio_2": 0.9598048149583331,
        "data_2": 6.420833,
        "pred_2": 6.162746429443359,
        "ratio_3": 0.9709695751685706,
        "data_3": 6.340833,
        "pred_3": 6.1567559242248535
      }
    ]
  },
  "fit": {
    "elapsed_s": 44.10157549999985,
    "nf": 525,
    "flag": 1,
    "free_params": [
      0.5527263703153307,
      0.5972271350465055,
      0.0274507271704294,
      -4.594066183531979,
      0.31900944299870715,
      -0.47805405316751703,
      1.395414594318309,
      0.07944241943307276,
      0.022825719221084832
    ],
    "log10_chi2": -0.08261831307534374,
    "stage1": [
      {
        "start_id": 0,
        "log10_chi2": -0.0824042275994459,
        "nf": 50,
        "flag": 1
      },
      {
        "start_id": 1,
        "log10_chi2": -0.0797517302254203,
        "nf": 50,
        "flag": 1
      },
      {
        "start_id": 2,
        "log10_chi2": -0.06714677775927137,
        "nf": 50,
        "flag": 1
      }
    ],
    "stage2": [
      {
        "log10_chi2": -0.08259378947710305,
        "nf": 150,
        "flag": 1
      },
      {
        "log10_chi2": -0.08238138148175438,
        "nf": 150,
        "flag": 1
      }
    ],
    "polish_nf": 75
  },