{
  "candidate": "basis_sqrtx_softlog",
  "fit_name": "BasisSqrtXSoftLog",
  "param_names": [
    "lambda1",
    "lambda2",
    "lambda4",
    "logx0",
    "sigx",
    "amp",
    "BNP",
    "c0",
    "c1"
  ],
  "free_idx": [
    0,
    1,
    2,
    3,
    4,
    5,
    6,
    7,
    8
  ],
  "frozen_idx": [],
  "initial": {
    "full_params": [
      0.5436808685,
      0.6247890378,
      0.02465039808,
      -4.580855224,
      0.33536604,
      -0.4851695281,
      1.416278699,
      0.0793882165,
      0.02228433755
    ],
    "free_params": [
      0.5436808685,
      0.6247890378,
      0.02465039808,
      -4.580855224,
      0.33536604,
      -0.4851695281,
      1.416278699,
      0.0793882165,
      0.02228433755
    ],
    "metrics": {
      "chi2dN_total": 0.8361590656047833,
      "chi2dN_collider": 0.8893311707901208,
      "chi2dN_fixed_target": 0.7644572874003129,
      "highE_weighted_chi2dN": 1.369869059877216,
      "highE_mean_ratio_first3": 1.0292950571943957,
      "highE_mean_absdev_first3": 0.0518646195957936,
      "highE_mean_signed_first3": 0.029295057194395572,
      "highE_mean_shortfall_first3": 0.011284781200699015,
      "highE_mean_overshoot_first3": 0.04057983839509459,
      "cms_highmass_mean_ratio_first3": 1.1008713703048796,
      "cms_highmass_mean_absdev_first3": 0.10087137030487969,
      "cms_highmass_mean_signed_first3": 0.10087137030487969,
      "zlike_mean_ratio_first3": 0.9815775151207394,
      "zlike_mean_absdev_first3": 0.019193452456402877,
      "zlike_mean_signed_first3": -0.018422484879260508,
      "compute_s": 0.0403557
    },
    "per_file_chi2dN": {
      "ATLAS_7\\ATLAS7-00y10.csv": 0.4321766107233009,
      "ATLAS_7\\ATLAS7-10y20.csv": 3.1585610322661446,
      "ATLAS_7\\ATLAS7-20y24.csv": 1.1936184358375612,
      "ATLAS_8\\ATLAS8-00y04.csv": 2.770156187692871,
      "ATLAS_8\\ATLAS8-04y08.csv": 1.1206950811685281,
      "ATLAS_8\\ATLAS8-08y12.csv": 0.566100419709171,
      "ATLAS_8\\ATLAS8-116Q150.csv": 0.5441369870206362,
      "ATLAS_8\\ATLAS8-12y16.csv": 1.793453126331386,
      "ATLAS_8\\ATLAS8-16y20.csv": 1.0542336396831204,
      "ATLAS_8\\ATLAS8-20y24.csv": 1.0405919806087682,
      "ATLAS_8\\ATLAS8-46Q66.csv": 0.606418133223949,
      "CDF_I\\CDF1.csv": 0.5030207332573121,
      "CDF_II\\CDF2.csv": 0.7622784205740138,
      "CMS_7\\CMS7.csv": 1.428338835386732,
      "CMS_8\\CMS8.csv": 0.7710498357780184,
      "CMS_13\\CMS13-00y04.csv": 1.3750943072151052,
      "CMS_13\\CMS13-04y08.csv": 0.8486829885649776,
      "CMS_13\\CMS13-08y12.csv": 0.4484595478153449,
      "CMS_13\\CMS13-106Q170.csv": 0.7919932903525809,
      "CMS_13\\CMS13-12y16.csv": 0.23642114634311756,
      "CMS_13\\CMS13-16y24.csv": 0.2503112211816227,
      "CMS_13\\CMS13-170Q350.csv": 1.0663706561468889,
      "CMS_13\\CMS13-350Q1000.csv": 1.5516901319475849,
      "D0_I\\D01.csv": 0.6032235150852909,
      "D0_II\\D02.csv": 0.6475450999963909,
      "D0_II_mu\\D02mu.csv": 0.3157786185908013,
      "E288\\E228-200-4Q5.csv": 0.6436799516249225,
      "E288\\E228-200-5Q6.csv": 0.3340645816405991,
      "E288\\E228-200-6Q7.csv": 0.2792982567526072,
      "E288\\E228-200-7Q8.csv": 0.17968376850058565,
      "E288\\E228-200-8Q9.csv": 0.5150151500417838,
      "E288\\E228-300-11Q12.csv": 0.29292324613493703,
      "E288\\E228-300-4Q5.csv": 1.5659954073309266,
      "E288\\E228-300-5Q6.csv": 0.19415843080513623,
      "E288\\E228-300-6Q7.csv": 0.6308543248779439,
      "E288\\E228-300-7Q8.csv": 0.07327880774519857,
      "E288\\E228-300-8Q9.csv": 0.9810175197397137,
      "E288\\E228-400-11Q12.csv": 0.6992529454819064,
      "E288\\E228-400-12Q13.csv": 0.8473221443589743,
      "E288\\E228-400-13Q14.csv": 0.5732155984871644,
      "E288\\E228-400-5Q6.csv": 0.852847316783104,
      "E288\\E228-400-6Q7.csv": 1.735638514958613,
      "E288\\E228-400-7Q8.csv": 0.31171788793067734,
      "E288\\E228-400-8Q9.csv": 0.7838454376880667,
      "E605\\E605-10.5Q11.5.csv": 0.2356604074665775,
      "E605\\E605-11.5Q13.5.csv": 0.4251183021092825,
      "E605\\E605-13.5Q18.csv": 0.8697408588137557,
      "E605\\E605-7Q8.csv": 0.23158111725097652,
      "E605\\E605-8Q9.csv": 0.4126411866601717,
      "E772\\E772-11Q12.csv": 1.721944189919013,
      "E772\\E772-12Q13.csv": 2.3791973442555854,
      "E772\\E772-13Q14.csv": 2.567880769498163,
      "E772\\E772-14Q15.csv": 0.2179858751262805,
      "LHCb_7\\LHCb7.csv": 0.8702851012062359,
      "LHCb_8\\LHCb8.csv": 0.5310509670039896,
      "LHCb_13\\LHCb13.csv": 0.7243319054162919,
      "STAR\\STAR510.csv": 1.3235085291887738
    },
    "high_energy_rows": [
      {
        "file": "CMS_13\\CMS13-170Q350.csv",
        "chi2dN": 1.0663706561468889,
        "N": 10,
        "ratio_1": 1.075943000614643,
        "data_1": 0.0344,
        "pred_1": 0.03701243922114372,
        "ratio_2": 1.093065044180837,
        "data_2": 0.0781,
        "pred_2": 0.08536837995052338,
        "ratio_3": 1.084240207122329,
        "data_3": 0.0902,
        "pred_3": 0.09779846668243408
      },
      {
        "file": "CMS_13\\CMS13-350Q1000.csv",
        "chi2dN": 1.5516901319475849,
        "N": 11,
        "ratio_1": 1.1151501940203312,
        "data_1": 0.00238,
        "pred_1": 0.0026540574617683887,
        "ratio_2": 1.1319068746756664,
        "data_2": 0.00565,
        "pred_2": 0.006395273841917515,
        "ratio_3": 1.1049229012154715,
        "data_3": 0.00699,
        "pred_3": 0.007723411079496145
      },
      {
        "file": "ATLAS_8\\ATLAS8-00y04.csv",
        "chi2dN": 2.770156187692871,
        "N": 6,
        "ratio_1": 0.9912498750531458,
        "data_1": 3.257,
        "pred_1": 3.2285008430480957,
        "ratio_2": 0.9943206323067489,
        "data_2": 6.708,
        "pred_2": 6.669902801513672,
        "ratio_3": 1.0034693540971407,
        "data_3": 6.714,
        "pred_3": 6.737293243408203
      },
      {
        "file": "ATLAS_8\\ATLAS8-04y08.csv",
        "chi2dN": 1.1206950811685281,
        "N": 6,
        "ratio_1": 0.9847146526335485,
        "data_1": 3.219,
        "pred_1": 3.1697964668273926,
        "ratio_2": 0.9904217762887085,
        "data_2": 6.676,
        "pred_2": 6.612055778503418,
        "ratio_3": 0.995489120200283,
        "data_3": 6.737,
        "pred_3": 6.706610202789307
      },
      {
        "file": "LHCb_8\\LHCb8.csv",
        "chi2dN": 0.5310509670039896,
        "N": 7,
        "ratio_1": 0.944438156931474,
        "data_1": 3.592273,
        "pred_1": 3.3926796913146973,
        "ratio_2": 0.9583069830346873,
        "data_2": 6.420833,
        "pred_2": 6.1531291007995605,
        "ratio_3": 0.9717870855409186,
        "data_3": 6.340833,
        "pred_3": 6.16193962097168
      }
    ]
  },
  "fit": {
    "elapsed_s": 44.04276969999955,
    "nf": 525,
    "flag": 1,
    "free_params": [
      0.5473487341597425,
      0.6009525356690031,
      0.034532831096810046,
      -4.579699353442001,
      0.3270537976398921,
      -0.4667278334617595,
      1.4298609895649212,
      0.07930061803959605,
      0.02184602620970228
    ],
    "log10_chi2": -0.08283208768473872,
    "stage1": [
      {
        "start_id": 0,
        "log10_chi2": -0.0821696661948992,
        "nf": 50,
        "flag": 1
      },
      {
        "start_id": 1,
        "log10_chi2": -0.0536006614976786,
        "nf": 50,
        "flag": 1
      },
      {
        "start_id": 2,
        "log10_chi2": -0.05104898052423525,
        "nf": 50,
        "flag": 1
      }
    ],
    "stage2": [
      {
        "log10_chi2": -0.08280024074880901,
        "nf": 150,
        "flag": 1
      },
      {
        "log10_chi2": -0.08140477794259156,
        "nf": 150,
        "flag": 1
      }
    ],
    "polish_nf": 75
  },