{
  "candidate": "basis_x_softlog",
  "fit_name": "BasisXSoftLog",
  "param_names": [
    "lambda1",
    "lambda2",
    "lambda4",
    "logx0",
    "sigx",
    "amp",
    "BNP",
    "c0",
    "c1"
  ],
  "free_idx": [
    0,
    1,
    2,
    3,
    4,
    5,
    6,
    7,
    8
  ],
  "frozen_idx": [],
  "initial": {
    "full_params": [
      0.5436808685,
      0.6247890378,
      0.02465039808,
      -4.580855224,
      0.33536604,
      -0.4851695281,
      1.416278699,
      0.0793882165,
      0.02228433755
    ],
    "free_params": [
      0.5436808685,
      0.6247890378,
      0.02465039808,
      -4.580855224,
      0.33536604,
      -0.4851695281,
      1.416278699,
      0.0793882165,
      0.02228433755
    ],
    "metrics": {
      "chi2dN_total": 0.8272749994996144,
      "chi2dN_collider": 0.8889329183078806,
      "chi2dN_fixed_target": 0.7441302301975584,
      "highE_weighted_chi2dN": 1.3638895912007647,
      "highE_mean_ratio_first3": 1.0297817272569694,
      "highE_mean_absdev_first3": 0.05183769486381243,
      "highE_mean_signed_first3": 0.029781727256969103,
      "highE_mean_shortfall_first3": 0.011027983803421662,
      "highE_mean_overshoot_first3": 0.04080971106039077,
      "cms_highmass_mean_ratio_first3": 1.1014504434532184,
      "cms_highmass_mean_absdev_first3": 0.10145044345321826,
      "cms_highmass_mean_signed_first3": 0.10145044345321826,
      "zlike_mean_ratio_first3": 0.9820025831261364,
      "zlike_mean_absdev_first3": 0.018762529137541877,
      "zlike_mean_signed_first3": -0.017997416873863668,
      "compute_s": 0.0393942
    },
    "per_file_chi2dN": {
      "ATLAS_7\\ATLAS7-00y10.csv": 0.43947612599135893,
      "ATLAS_7\\ATLAS7-10y20.csv": 3.1814879591585554,
      "ATLAS_7\\ATLAS7-20y24.csv": 1.2381877950504308,
      "ATLAS_8\\ATLAS8-00y04.csv": 2.7640266236727142,
      "ATLAS_8\\ATLAS8-04y08.csv": 1.107800174158472,
      "ATLAS_8\\ATLAS8-08y12.csv": 0.5504611164162235,
      "ATLAS_8\\ATLAS8-116Q150.csv": 0.5462858575330071,
      "ATLAS_8\\ATLAS8-12y16.csv": 1.719188977587705,
      "ATLAS_8\\ATLAS8-16y20.csv": 1.0405385830458713,
      "ATLAS_8\\ATLAS8-20y24.csv": 1.0052003412840043,
      "ATLAS_8\\ATLAS8-46Q66.csv": 0.5791307980467602,
      "CDF_I\\CDF1.csv": 0.5097583023614104,
      "CDF_II\\CDF2.csv": 0.764509732475758,
      "CMS_7\\CMS7.csv": 1.4319541549594392,
      "CMS_8\\CMS8.csv": 0.7629870191529082,
      "CMS_13\\CMS13-00y04.csv": 1.3744689886625043,
      "CMS_13\\CMS13-04y08.csv": 0.8481142033399457,
      "CMS_13\\CMS13-08y12.csv": 0.44853952292122934,
      "CMS_13\\CMS13-106Q170.csv": 0.7967567363569588,
      "CMS_13\\CMS13-12y16.csv": 0.23676971150902734,
      "CMS_13\\CMS13-16y24.csv": 0.25204840185541716,
      "CMS_13\\CMS13-170Q350.csv": 1.0698805216942424,
      "CMS_13\\CMS13-350Q1000.csv": 1.5513216245863084,
      "D0_I\\D01.csv": 0.5953936299530435,
      "D0_II\\D02.csv": 0.6756007134806206,
      "D0_II_mu\\D02mu.csv": 0.31553927346368527,
      "E288\\E228-200-4Q5.csv": 0.557069307191269,
      "E288\\E228-200-5Q6.csv": 0.32054041766124786,
      "E288\\E228-200-6Q7.csv": 0.30553426980198095,
      "E288\\E228-200-7Q8.csv": 0.1603456394612058,
      "E288\\E228-200-8Q9.csv": 0.5429460151999741,
      "E288\\E228-300-11Q12.csv": 0.2953049372697115,
      "E288\\E228-300-4Q5.csv": 1.517107640967381,
      "E288\\E228-300-5Q6.csv": 0.21892743422382038,
      "E288\\E228-300-6Q7.csv": 0.43153985247932164,
      "E288\\E228-300-7Q8.csv": 0.09696600261253872,
      "E288\\E228-300-8Q9.csv": 1.1471884770456862,
      "E288\\E228-400-11Q12.csv": 0.6896516048922937,
      "E288\\E228-400-12Q13.csv": 0.8632907250711197,
      "E288\\E228-400-13Q14.csv": 0.5669013138218504,
      "E288\\E228-400-5Q6.csv": 0.8215389947953078,
      "E288\\E228-400-6Q7.csv": 1.4259949422300606,
      "E288\\E228-400-7Q8.csv": 0.4550352234071392,
      "E288\\E228-400-8Q9.csv": 0.7953231050703405,
      "E605\\E605-10.5Q11.5.csv": 0.19667297452583343,
      "E605\\E605-11.5Q13.5.csv": 0.3819880200993682,
      "E605\\E605-13.5Q18.csv": 0.7945682148984794,
      "E605\\E605-7Q8.csv": 0.2290465994621121,
      "E605\\E605-8Q9.csv": 0.45623590714605233,
      "E772\\E772-11Q12.csv": 1.643475799296196,
      "E772\\E772-12Q13.csv": 2.266969828358347,
      "E772\\E772-13Q14.csv": 2.572734393041497,
      "E772\\E772-14Q15.csv": 0.21731336280911104,
      "LHCb_7\\LHCb7.csv": 0.8697129333037762,
      "LHCb_8\\LHCb8.csv": 0.5087542533788075,
      "LHCb_13\\LHCb13.csv": 0.7363120082124188,
      "STAR\\STAR510.csv": 1.3556672286025508
    },
    "high_energy_rows": [
      {
        "file": "CMS_13\\CMS13-170Q350.csv",
        "chi2dN": 1.0698805216942424,
        "N": 10,
        "ratio_1": 1.0769856487249219,
        "data_1": 0.0344,
        "pred_1": 0.037048306316137314,
        "ratio_2": 1.0934857491799719,
        "data_2": 0.0781,
        "pred_2": 0.08540123701095581,
        "ratio_3": 1.0842353336826924,
        "data_3": 0.0902,
        "pred_3": 0.09779802709817886
      },
      {
        "file": "CMS_13\\CMS13-350Q1000.csv",
        "chi2dN": 1.5513216245863084,
        "N": 11,
        "ratio_1": 1.116471752493071,
        "data_1": 0.00238,
        "pred_1": 0.002657202770933509,
        "ratio_2": 1.1325277289194344,
        "data_2": 0.00565,
        "pred_2": 0.006398781668394804,
        "ratio_3": 1.104996447719218,
        "data_3": 0.00699,
        "pred_3": 0.007723925169557333
      },
      {
        "file": "ATLAS_8\\ATLAS8-00y04.csv",
        "chi2dN": 2.7640266236727142,
        "N": 6,
        "ratio_1": 0.9914830230956506,
        "data_1": 3.257,
        "pred_1": 3.229260206222534,
        "ratio_2": 0.9943838978211795,
        "data_2": 6.708,
        "pred_2": 6.670327186584473,
        "ratio_3": 1.003443005186552,
        "data_3": 6.714,
        "pred_3": 6.73711633682251
      },
      {
        "file": "ATLAS_8\\ATLAS8-04y08.csv",
        "chi2dN": 1.107800174158472,
        "N": 6,
        "ratio_1": 0.9856732893745587,
        "data_1": 3.219,
        "pred_1": 3.172882318496704,
        "ratio_2": 0.9907067643446148,
        "data_2": 6.676,
        "pred_2": 6.613958358764648,
        "ratio_3": 0.9953847921653726,
        "data_3": 6.737,
        "pred_3": 6.705907344818115
      },
      {
        "file": "LHCb_8\\LHCb8.csv",
        "chi2dN": 0.5087542533788075,
        "N": 7,
        "ratio_1": 0.9465134090438129,
        "data_1": 3.592273,
        "pred_1": 3.400134563446045,
        "ratio_2": 0.9589120123708935,
        "data_2": 6.420833,
        "pred_2": 6.157013893127441,
        "ratio_3": 0.9715230547325925,
        "data_3": 6.340833,
        "pred_3": 6.1602654457092285
      }
    ]
  },
  "fit": {
    "elapsed_s": 44.321011,
    "nf": 525,
    "flag": 1,
    "free_params": [
      0.5370685170481068,
      0.6498689665786284,
      0.026822104503598232,
      -4.596340602139166,
      0.327781812840934,
      -0.47773234157426625,
      1.4130693939474912,
      0.07928629147722258,
      0.02257997343429697
    ],
    "log10_chi2": -0.08299587654373655,
    "stage1": [
      {
        "start_id": 0,
        "log10_chi2": -0.08277430851811753,
        "nf": 50,
        "flag": 1
      },
      {
        "start_id": 1,
        "log10_chi2": -0.010690755055439528,
        "nf": 50,
        "flag": 1
      },
      {
        "start_id": 2,
        "log10_chi2": 0.15678709901170393,
        "nf": 50,
        "flag": 1
      }
    ],
    "stage2": [
      {
        "log10_chi2": -0.08297293022261239,
        "nf": 150,
        "flag": 1
      },
      {
        "log10_chi2": -0.06123343197511129,
        "nf": 150,
        "flag": 1
      }
    ],
    "polish_nf": 75
  },