{
  "candidate": "basis_powerseed_baseline",
  "fit_name": "BasisPowerSeedBaseline",
  "param_names": [
    "lambda1",
    "lambda2",
    "lambda4",
    "logx0",
    "sigx",
    "amp",
    "BNP",
    "c0",
    "c1"
  ],
  "free_idx": [
    0,
    1,
    2,
    3,
    4,
    5,
    6,
    7,
    8
  ],
  "frozen_idx": [],
  "initial": {
    "full_params": [
      0.5436808685,
      0.6247890378,
      0.02465039808,
      -4.580855224,
      0.33536604,
      -0.4851695281,
      1.416278699,
      0.0793882165,
      0.02228433755
    ],
    "free_params": [
      0.5436808685,
      0.6247890378,
      0.02465039808,
      -4.580855224,
      0.33536604,
      -0.4851695281,
      1.416278699,
      0.0793882165,
      0.02228433755
    ],
    "metrics": {
      "chi2dN_total": 0.8262312182370031,
      "chi2dN_collider": 0.8872986992718539,
      "chi2dN_fixed_target": 0.7438826453263702,
      "highE_weighted_chi2dN": 1.352753910342025,
      "highE_mean_ratio_first3": 1.0305417357259894,
      "highE_mean_absdev_first3": 0.05143442104490068,
      "highE_mean_signed_first3": 0.030541735725989474,
      "highE_mean_shortfall_first3": 0.010446342659455602,
      "highE_mean_overshoot_first3": 0.040988078385445076,
      "cms_highmass_mean_ratio_first3": 1.1019022091880601,
      "cms_highmass_mean_absdev_first3": 0.10190220918806019,
      "cms_highmass_mean_signed_first3": 0.10190220918806019,
      "zlike_mean_ratio_first3": 0.9829680867512758,
      "zlike_mean_absdev_first3": 0.017789228949461014,
      "zlike_mean_signed_first3": -0.01703191324872433,
      "compute_s": 0.0432996
    },
    "per_file_chi2dN": {
      "ATLAS_7\\ATLAS7-00y10.csv": 0.453448838742188,
      "ATLAS_7\\ATLAS7-10y20.csv": 3.2455692651160852,
      "ATLAS_7\\ATLAS7-20y24.csv": 1.3423286452623355,
      "ATLAS_8\\ATLAS8-00y04.csv": 2.756248881484781,
      "ATLAS_8\\ATLAS8-04y08.csv": 1.0934342746383836,
      "ATLAS_8\\ATLAS8-08y12.csv": 0.5328887307541665,
      "ATLAS_8\\ATLAS8-116Q150.csv": 0.5492335102648118,
      "ATLAS_8\\ATLAS8-12y16.csv": 1.580910240565404,
      "ATLAS_8\\ATLAS8-16y20.csv": 1.0303933502070042,
      "ATLAS_8\\ATLAS8-20y24.csv": 0.9379311107486213,
      "ATLAS_8\\ATLAS8-46Q66.csv": 0.4825405027326267,
      "CDF_I\\CDF1.csv": 0.5118247103032864,
      "CDF_II\\CDF2.csv": 0.7660694186918521,
      "CMS_7\\CMS7.csv": 1.438513239846707,
      "CMS_8\\CMS8.csv": 0.747067241980965,
      "CMS_13\\CMS13-00y04.csv": 1.372631526382191,
      "CMS_13\\CMS13-04y08.csv": 0.8458402994586168,
      "CMS_13\\CMS13-08y12.csv": 0.45025694174669356,
      "CMS_13\\CMS13-106Q170.csv": 0.8115554939943355,
      "CMS_13\\CMS13-12y16.csv": 0.23916688281051382,
      "CMS_13\\CMS13-16y24.csv": 0.2589668490776952,
      "CMS_13\\CMS13-170Q350.csv": 1.0743086016746566,
      "CMS_13\\CMS13-350Q1000.csv": 1.5511574969815014,
      "D0_I\\D01.csv": 0.5933127476244621,
      "D0_II\\D02.csv": 0.6850981012162249,
      "D0_II_mu\\D02mu.csv": 0.31671038726013206,
      "E288\\E228-200-4Q5.csv": 0.5530280370157248,
      "E288\\E228-200-5Q6.csv": 0.32045014672158856,
      "E288\\E228-200-6Q7.csv": 0.30713914571398904,
      "E288\\E228-200-7Q8.csv": 0.16020420096599347,
      "E288\\E228-200-8Q9.csv": 0.5437063663618319,
      "E288\\E228-300-11Q12.csv": 0.29535417016387205,
      "E288\\E228-300-4Q5.csv": 1.5143766368781242,
      "E288\\E228-300-5Q6.csv": 0.22063746976755927,
      "E288\\E228-300-6Q7.csv": 0.4250190823051951,
      "E288\\E228-300-7Q8.csv": 0.09842947555147914,
      "E288\\E228-300-8Q9.csv": 1.1518709060839236,
      "E288\\E228-400-11Q12.csv": 0.6895507287510327,
      "E288\\E228-400-12Q13.csv": 0.8636235254715632,
      "E288\\E228-400-13Q14.csv": 0.5667838950109116,
      "E288\\E228-400-5Q6.csv": 0.8206891169403571,
      "E288\\E228-400-6Q7.csv": 1.4163789172534298,
      "E288\\E228-400-7Q8.csv": 0.46328149060247126,
      "E288\\E228-400-8Q9.csv": 0.7979779265772166,
      "E605\\E605-10.5Q11.5.csv": 0.19573124141839987,
      "E605\\E605-11.5Q13.5.csv": 0.3810589492638136,
      "E605\\E605-13.5Q18.csv": 0.792962075588079,
      "E605\\E605-7Q8.csv": 0.22914173401260376,
      "E605\\E605-8Q9.csv": 0.45858277057839636,
      "E772\\E772-11Q12.csv": 1.6410087697965297,
      "E772\\E772-12Q13.csv": 2.2637779001444995,
      "E772\\E772-13Q14.csv": 2.5729516360071796,
      "E772\\E772-14Q15.csv": 0.21730922203845304,
      "LHCb_7\\LHCb7.csv": 0.8752859242983552,
      "LHCb_8\\LHCb8.csv": 0.458034141914132,
      "LHCb_13\\LHCb13.csv": 0.784305244562952,
      "STAR\\STAR510.csv": 1.3576901818680003
    },
    "high_energy_rows": [
      {
        "file": "CMS_13\\CMS13-170Q350.csv",
        "chi2dN": 1.0743086016746566,
        "N": 10,
        "ratio_1": 1.0783122419271358,
        "data_1": 0.0344,
        "pred_1": 0.03709394112229347,
        "ratio_2": 1.0940008027605455,
        "data_2": 0.0781,
        "pred_2": 0.0854414626955986,
        "ratio_3": 1.0842181527429569,
        "data_3": 0.0902,
        "pred_3": 0.0977964773774147
      },
      {
        "file": "CMS_13\\CMS13-350Q1000.csv",
        "chi2dN": 1.5511574969815014,
        "N": 11,
        "ratio_1": 1.117060677062313,
        "data_1": 0.00238,
        "pred_1": 0.002658604411408305,
        "ratio_2": 1.1327971531226573,
        "data_2": 0.00565,
        "pred_2": 0.006400303915143013,
        "ratio_3": 1.1050242275127526,
        "data_3": 0.00699,
        "pred_3": 0.00772411935031414
      },
      {
        "file": "ATLAS_8\\ATLAS8-00y04.csv",
        "chi2dN": 2.756248881484781,
        "N": 6,
        "ratio_1": 0.9917872501803132,
        "data_1": 3.257,
        "pred_1": 3.2302510738372803,
        "ratio_2": 0.9944658586505487,
        "data_2": 6.708,
        "pred_2": 6.670876979827881,
        "ratio_3": 1.003407920653315,
        "data_3": 6.714,
        "pred_3": 6.736880779266357
      },
      {
        "file": "ATLAS_8\\ATLAS8-04y08.csv",
        "chi2dN": 1.0934342746383836,
        "N": 6,
        "ratio_1": 0.9874101379859074,
        "data_1": 3.219,
        "pred_1": 3.1784732341766357,
        "ratio_2": 0.9912124574362982,
        "data_2": 6.676,
        "pred_2": 6.617334365844727,
        "ratio_3": 0.9951937600308928,
        "data_3": 6.737,
        "pred_3": 6.704620361328125
      },
      {
        "file": "LHCb_8\\LHCb8.csv",
        "chi2dN": 0.458034141914132,
        "N": 7,
        "ratio_1": 0.9521619468948049,
        "data_1": 3.592273,
        "pred_1": 3.4204256534576416,
        "ratio_2": 0.9603842231921715,
        "data_2": 6.420833,
        "pred_2": 6.16646671295166,
        "ratio_3": 0.9706892257372293,
        "data_3": 6.340833,
        "pred_3": 6.154978275299072
      }
    ]
  },
  "fit": {
    "elapsed_s": 43.810308400000395,
    "nf": 525,
    "flag": 1,
    "free_params": [
      0.5387112391196186,
      0.6310082205942485,
      0.02361749387694423,
      -4.587115649150544,
      0.3261499968473518,
      -0.49074120750722816,
      1.4199489111590036,
      0.07929462046831984,
      0.022217808956567067
    ],
    "log10_chi2": -0.08294955135057601,
    "stage1": [
      {
        "start_id": 0,
        "log10_chi2": -0.08292783849325047,
        "nf": 50,
        "flag": 1
      },
      {
        "start_id": 1,
        "log10_chi2": -0.06606441031588367,
        "nf": 50,
        "flag": 1
      },
      {
        "start_id": 2,
        "log10_chi2": -0.02405523031162255,
        "nf": 50,
        "flag": 1
      }
    ],
    "stage2": [
      {
        "log10_chi2": -0.08293767402121421,
        "nf": 150,
        "flag": 1
      },
      {
        "log10_chi2": -0.0754042874380378,
        "nf": 150,
        "flag": 1
      }
    ],
    "polish_nf": 75
  },