{
  "candidate": "swap_sqrtlog",
  "fit_name": "SwapSqrtLog",
  "param_names": [
    "lambda1",
    "lambda2",
    "lambda4",
    "logx0",
    "sigx",
    "amp",
    "BNP",
    "c0",
    "c1"
  ],
  "free_idx": [
    0,
    1,
    2,
    3,
    4,
    5,
    6,
    7,
    8
  ],
  "frozen_idx": [],
  "initial": {
    "full_params": [
      0.5436808685,
      0.6247890378,
      0.02465039808,
      -4.580855224,
      0.33536604,
      -0.4851695281,
      1.416278699,
      0.0793882165,
      0.02228433755
    ],
    "free_params": [
      0.5436808685,
      0.6247890378,
      0.02465039808,
      -4.580855224,
      0.33536604,
      -0.4851695281,
      1.416278699,
      0.0793882165,
      0.02228433755
    ],
    "metrics": {
      "chi2dN_total": 0.9804953269589544,
      "chi2dN_collider": 1.0634213079898789,
      "chi2dN_fixed_target": 0.868670897993011,
      "highE_weighted_chi2dN": 1.609009791057186,
      "highE_mean_ratio_first3": 1.0231510721253483,
      "highE_mean_absdev_first3": 0.05333113164540936,
      "highE_mean_signed_first3": 0.02315107212534821,
      "highE_mean_shortfall_first3": 0.015090029760030576,
      "highE_mean_overshoot_first3": 0.038241101885378784,
      "cms_highmass_mean_ratio_first3": 1.094887221140729,
      "cms_highmass_mean_absdev_first3": 0.0948872211407293,
      "cms_highmass_mean_signed_first3": 0.0948872211407293,
      "zlike_mean_ratio_first3": 0.975326972781761,
      "zlike_mean_absdev_first3": 0.025627071981862735,
      "zlike_mean_signed_first3": -0.024673027218239187,
      "compute_s": 0.038706
    },
    "per_file_chi2dN": {
      "ATLAS_7\\ATLAS7-00y10.csv": 0.6663790120705114,
      "ATLAS_7\\ATLAS7-10y20.csv": 3.5210048022741276,
      "ATLAS_7\\ATLAS7-20y24.csv": 0.8881845354051988,
      "ATLAS_8\\ATLAS8-00y04.csv": 3.0853236661867327,
      "ATLAS_8\\ATLAS8-04y08.csv": 2.065233608386814,
      "ATLAS_8\\ATLAS8-08y12.csv": 1.6236573946725426,
      "ATLAS_8\\ATLAS8-116Q150.csv": 0.5453766224073441,
      "ATLAS_8\\ATLAS8-12y16.csv": 3.8091615711195286,
      "ATLAS_8\\ATLAS8-16y20.csv": 1.8024815517841015,
      "ATLAS_8\\ATLAS8-20y24.csv": 1.7775579853279655,
      "ATLAS_8\\ATLAS8-46Q66.csv": 1.5220206637859761,
      "CDF_I\\CDF1.csv": 0.47247755814429654,
      "CDF_II\\CDF2.csv": 0.8336658456944203,
      "CMS_7\\CMS7.csv": 1.4095688979769267,
      "CMS_8\\CMS8.csv": 0.9333859847801982,
      "CMS_13\\CMS13-00y04.csv": 1.4409502417208992,
      "CMS_13\\CMS13-04y08.csv": 0.8977229284935611,
      "CMS_13\\CMS13-08y12.csv": 0.4985959924804201,
      "CMS_13\\CMS13-106Q170.csv": 0.7885533594121084,
      "CMS_13\\CMS13-12y16.csv": 0.2700281115673435,
      "CMS_13\\CMS13-16y24.csv": 0.24677740819514768,
      "CMS_13\\CMS13-170Q350.csv": 1.0315836714917497,
      "CMS_13\\CMS13-350Q1000.csv": 1.555842857047872,
      "D0_I\\D01.csv": 0.6698271127690023,
      "D0_II\\D02.csv": 0.49513809941414755,
      "D0_II_mu\\D02mu.csv": 0.49286881817508266,
      "E288\\E228-200-4Q5.csv": 0.8556532505833244,
      "E288\\E228-200-5Q6.csv": 0.41051153986704225,
      "E288\\E228-200-6Q7.csv": 0.33027561008285206,
      "E288\\E228-200-7Q8.csv": 0.2589583835881089,
      "E288\\E228-200-8Q9.csv": 0.4926189836077787,
      "E288\\E228-300-11Q12.csv": 0.29116745222484164,
      "E288\\E228-300-4Q5.csv": 1.7001558571660087,
      "E288\\E228-300-5Q6.csv": 0.21629697624220467,
      "E288\\E228-300-6Q7.csv": 1.0760888785362175,
      "E288\\E228-300-7Q8.csv": 0.12832985764835855,
      "E288\\E228-300-8Q9.csv": 0.775176920942679,
      "E288\\E228-400-11Q12.csv": 0.7254053261676451,
      "E288\\E228-400-12Q13.csv": 0.8318248012889504,
      "E288\\E228-400-13Q14.csv": 0.5812352455195561,
      "E288\\E228-400-5Q6.csv": 1.013123378779871,
      "E288\\E228-400-6Q7.csv": 2.7438622751905863,
      "E288\\E228-400-7Q8.csv": 0.4577736924503461,
      "E288\\E228-400-8Q9.csv": 1.0591055878518234,
      "E605\\E605-10.5Q11.5.csv": 0.35173939117336306,
      "E605\\E605-11.5Q13.5.csv": 0.5367039426982659,
      "E605\\E605-13.5Q18.csv": 0.9902180572626608,
      "E605\\E605-7Q8.csv": 0.2699027867350711,
      "E605\\E605-8Q9.csv": 0.3608295700296641,
      "E772\\E772-11Q12.csv": 1.8847527245389601,
      "E772\\E772-12Q13.csv": 2.588037006651919,
      "E772\\E772-13Q14.csv": 2.57277929369306,
      "E772\\E772-14Q15.csv": 0.2209373752058139,
      "LHCb_7\\LHCb7.csv": 0.9494814755630844,
      "LHCb_8\\LHCb8.csv": 0.8609914074860099,
      "LHCb_13\\LHCb13.csv": 0.648033699323576,
      "STAR\\STAR510.csv": 1.2351634416742172
    },
    "high_energy_rows": [
      {
        "file": "CMS_13\\CMS13-170Q350.csv",
        "chi2dN": 1.0315836714917497,
        "N": 10,
        "ratio_1": 1.0620352140692777,
        "data_1": 0.0344,
        "pred_1": 0.036534011363983154,
        "ratio_2": 1.087250824774426,
        "data_2": 0.0781,
        "pred_2": 0.08491428941488266,
        "ratio_3": 1.0842279822229017,
        "data_3": 0.0902,
        "pred_3": 0.09779736399650574
      },
      {
        "file": "CMS_13\\CMS13-350Q1000.csv",
        "chi2dN": 1.555842857047872,
        "N": 11,
        "ratio_1": 1.1046796630160147,
        "data_1": 0.00238,
        "pred_1": 0.002629137597978115,
        "ratio_2": 1.126856468947588,
        "data_2": 0.00565,
        "pred_2": 0.006366739049553871,
        "ratio_3": 1.1042731738141678,
        "data_3": 0.00699,
        "pred_3": 0.007718869484961033
      },
      {
        "file": "ATLAS_8\\ATLAS8-00y04.csv",
        "chi2dN": 3.0853236661867327,
        "N": 6,
        "ratio_1": 0.9839759489345814,
        "data_1": 3.257,
        "pred_1": 3.2048096656799316,
        "ratio_2": 0.9923079359296822,
        "data_2": 6.708,
        "pred_2": 6.656401634216309,
        "ratio_3": 1.004293201436306,
        "data_3": 6.714,
        "pred_3": 6.742824554443359
      },
      {
        "file": "ATLAS_8\\ATLAS8-04y08.csv",
        "chi2dN": 2.065233608386814,
        "N": 6,
        "ratio_1": 0.9663276103536104,
        "data_1": 3.219,
        "pred_1": 3.1106085777282715,
        "ratio_2": 0.9845991631765577,
        "data_2": 6.676,
        "pred_2": 6.573184013366699,
        "ratio_3": 0.997398309083372,
        "data_3": 6.737,
        "pred_3": 6.719472408294678
      },
      {
        "file": "LHCb_8\\LHCb8.csv",
        "chi2dN": 0.8609914074860099,
        "N": 7,
        "ratio_1": 0.9233332783351295,
        "data_1": 3.592273,
        "pred_1": 3.3168652057647705,
        "ratio_2": 0.9516001953394889,
        "data_2": 6.420833,
        "pred_2": 6.110065937042236,
        "ratio_3": 0.9741071124471192,
        "data_3": 6.340833,
        "pred_3": 6.176650524139404
      }
    ]
  },
  "fit": {
    "elapsed_s": 53.64605649999976,
    "nf": 630,
    "flag": 1,
    "free_params": [
      0.42548235131407947,
      0.7467492622688591,
      0.027768331596480622,
      -4.638295854991339,
      0.3663223901464846,
      -0.31627537309503206,
      1.406244890318057,
      0.07707895086176546,
      0.02310208401120895
    ],
    "log10_chi2": -0.08183368750976996,
    "stage1": [
      {
        "start_id": 0,
        "log10_chi2": -0.07874226683507692,
        "nf": 60,
        "flag": 1
      },
      {
        "start_id": 1,
        "log10_chi2": -0.07511642676898057,
        "nf": 60,
        "flag": 1
      },
      {
        "start_id": 2,
        "log10_chi2": -0.06928014901472104,
        "nf": 60,
        "flag": 1
      }
    ],
    "stage2": [
      {
        "log10_chi2": -0.08163196511473551,
        "nf": 180,
        "flag": 1
      },
      {
        "log10_chi2": -0.08039808793690602,
        "nf": 180,
        "flag": 1
      }
    ],
    "polish_nf": 90
  },