{
  "candidate": "swap_powquarter",
  "fit_name": "SwapPowQuarter",
  "param_names": [
    "lambda1",
    "lambda2",
    "lambda4",
    "logx0",
    "sigx",
    "amp",
    "BNP",
    "c0",
    "c1"
  ],
  "free_idx": [
    0,
    1,
    2,
    3,
    4,
    5,
    6,
    7,
    8
  ],
  "frozen_idx": [],
  "initial": {
    "full_params": [
      0.5436808685,
      0.6247890378,
      0.02465039808,
      -4.580855224,
      0.33536604,
      -0.4851695281,
      1.416278699,
      0.0793882165,
      0.02228433755
    ],
    "free_params": [
      0.5436808685,
      0.6247890378,
      0.02465039808,
      -4.580855224,
      0.33536604,
      -0.4851695281,
      1.416278699,
      0.0793882165,
      0.02228433755
    ],
    "metrics": {
      "chi2dN_total": 0.9640745593252003,
      "chi2dN_collider": 1.0769500722721754,
      "chi2dN_fixed_target": 0.8118636403512489,
      "highE_weighted_chi2dN": 1.6279864587820492,
      "highE_mean_ratio_first3": 1.0228582253696672,
      "highE_mean_absdev_first3": 0.05396598860387693,
      "highE_mean_signed_first3": 0.022858225369667366,
      "highE_mean_shortfall_first3": 0.01555388161710478,
      "highE_mean_overshoot_first3": 0.038412106986772145,
      "cms_highmass_mean_ratio_first3": 1.0953173143355912,
      "cms_highmass_mean_absdev_first3": 0.0953173143355911,
      "cms_highmass_mean_signed_first3": 0.0953173143355911,
      "zlike_mean_ratio_first3": 0.9745521660590515,
      "zlike_mean_absdev_first3": 0.026398438116067482,
      "zlike_mean_signed_first3": -0.025447833940948454,
      "compute_s": 0.0389393
    },
    "per_file_chi2dN": {
      "ATLAS_7\\ATLAS7-00y10.csv": 0.6506761955647602,
      "ATLAS_7\\ATLAS7-10y20.csv": 3.5468693537139147,
      "ATLAS_7\\ATLAS7-20y24.csv": 0.8814147701856904,
      "ATLAS_8\\ATLAS8-00y04.csv": 3.0769266880341704,
      "ATLAS_8\\ATLAS8-04y08.csv": 2.0543758949692417,
      "ATLAS_8\\ATLAS8-08y12.csv": 1.6462860640523482,
      "ATLAS_8\\ATLAS8-116Q150.csv": 0.5447545408929101,
      "ATLAS_8\\ATLAS8-12y16.csv": 3.913485033359604,
      "ATLAS_8\\ATLAS8-16y20.csv": 1.8942666904771646,
      "ATLAS_8\\ATLAS8-20y24.csv": 1.8919491299554032,
      "ATLAS_8\\ATLAS8-46Q66.csv": 1.6449298186703283,
      "CDF_I\\CDF1.csv": 0.47631846709176584,
      "CDF_II\\CDF2.csv": 0.8134800254959663,
      "CMS_7\\CMS7.csv": 1.4095306596551902,
      "CMS_8\\CMS8.csv": 0.9359784091308307,
      "CMS_13\\CMS13-00y04.csv": 1.4477230548045446,
      "CMS_13\\CMS13-04y08.csv": 0.9044783417972575,
      "CMS_13\\CMS13-08y12.csv": 0.5068897993479203,
      "CMS_13\\CMS13-106Q170.csv": 0.7933895907786266,
      "CMS_13\\CMS13-12y16.csv": 0.277383372723398,
      "CMS_13\\CMS13-16y24.csv": 0.2506392927300388,
      "CMS_13\\CMS13-170Q350.csv": 1.0323256162443522,
      "CMS_13\\CMS13-350Q1000.csv": 1.5552240516735774,
      "D0_I\\D01.csv": 0.656357873872099,
      "D0_II\\D02.csv": 0.5154500684136063,
      "D0_II_mu\\D02mu.csv": 0.44440865822635517,
      "E288\\E228-200-4Q5.csv": 0.7699012316159758,
      "E288\\E228-200-5Q6.csv": 0.36892210047806995,
      "E288\\E228-200-6Q7.csv": 0.2912038018988788,
      "E288\\E228-200-7Q8.csv": 0.2079875951777688,
      "E288\\E228-200-8Q9.csv": 0.504157672468965,
      "E288\\E228-300-11Q12.csv": 0.29233213945682857,
      "E288\\E228-300-4Q5.csv": 1.6516240778881073,
      "E288\\E228-300-5Q6.csv": 0.19646629708083968,
      "E288\\E228-300-6Q7.csv": 0.866302939512351,
      "E288\\E228-300-7Q8.csv": 0.0872192261278453,
      "E288\\E228-300-8Q9.csv": 0.8815780698047428,
      "E288\\E228-400-11Q12.csv": 0.707064231370626,
      "E288\\E228-400-12Q13.csv": 0.8417229841786948,
      "E288\\E228-400-13Q14.csv": 0.5757227963582134,
      "E288\\E228-400-5Q6.csv": 0.9433634203746053,
      "E288\\E228-400-6Q7.csv": 2.2815028538578246,
      "E288\\E228-400-7Q8.csv": 0.33258148198867493,
      "E288\\E228-400-8Q9.csv": 0.8794819058093682,
      "E605\\E605-10.5Q11.5.csv": 0.2898694160124994,
      "E605\\E605-11.5Q13.5.csv": 0.4728834678817359,
      "E605\\E605-13.5Q18.csv": 0.9169530901810674,
      "E605\\E605-7Q8.csv": 0.25120866760828486,
      "E605\\E605-8Q9.csv": 0.3741307223301196,
      "E772\\E772-11Q12.csv": 1.803835104765547,
      "E772\\E772-12Q13.csv": 2.478537015919766,
      "E772\\E772-13Q14.csv": 2.568528871831483,
      "E772\\E772-14Q15.csv": 0.21894432102887115,
      "LHCb_7\\LHCb7.csv": 0.9902293844432979,
      "LHCb_8\\LHCb8.csv": 0.9858460174869459,
      "LHCb_13\\LHCb13.csv": 0.6489425539959767,
      "STAR\\STAR510.csv": 1.2653888582314698
    },
    "high_energy_rows": [
      {
        "file": "CMS_13\\CMS13-170Q350.csv",
        "chi2dN": 1.0323256162443522,
        "N": 10,
        "ratio_1": 1.0623786121953365,
        "data_1": 0.0344,
        "pred_1": 0.03654582425951958,
        "ratio_2": 1.0874115703353198,
        "data_2": 0.0781,
        "pred_2": 0.08492684364318848,
        "ratio_3": 1.0842392159142673,
        "data_3": 0.0902,
        "pred_3": 0.09779837727546692
      },
      {
        "file": "CMS_13\\CMS13-350Q1000.csv",
        "chi2dN": 1.5552240516735774,
        "N": 11,
        "ratio_1": 1.1059923191406145,
        "data_1": 0.00238,
        "pred_1": 0.0026322617195546627,
        "ratio_2": 1.1275125980640934,
        "data_2": 0.00565,
        "pred_2": 0.006370446179062128,
        "ratio_3": 1.1043695703639151,
        "data_3": 0.00699,
        "pred_3": 0.007719543296843767
      },
      {
        "file": "ATLAS_8\\ATLAS8-00y04.csv",
        "chi2dN": 3.0769266880341704,
        "N": 6,
        "ratio_1": 0.9841220599213443,
        "data_1": 3.257,
        "pred_1": 3.2052855491638184,
        "ratio_2": 0.9923514398564592,
        "data_2": 6.708,
        "pred_2": 6.656693458557129,
        "ratio_3": 1.0042777187880356,
        "data_3": 6.714,
        "pred_3": 6.742720603942871
      },
      {
        "file": "ATLAS_8\\ATLAS8-04y08.csv",
        "chi2dN": 2.0543758949692417,
        "N": 6,
        "ratio_1": 0.966459670100904,
        "data_1": 3.219,
        "pred_1": 3.1110336780548096,
        "ratio_2": 0.9846475897183884,
        "data_2": 6.676,
        "pred_2": 6.573507308959961,
        "ratio_3": 0.997386772129715,
        "data_3": 6.737,
        "pred_3": 6.719394683837891
      },
      {
        "file": "LHCb_8\\LHCb8.csv",
        "chi2dN": 0.9858460174869459,
        "N": 7,
        "ratio_1": 0.9174813832987656,
        "data_1": 3.592273,
        "pred_1": 3.2958436012268066,
        "ratio_2": 0.9495603100066164,
        "data_2": 6.420833,
        "pred_2": 6.096968173980713,
        "ratio_3": 0.9746825507112353,
        "data_3": 6.340833,
        "pred_3": 6.180299282073975
      }
    ]
  },
  "fit": {
    "elapsed_s": 53.46088210000016,
    "nf": 630,
    "flag": 1,
    "free_params": [
      0.5025996418739977,
      0.6302332804019102,
      -0.03437931770314817,
      -4.5700341784095695,
      0.3615194516351177,
      -0.4982906701113654,
      1.4503360506618006,
      0.07948000572443345,
      0.021361748208155333
    ],
    "log10_chi2": -0.08269820175502648,
    "stage1": [
      {
        "start_id": 0,
        "log10_chi2": -0.07673818308069197,
        "nf": 60,
        "flag": 1
      },
      {
        "start_id": 1,
        "log10_chi2": -0.07517259430402114,
        "nf": 60,
        "flag": 1
      },
      {
        "start_id": 2,
        "log10_chi2": -0.0542112732837756,
        "nf": 60,
        "flag": 1
      }
    ],
    "stage2": [
      {
        "log10_chi2": -0.08249123487229044,
        "nf": 180,
        "flag": 1
      },
      {
        "log10_chi2": -0.0820038319347088,
        "nf": 180,
        "flag": 1
      }
    ],
    "polish_nf": 90
  },