{
  "candidate": "swap_softlogfit",
  "fit_name": "SwapSoftLogFit",
  "param_names": [
    "lambda1",
    "lambda2",
    "lambda4",
    "logx0",
    "sigx",
    "amp",
    "logxs",
    "BNP",
    "c0",
    "c1"
  ],
  "free_idx": [
    0,
    1,
    2,
    3,
    4,
    5,
    6,
    7,
    8,
    9
  ],
  "frozen_idx": [],
  "initial": {
    "full_params": [
      0.5436808685,
      0.6247890378,
      0.02465039808,
      -4.580855224,
      0.33536604,
      -0.4851695281,
      -4.580855224,
      1.416278699,
      0.0793882165,
      0.02228433755
    ],
    "free_params": [
      0.5436808685,
      0.6247890378,
      0.02465039808,
      -4.580855224,
      0.33536604,
      -0.4851695281,
      -4.580855224,
      1.416278699,
      0.0793882165,
      0.02228433755
    ],
    "metrics": {
      "chi2dN_total": 0.827275528333993,
      "chi2dN_collider": 0.8889336738229933,
      "chi2dN_fixed_target": 0.7441304533564016,
      "highE_weighted_chi2dN": 1.3638885976226922,
      "highE_mean_ratio_first3": 1.0297816980059977,
      "highE_mean_absdev_first3": 0.051837694562665584,
      "highE_mean_signed_first3": 0.02978169800599772,
      "highE_mean_shortfall_first3": 0.011027998278333931,
      "highE_mean_overshoot_first3": 0.04080969628433165,
      "cms_highmass_mean_ratio_first3": 1.1014504301868449,
      "cms_highmass_mean_absdev_first3": 0.10145043018684459,
      "cms_highmass_mean_signed_first3": 0.10145043018684459,
      "zlike_mean_ratio_first3": 0.9820025432187666,
      "zlike_mean_absdev_first3": 0.018762537479879573,
      "zlike_mean_signed_first3": -0.01799745678123353,
      "compute_s": 0.0439678
    },
    "per_file_chi2dN": {
      "ATLAS_7\\ATLAS7-00y10.csv": 0.4394758830822567,
      "ATLAS_7\\ATLAS7-10y20.csv": 3.1814537888543177,
      "ATLAS_7\\ATLAS7-20y24.csv": 1.2381963649138668,
      "ATLAS_8\\ATLAS8-00y04.csv": 2.7639808682603686,
      "ATLAS_8\\ATLAS8-04y08.csv": 1.1078388024467556,
      "ATLAS_8\\ATLAS8-08y12.csv": 0.5504827775250342,
      "ATLAS_8\\ATLAS8-116Q150.csv": 0.5462849174337441,
      "ATLAS_8\\ATLAS8-12y16.csv": 1.7192329650310032,
      "ATLAS_8\\ATLAS8-16y20.csv": 1.0405312463859575,
      "ATLAS_8\\ATLAS8-20y24.csv": 1.0051871853616905,
      "ATLAS_8\\ATLAS8-46Q66.csv": 0.5791329672793653,
      "CDF_I\\CDF1.csv": 0.5097586323441706,
      "CDF_II\\CDF2.csv": 0.7645105600418456,
      "CMS_7\\CMS7.csv": 1.4319501917055275,
      "CMS_8\\CMS8.csv": 0.7629860923592946,
      "CMS_13\\CMS13-00y04.csv": 1.3744686714116827,
      "CMS_13\\CMS13-04y08.csv": 0.8481158591748896,
      "CMS_13\\CMS13-08y12.csv": 0.44854540000783893,
      "CMS_13\\CMS13-106Q170.csv": 0.7967574489640965,
      "CMS_13\\CMS13-12y16.csv": 0.2367693575553639,
      "CMS_13\\CMS13-16y24.csv": 0.2520509162966261,
      "CMS_13\\CMS13-170Q350.csv": 1.0698804752704327,
      "CMS_13\\CMS13-350Q1000.csv": 1.5513218917787568,
      "D0_I\\D01.csv": 0.5953934465697951,
      "D0_II\\D02.csv": 0.6756015894748743,
      "D0_II_mu\\D02mu.csv": 0.3155393159406518,
      "E288\\E228-200-4Q5.csv": 0.5570713706615033,
      "E288\\E228-200-5Q6.csv": 0.32054177832272185,
      "E288\\E228-200-6Q7.csv": 0.3055353881667335,
      "E288\\E228-200-7Q8.csv": 0.16034568944495,
      "E288\\E228-200-8Q9.csv": 0.5429453987507981,
      "E288\\E228-300-11Q12.csv": 0.29530486064552747,
      "E288\\E228-300-4Q5.csv": 1.5171107189771718,
      "E288\\E228-300-5Q6.csv": 0.2189288116752367,
      "E288\\E228-300-6Q7.csv": 0.4315413854486679,
      "E288\\E228-300-7Q8.csv": 0.09696586175195872,
      "E288\\E228-300-8Q9.csv": 1.1471883176450546,
      "E288\\E228-400-11Q12.csv": 0.6896507833084073,
      "E288\\E228-400-12Q13.csv": 0.863290709505133,
      "E288\\E228-400-13Q14.csv": 0.5669011424406838,
      "E288\\E228-400-5Q6.csv": 0.8215432574584145,
      "E288\\E228-400-6Q7.csv": 1.4259941260330187,
      "E288\\E228-400-7Q8.csv": 0.45503796101549204,
      "E288\\E228-400-8Q9.csv": 0.795322894680231,
      "E605\\E605-10.5Q11.5.csv": 0.19667308247673096,
      "E605\\E605-11.5Q13.5.csv": 0.3819878387168808,
      "E605\\E605-13.5Q18.csv": 0.7945684261546687,
      "E605\\E605-7Q8.csv": 0.22904619281319122,
      "E605\\E605-8Q9.csv": 0.45623586570795466,
      "E772\\E772-11Q12.csv": 1.6434751369332394,
      "E772\\E772-12Q13.csv": 2.266969203240508,
      "E772\\E772-13Q14.csv": 2.572734602314253,
      "E772\\E772-14Q15.csv": 0.21731334066186445,
      "LHCb_7\\LHCb7.csv": 0.8697125958597774,
      "LHCb_8\\LHCb8.csv": 0.5087543311991845,
      "LHCb_13\\LHCb13.csv": 0.7363101127997007,
      "STAR\\STAR510.csv": 1.3556672228859423
    },
    "high_energy_rows": [
      {
        "file": "CMS_13\\CMS13-170Q350.csv",
        "chi2dN": 1.0698804752704327,
        "N": 10,
        "ratio_1": 1.0769856487249219,
        "data_1": 0.0344,
        "pred_1": 0.037048306316137314,
        "ratio_2": 1.093485653782013,
        "data_2": 0.0781,
        "pred_2": 0.08540122956037521,
        "ratio_3": 1.0842353336826924,
        "data_3": 0.0902,
        "pred_3": 0.09779802709817886
      },
      {
        "file": "CMS_13\\CMS13-350Q1000.csv",
        "chi2dN": 1.5513218917787568,
        "N": 11,
        "ratio_1": 1.116471752493071,
        "data_1": 0.00238,
        "pred_1": 0.002657202770933509,
        "ratio_2": 1.1325278113373614,
        "data_2": 0.00565,
        "pred_2": 0.006398782134056091,
        "ratio_3": 1.104996381101008,
        "data_3": 0.00699,
        "pred_3": 0.007723924703896046
      },
      {
        "file": "ATLAS_8\\ATLAS8-00y04.csv",
        "chi2dN": 2.7639808682603686,
        "N": 6,
        "ratio_1": 0.9914828034899591,
        "data_1": 3.257,
        "pred_1": 3.229259490966797,
        "ratio_2": 0.9943838978211795,
        "data_2": 6.708,
        "pred_2": 6.670327186584473,
        "ratio_3": 1.0034428631439072,
        "data_3": 6.714,
        "pred_3": 6.737115383148193
      },
      {
        "file": "ATLAS_8\\ATLAS8-04y08.csv",
        "chi2dN": 1.1078388024467556,
        "N": 6,
        "ratio_1": 0.9856732893745587,
        "data_1": 3.219,
        "pred_1": 3.172882318496704,
        "ratio_2": 0.990706550067881,
        "data_2": 6.676,
        "pred_2": 6.613956928253174,
        "ratio_3": 0.9953849337230861,
        "data_3": 6.737,
        "pred_3": 6.705908298492432
      },
      {
        "file": "LHCb_8\\LHCb8.csv",
        "chi2dN": 0.5087543311991845,
        "N": 7,
        "ratio_1": 0.9465134090438129,
        "data_1": 3.592273,
        "pred_1": 3.400134563446045,
        "ratio_2": 0.9589120123708935,
        "data_2": 6.420833,
        "pred_2": 6.157013893127441,
        "ratio_3": 0.9715231299336202,
        "data_3": 6.340833,
        "pred_3": 6.160265922546387
      }
    ]
  },
  "fit": {
    "elapsed_s": 52.95562699999937,
    "nf": 630,
    "flag": 1,
    "free_params": [
      0.5357803893146338,
      0.6409882619485591,
      0.02489339060029494,
      -4.5924321595774265,
      0.3185183089001395,
      -0.5214737971943908,
      -5.815499806590652,
      1.4206403267101373,
      0.07927377592457181,
      0.022246693098579778
    ],
    "log10_chi2": -0.08306646994212998,
    "stage1": [
      {
        "start_id": 0,
        "log10_chi2": -0.08300146937389226,
        "nf": 60,
        "flag": 1
      },
      {
        "start_id": 1,
        "log10_chi2": -0.06408949479871057,
        "nf": 60,
        "flag": 1
      },
      {
        "start_id": 2,
        "log10_chi2": 0.0564740037772875,
        "nf": 60,
        "flag": 1
      }
    ],
    "stage2": [
      {
        "log10_chi2": -0.0830408458469906,
        "nf": 180,
        "flag": 1
      },
      {
        "log10_chi2": -0.07931883427565688,
        "nf": 180,
        "flag": 1
      }
    ],
    "polish_nf": 90
  },