{
  "candidate": "powerseed_full",
  "label": "Powerseed",
  "fit_name": "SigGood_reduced_loggauss_powerseed",
  "param_names": [
    "lambda1",
    "lambda2",
    "lambda4",
    "logx0",
    "sigx",
    "amp",
    "BNP",
    "c0",
    "c1"
  ],
  "full_params": [
    0.5436808684622739,
    0.6247890378368363,
    0.02465039807787328,
    -4.580855224347578,
    0.33536604002972126,
    -0.48516952806747216,
    1.4162786993301064,
    0.0793882165001912,
    0.022284337546689285
  ],
  "metrics": {
    "chi2dN_total": 0.8262310452303894,
    "chi2dN_collider": 0.8872983941548427,
    "chi2dN_fixed_target": 0.7438826504686262,
    "highE_weighted_chi2dN": 1.3527580929748289,
    "highE_mean_ratio_first3": 1.0305417115248272,
    "highE_mean_absdev_first3": 0.05143443789381616,
    "highE_mean_signed_first3": 0.030541711524827483,
    "highE_mean_shortfall_first3": 0.010446363184494338,
    "highE_mean_overshoot_first3": 0.04098807470932182,
    "cms_highmass_mean_ratio_first3": 1.101902188160865,
    "cms_highmass_mean_absdev_first3": 0.10190218816086498,
    "cms_highmass_mean_signed_first3": 0.10190218816086498,
    "zlike_mean_ratio_first3": 0.982968060434136,
    "zlike_mean_absdev_first3": 0.017789271049116945,
    "zlike_mean_signed_first3": -0.017031939565864178,
    "compute_s": 0.0415126
  }
}