{
  "model": "baseline_unfrozen",
  "label": "0112 baseline",
  "table_name": "MSHT20N3LO-MC-power-leptonic",
  "table_tag": "power_leptonic",
  "n": 0,
  "m": 2,
  "fit_name": "TableScan_baseline_unfrozen_power_leptonic",
  "np_name": "NP-TableScan_baseline_unfrozen_power_leptonic.cl",
  "param_names": [
    "g2",
    "bmax_CS",
    "power_CS",
    "a1",
    "a2",
    "a3",
    "a4",
    "b1",
    "b2",
    "b3",
    "a"
  ],
  "free_idx": [
    0,
    1,
    2,
    3,
    4,
    5,
    6,
    7,
    8,
    9,
    10
  ],
  "frozen_idx": [],
  "initial": {
    "full_params": [
      0.507708972219,
      1.27253800422,
      0.907809151805,
      3.28914068259,
      0.0532043999313,
      -0.773310613438,
      0.00599935699204,
      -0.436194377579,
      0.863210055205,
      -1.55170799737,
      0.000233237408021
    ],
    "free_params": [
      0.507708972219,
      1.27253800422,
      0.907809151805,
      3.28914068259,
      0.0532043999313,
      -0.773310613438,
      0.00599935699204,
      -0.436194377579,
      0.863210055205,
      -1.55170799737,
      0.000233237408021
    ],
    "metrics": {
      "chi2dN_total": 0.8387322234872996,
      "chi2dN_collider": 1.0151017998953644,
      "chi2dN_fixed_target": 0.6009005219673336,
      "highE_weighted_chi2dN": 1.6328994635184788,
      "highE_mean_ratio_first3": 1.0147686802312117,
      "highE_mean_absdev_first3": 0.05501879587449688,
      "highE_mean_signed_first3": 0.014768680231211783,
      "highE_mean_shortfall_first3": 0.020125057821642547,
      "highE_mean_overshoot_first3": 0.03489373805285433,
      "cms_highmass_mean_ratio_first3": 1.087234345132136,
      "cms_highmass_mean_absdev_first3": 0.08723434513213583,
      "cms_highmass_mean_signed_first3": 0.08723434513213583,
      "zlike_mean_ratio_first3": 0.966458236963929,
      "zlike_mean_absdev_first3": 0.03354176303607091,
      "zlike_mean_signed_first3": -0.03354176303607091,
      "compute_s": 0.0437132
    },
    "per_file_chi2dN": {
      "ATLAS_7\\ATLAS7-00y10.csv": 1.2342631142534257,
      "ATLAS_7\\ATLAS7-10y20.csv": 4.574457277245141,
      "ATLAS_7\\ATLAS7-20y24.csv": 1.7317661906693793,
      "ATLAS_8\\ATLAS8-00y04.csv": 3.21666727427222,
      "ATLAS_8\\ATLAS8-04y08.csv": 1.6777892287343992,
      "ATLAS_8\\ATLAS8-08y12.csv": 1.8983307839029828,
      "ATLAS_8\\ATLAS8-116Q150.csv": 0.4600441394367613,
      "ATLAS_8\\ATLAS8-12y16.csv": 1.0761862902437862,
      "ATLAS_8\\ATLAS8-16y20.csv": 1.4014217752725113,
      "ATLAS_8\\ATLAS8-20y24.csv": 0.862280853938663,
      "ATLAS_8\\ATLAS8-46Q66.csv": 0.5104456705984319,
      "CDF_I\\CDF1.csv": 0.4470695058592322,
      "CDF_II\\CDF2.csv": 0.8784711015650633,
      "CMS_7\\CMS7.csv": 1.5948875134680667,
      "CMS_8\\CMS8.csv": 0.8774691614749026,
      "CMS_13\\CMS13-00y04.csv": 1.4854310377882607,
      "CMS_13\\CMS13-04y08.csv": 0.8456232582298118,
      "CMS_13\\CMS13-08y12.csv": 0.5106669366537153,
      "CMS_13\\CMS13-106Q170.csv": 0.6195515930624553,
      "CMS_13\\CMS13-12y16.csv": 0.2612519140416654,
      "CMS_13\\CMS13-16y24.csv": 0.2560699887036874,
      "CMS_13\\CMS13-170Q350.csv": 0.9056968933348338,
      "CMS_13\\CMS13-350Q1000.csv": 1.5165978355667995,
      "D0_I\\D01.csv": 0.6351274008528969,
      "D0_II\\D02.csv": 0.23692173974874448,
      "D0_II_mu\\D02mu.csv": 0.19426891771657537,
      "E288\\E228-200-4Q5.csv": 0.43110801341204774,
      "E288\\E228-200-5Q6.csv": 0.3410278373494303,
      "E288\\E228-200-6Q7.csv": 0.3075395149362341,
      "E288\\E228-200-7Q8.csv": 0.16572902600862527,
      "E288\\E228-200-8Q9.csv": 0.5274132781561379,
      "E288\\E228-300-11Q12.csv": 0.24137231851036078,
      "E288\\E228-300-4Q5.csv": 1.5212813484252745,
      "E288\\E228-300-5Q6.csv": 0.24690939157749464,
      "E288\\E228-300-6Q7.csv": 0.3035825921205899,
      "E288\\E228-300-7Q8.csv": 0.1340821720132287,
      "E288\\E228-300-8Q9.csv": 0.97766412473285,
      "E288\\E228-400-11Q12.csv": 0.5618151069161627,
      "E288\\E228-400-12Q13.csv": 0.5777269035420106,
      "E288\\E228-400-13Q14.csv": 0.37757415950058076,
      "E288\\E228-400-5Q6.csv": 0.8723963996590393,
      "E288\\E228-400-6Q7.csv": 1.327898658440287,
      "E288\\E228-400-7Q8.csv": 0.2735364166874813,
      "E288\\E228-400-8Q9.csv": 0.6323090105797763,
      "E605\\E605-10.5Q11.5.csv": 0.16287545241609186,
      "E605\\E605-11.5Q13.5.csv": 0.30421395153624153,
      "E605\\E605-13.5Q18.csv": 0.6026944320063221,
      "E605\\E605-7Q8.csv": 0.22773368864832144,
      "E605\\E605-8Q9.csv": 0.38988570290572105,
      "E772\\E772-11Q12.csv": 1.459445782483193,
      "E772\\E772-12Q13.csv": 1.700151296314097,
      "E772\\E772-13Q14.csv": 1.7169449165086237,
      "E772\\E772-14Q15.csv": 0.2774972894014387,
      "LHCb_7\\LHCb7.csv": 1.1365399174092536,
      "LHCb_8\\LHCb8.csv": 1.458527771159472,
      "LHCb_13\\LHCb13.csv": 0.8425536899227336,
      "STAR\\STAR510.csv": 1.0784060735658691
    },
    "high_energy_rows": [
      {
        "file": "CMS_13\\CMS13-170Q350.csv",
        "chi2dN": 0.9056968933348338,
        "N": 10,
        "ratio_1": 1.0607220492390699,
        "data_1": 0.0344,
        "pred_1": 0.036488838493824005,
        "ratio_2": 1.0818326022957718,
        "data_2": 0.0781,
        "pred_2": 0.08449112623929977,
        "ratio_3": 1.0760792607478715,
        "data_3": 0.0902,
        "pred_3": 0.09706234931945801
      },
      {
        "file": "CMS_13\\CMS13-350Q1000.csv",
        "chi2dN": 1.5165978355667995,
        "N": 11,
        "ratio_1": 1.0937491447484793,
        "data_1": 0.00238,
        "pred_1": 0.002603122964501381,
        "ratio_2": 1.1161803803612702,
        "data_2": 0.00565,
        "pred_2": 0.006306419149041176,
        "ratio_3": 1.0948426334003523,
        "data_3": 0.00699,
        "pred_3": 0.007652950007468462
      },
      {
        "file": "ATLAS_8\\ATLAS8-00y04.csv",
        "chi2dN": 3.21666727427222,
        "N": 6,
        "ratio_1": 0.9608865333254951,
        "data_1": 3.257,
        "pred_1": 3.1296074390411377,
        "ratio_2": 0.9814385651262587,
        "data_2": 6.708,
        "pred_2": 6.583489894866943,
        "ratio_3": 0.9995045887774074,
        "data_3": 6.714,
        "pred_3": 6.710673809051514
      },
      {
        "file": "ATLAS_8\\ATLAS8-04y08.csv",
        "chi2dN": 1.6777892287343992,
        "N": 6,
        "ratio_1": 0.9726347038930305,
        "data_1": 3.219,
        "pred_1": 3.130911111831665,
        "ratio_2": 0.9828380941273281,
        "data_2": 6.676,
        "pred_2": 6.561427116394043,
        "ratio_3": 0.9895000964540286,
        "data_3": 6.737,
        "pred_3": 6.666262149810791
      },
      {
        "file": "LHCb_8\\LHCb8.csv",
        "chi2dN": 1.458527771159472,
        "N": 7,
        "ratio_1": 0.9131080091561772,
        "data_1": 3.592273,
        "pred_1": 3.2801332473754883,
        "ratio_2": 0.937787376336542,
        "data_2": 6.420833,
        "pred_2": 6.021376132965088,
        "ratio_3": 0.9604261654790941,
        "data_3": 6.340833,
        "pred_3": 6.089901924133301
      }
    ]
  },
  "fit": {
    "elapsed_s": 66.5554306999984,
    "nf": 810,
    "flag": 1,
    "free_params": [
      0.5081881210152491,
      1.2272756686704183,
      0.905567943485462,
      3.292452535870577,
      0.07127509810889521,
      -0.8465401838793714,
      0.01440989448946095,
      0.01273191096224302,
      0.9427255744333873,
      -1.7180094808181963,
      0.0
    ],
    "log10_chi2": -0.0769832228328799,
    "stage1": [
      {
        "start_id": 0,
        "log10_chi2": -0.07645962172864311,
        "nf": 60,
        "flag": 1
      },
      {
        "start_id": 5,
        "log10_chi2": -0.0755851616259722,
        "nf": 60,
        "flag": 1
      },
      {
        "start_id": 4,
        "log10_chi2": -0.05521839194173186,
        "nf": 60,
        "flag": 1
      },
      {
        "start_id": 3,
        "log10_chi2": -0.05214426674912727,
        "nf": 60,