{
  "model": "baseline_unfrozen",
  "label": "0112 baseline",
  "table_name": "MSHT20N3LO-MC-power-full",
  "table_tag": "power_full",
  "n": 0,
  "m": 2,
  "fit_name": "TableScan_baseline_unfrozen_power_full",
  "np_name": "NP-TableScan_baseline_unfrozen_power_full.cl",
  "param_names": [
    "g2",
    "bmax_CS",
    "power_CS",
    "a1",
    "a2",
    "a3",
    "a4",
    "b1",
    "b2",
    "b3",
    "a"
  ],
  "free_idx": [
    0,
    1,
    2,
    3,
    4,
    5,
    6,
    7,
    8,
    9,
    10
  ],
  "frozen_idx": [],
  "initial": {
    "full_params": [
      0.507708972219,
      1.27253800422,
      0.907809151805,
      3.28914068259,
      0.0532043999313,
      -0.773310613438,
      0.00599935699204,
      -0.436194377579,
      0.863210055205,
      -1.55170799737,
      0.000233237408021
    ],
    "free_params": [
      0.507708972219,
      1.27253800422,
      0.907809151805,
      3.28914068259,
      0.0532043999313,
      -0.773310613438,
      0.00599935699204,
      -0.436194377579,
      0.863210055205,
      -1.55170799737,
      0.000233237408021
    ],
    "metrics": {
      "chi2dN_total": 0.8774112322924896,
      "chi2dN_collider": 1.077481761871881,
      "chi2dN_fixed_target": 0.607619154526341,
      "highE_weighted_chi2dN": 1.7767993099774757,
      "highE_mean_ratio_first3": 1.0135266781239953,
      "highE_mean_absdev_first3": 0.05605433297641301,
      "highE_mean_signed_first3": 0.01352667812399524,
      "highE_mean_shortfall_first3": 0.021263827426208883,
      "highE_mean_overshoot_first3": 0.034790505550204125,
      "cms_highmass_mean_ratio_first3": 1.0869762638755103,
      "cms_highmass_mean_absdev_first3": 0.08697626387551032,
      "cms_highmass_mean_signed_first3": 0.08697626387551032,
      "zlike_mean_ratio_first3": 0.9645602876229851,
      "zlike_mean_absdev_first3": 0.035439712377014806,
      "zlike_mean_signed_first3": -0.035439712377014806,
      "compute_s": 0.0437391
    },
    "per_file_chi2dN": {
      "ATLAS_7\\ATLAS7-00y10.csv": 0.5495449778659007,
      "ATLAS_7\\ATLAS7-10y20.csv": 3.977522027307856,
      "ATLAS_7\\ATLAS7-20y24.csv": 1.320793769722647,
      "ATLAS_8\\ATLAS8-00y04.csv": 4.652806206822501,
      "ATLAS_8\\ATLAS8-04y08.csv": 1.7692541656322665,
      "ATLAS_8\\ATLAS8-08y12.csv": 0.474403883267728,
      "ATLAS_8\\ATLAS8-116Q150.csv": 0.6747966615555956,
      "ATLAS_8\\ATLAS8-12y16.csv": 1.999081580557804,
      "ATLAS_8\\ATLAS8-16y20.csv": 2.0991773043226662,
      "ATLAS_8\\ATLAS8-20y24.csv": 1.3430163878542156,
      "ATLAS_8\\ATLAS8-46Q66.csv": 0.15381568510576815,
      "CDF_I\\CDF1.csv": 0.4841135222303931,
      "CDF_II\\CDF2.csv": 0.9057763170153592,
      "CMS_7\\CMS7.csv": 1.411882283705041,
      "CMS_8\\CMS8.csv": 0.7675266646788225,
      "CMS_13\\CMS13-00y04.csv": 1.983888865463291,
      "CMS_13\\CMS13-04y08.csv": 1.3801096226085918,
      "CMS_13\\CMS13-08y12.csv": 0.4152781864737307,
      "CMS_13\\CMS13-106Q170.csv": 0.796060474207937,
      "CMS_13\\CMS13-12y16.csv": 0.35908918538220846,
      "CMS_13\\CMS13-16y24.csv": 0.310600522368679,
      "CMS_13\\CMS13-170Q350.csv": 0.9246331035466445,
      "CMS_13\\CMS13-350Q1000.csv": 1.4891562301581642,
      "D0_I\\D01.csv": 0.602625633270991,
      "D0_II\\D02.csv": 0.3574132929005757,
      "D0_II_mu\\D02mu.csv": 0.30699417352748676,
      "E288\\E228-200-4Q5.csv": 0.25804556042578836,
      "E288\\E228-200-5Q6.csv": 0.39276664685542445,
      "E288\\E228-200-6Q7.csv": 0.5479847094325027,
      "E288\\E228-200-7Q8.csv": 0.22980345111280373,
      "E288\\E228-200-8Q9.csv": 0.541237659829842,
      "E288\\E228-300-11Q12.csv": 0.24238726042263042,
      "E288\\E228-300-4Q5.csv": 1.226607691090237,
      "E288\\E228-300-5Q6.csv": 0.39814709582871133,
      "E288\\E228-300-6Q7.csv": 0.08959596088384113,
      "E288\\E228-300-7Q8.csv": 0.3167608111032516,
      "E288\\E228-300-8Q9.csv": 1.1628489181361117,
      "E288\\E228-400-11Q12.csv": 0.5531778516029117,
      "E288\\E228-400-12Q13.csv": 0.5596534849175607,
      "E288\\E228-400-13Q14.csv": 0.3462411523716293,
      "E288\\E228-400-5Q6.csv": 0.8125485461952477,
      "E288\\E228-400-6Q7.csv": 1.151791875162059,
      "E288\\E228-400-7Q8.csv": 0.8570983860614837,
      "E288\\E228-400-8Q9.csv": 0.8292297400817191,
      "E605\\E605-10.5Q11.5.csv": 0.13775085147481886,
      "E605\\E605-11.5Q13.5.csv": 0.27499731259658666,
      "E605\\E605-13.5Q18.csv": 0.5278523106591373,
      "E605\\E605-7Q8.csv": 0.26015447499343436,
      "E605\\E605-8Q9.csv": 0.42788627087232595,
      "E772\\E772-11Q12.csv": 1.3478694435831537,
      "E772\\E772-12Q13.csv": 1.4769011055630075,
      "E772\\E772-13Q14.csv": 1.574988633581378,
      "E772\\E772-14Q15.csv": 0.28785119122164726,
      "LHCb_7\\LHCb7.csv": 1.2405205966045205,
      "LHCb_8\\LHCb8.csv": 0.9875086567377386,
      "LHCb_13\\LHCb13.csv": 0.6700217971279205,
      "STAR\\STAR510.csv": 1.1616748866793578
    },
    "high_energy_rows": [
      {
        "file": "CMS_13\\CMS13-170Q350.csv",
        "chi2dN": 0.9246331035466445,
        "N": 10,
        "ratio_1": 1.0606596722852353,
        "data_1": 0.0344,
        "pred_1": 0.03648669272661209,
        "ratio_2": 1.081510061796435,
        "data_2": 0.0781,
        "pred_2": 0.08446593582630157,
        "ratio_3": 1.0752183139456348,
        "data_3": 0.0902,
        "pred_3": 0.09698469191789627
      },
      {
        "file": "CMS_13\\CMS13-350Q1000.csv",
        "chi2dN": 1.4891562301581642,
        "N": 11,
        "ratio_1": 1.0937336879242368,
        "data_1": 0.00238,
        "pred_1": 0.0026030861772596836,
        "ratio_2": 1.1161009294796835,
        "data_2": 0.00565,
        "pred_2": 0.006305970251560211,
        "ratio_3": 1.0946349178218364,
        "data_3": 0.00699,
        "pred_3": 0.0076514980755746365
      },
      {
        "file": "ATLAS_8\\ATLAS8-00y04.csv",
        "chi2dN": 4.652806206822501,
        "N": 6,
        "ratio_1": 0.9605974590335479,
        "data_1": 3.257,
        "pred_1": 3.1286659240722656,
        "ratio_2": 0.9799483423796024,
        "data_2": 6.708,
        "pred_2": 6.573493480682373,
        "ratio_3": 0.9953949399600968,
        "data_3": 6.714,
        "pred_3": 6.68308162689209
      },
      {
        "file": "ATLAS_8\\ATLAS8-04y08.csv",
        "chi2dN": 1.7692541656322665,
        "N": 6,
        "ratio_1": 0.9723439946904913,
        "data_1": 3.219,
        "pred_1": 3.1299753189086914,
        "ratio_2": 0.9813559419598816,
        "data_2": 6.676,
        "pred_2": 6.55153226852417,
        "ratio_3": 0.9854288258325351,
        "data_3": 6.737,
        "pred_3": 6.638833999633789
      },
      {
        "file": "LHCb_8\\LHCb8.csv",
        "chi2dN": 0.9875086567377386,
        "N": 7,
        "ratio_1": 0.9126685744550197,
        "data_1": 3.592273,
        "pred_1": 3.278554677963257,
        "ratio_2": 0.9361946349380377,
        "data_2": 6.420833,
        "pred_2": 6.0111494064331055,
        "ratio_3": 0.9571098753576543,
        "data_3": 6.340833,
        "pred_3": 6.068873882293701
      }
    ]
  },
  "fit": {
    "elapsed_s": 66.30850290000672,
    "nf": 810,
    "flag": 1,
    "free_params": [
      0.48153654626170417,
      2.0838208626246346,
      0.9734311732126776,
      3.121668653868303,
      0.15739231246761065,
      -0.5321702586978176,
      -0.01039160459335986,
      -0.511918885671852,
      0.8835218730655221,
      -1.614367726224918,
      0.03380519295073876
    ],
    "log10_chi2": -0.07586408260178007,
    "stage1": [
      {
        "start_id": 0,
        "log10_chi2": -0.07423589065990464,
        "nf": 60,
        "flag": 1
      },
      {
        "start_id": 5,
        "log10_chi2": -0.06823064844749004,
        "nf": 60,
        "flag": 1
      },
      {
        "start_id": 3,
        "log10_chi2": -0.050937861619009955,
        "nf": 60,
        "flag": 1
      },
      {
        "start_id": 1,
        "log10_chi2": -0.05090454179869882,