{
  "model": "baseline_unfrozen",
  "label": "0112 baseline",
  "table_name": "MSHT20N3LO-MC-power-x",
  "table_tag": "power_x",
  "n": 0,
  "m": 2,
  "fit_name": "TableScan_baseline_unfrozen_power_x",
  "np_name": "NP-TableScan_baseline_unfrozen_power_x.cl",
  "param_names": [
    "g2",
    "bmax_CS",
    "power_CS",
    "a1",
    "a2",
    "a3",
    "a4",
    "b1",
    "b2",
    "b3",
    "a"
  ],
  "free_idx": [
    0,
    1,
    2,
    3,
    4,
    5,
    6,
    7,
    8,
    9,
    10
  ],
  "frozen_idx": [],
  "initial": {
    "full_params": [
      0.507708972219,
      1.27253800422,
      0.907809151805,
      3.28914068259,
      0.0532043999313,
      -0.773310613438,
      0.00599935699204,
      -0.436194377579,
      0.863210055205,
      -1.55170799737,
      0.000233237408021
    ],
    "free_params": [
      0.507708972219,
      1.27253800422,
      0.907809151805,
      3.28914068259,
      0.0532043999313,
      -0.773310613438,
      0.00599935699204,
      -0.436194377579,
      0.863210055205,
      -1.55170799737,
      0.000233237408021
    ],
    "metrics": {
      "chi2dN_total": 0.8855650833161203,
      "chi2dN_collider": 1.083968994792577,
      "chi2dN_fixed_target": 0.6180204148099893,
      "highE_weighted_chi2dN": 1.7768144094155467,
      "highE_mean_ratio_first3": 1.013526682947836,
      "highE_mean_absdev_first3": 0.056054336735360394,
      "highE_mean_signed_first3": 0.013526682947836174,
      "highE_mean_shortfall_first3": 0.02126382689376211,
      "highE_mean_overshoot_first3": 0.03479050984159828,
      "cms_highmass_mean_ratio_first3": 1.0869762746039957,
      "cms_highmass_mean_absdev_first3": 0.0869762746039957,
      "cms_highmass_mean_signed_first3": 0.0869762746039957,
      "zlike_mean_ratio_first3": 0.9645602885103963,
      "zlike_mean_absdev_first3": 0.035439711489603516,
      "zlike_mean_signed_first3": -0.035439711489603516,
      "compute_s": 0.0394179
    },
    "per_file_chi2dN": {
      "ATLAS_7\\ATLAS7-00y10.csv": 0.5495515933797303,
      "ATLAS_7\\ATLAS7-10y20.csv": 3.977438662463497,
      "ATLAS_7\\ATLAS7-20y24.csv": 1.3208014073995504,
      "ATLAS_8\\ATLAS8-00y04.csv": 4.652832285276847,
      "ATLAS_8\\ATLAS8-04y08.csv": 1.7693234166246345,
      "ATLAS_8\\ATLAS8-08y12.csv": 0.47439860960503005,
      "ATLAS_8\\ATLAS8-116Q150.csv": 0.6747993454131034,
      "ATLAS_8\\ATLAS8-12y16.csv": 1.9990152951812277,
      "ATLAS_8\\ATLAS8-16y20.csv": 2.099198647144773,
      "ATLAS_8\\ATLAS8-20y24.csv": 1.3429889923204066,
      "ATLAS_8\\ATLAS8-46Q66.csv": 0.15381113814571593,
      "CDF_I\\CDF1.csv": 0.5004409714411769,
      "CDF_II\\CDF2.csv": 0.9459252620520382,
      "CMS_7\\CMS7.csv": 1.4118878793499654,
      "CMS_8\\CMS8.csv": 0.7675266648199914,
      "CMS_13\\CMS13-00y04.csv": 1.9838919005987903,
      "CMS_13\\CMS13-04y08.csv": 1.3801086085926602,
      "CMS_13\\CMS13-08y12.csv": 0.4152773365171653,
      "CMS_13\\CMS13-106Q170.csv": 0.7960636650669757,
      "CMS_13\\CMS13-12y16.csv": 0.3590894529044389,
      "CMS_13\\CMS13-16y24.csv": 0.31060081289551145,
      "CMS_13\\CMS13-170Q350.csv": 0.9246340751096046,
      "CMS_13\\CMS13-350Q1000.csv": 1.4891572694578696,
      "D0_I\\D01.csv": 0.6001818678545212,
      "D0_II\\D02.csv": 0.4193190248031442,
      "D0_II_mu\\D02mu.csv": 0.3069942316639014,
      "E288\\E228-200-4Q5.csv": 0.22611221848783122,
      "E288\\E228-200-5Q6.csv": 0.41070125905620947,
      "E288\\E228-200-6Q7.csv": 0.589713675622762,
      "E288\\E228-200-7Q8.csv": 0.23879587201263927,
      "E288\\E228-200-8Q9.csv": 0.5426941583561137,
      "E288\\E228-300-11Q12.csv": 0.24273533923063007,
      "E288\\E228-300-4Q5.csv": 1.1468799263228844,
      "E288\\E228-300-5Q6.csv": 0.4436439229869179,
      "E288\\E228-300-6Q7.csv": 0.078485350375423,
      "E288\\E228-300-7Q8.csv": 0.3491648508539735,
      "E288\\E228-300-8Q9.csv": 1.1851565399590047,
      "E288\\E228-400-11Q12.csv": 0.5533990296203488,
      "E288\\E228-400-12Q13.csv": 0.5574043668685359,
      "E288\\E228-400-13Q14.csv": 0.34341948984337084,
      "E288\\E228-400-5Q6.csv": 0.8292717618338384,
      "E288\\E228-400-6Q7.csv": 1.2220404199556307,
      "E288\\E228-400-7Q8.csv": 0.9992483580783368,
      "E288\\E228-400-8Q9.csv": 0.8819858521581735,
      "E605\\E605-10.5Q11.5.csv": 0.1390547499319167,
      "E605\\E605-11.5Q13.5.csv": 0.27572841577355484,
      "E605\\E605-13.5Q18.csv": 0.5219097572305084,
      "E605\\E605-7Q8.csv": 0.271567404000553,
      "E605\\E605-8Q9.csv": 0.43926304652809406,
      "E772\\E772-11Q12.csv": 1.3354575105037352,
      "E772\\E772-12Q13.csv": 1.4540818622666003,
      "E772\\E772-13Q14.csv": 1.5599781395531072,
      "E772\\E772-14Q15.csv": 0.2890537991636932,
      "LHCb_7\\LHCb7.csv": 1.240521104258358,
      "LHCb_8\\LHCb8.csv": 0.9875102071543399,
      "LHCb_13\\LHCb13.csv": 0.6700256176677332,
      "STAR\\STAR510.csv": 1.1616750484556262
    },
    "high_energy_rows": [
      {
        "file": "CMS_13\\CMS13-170Q350.csv",
        "chi2dN": 0.9246340751096046,
        "N": 10,
        "ratio_1": 1.0606596722852353,
        "data_1": 0.0344,
        "pred_1": 0.03648669272661209,
        "ratio_2": 1.081510157194394,
        "data_2": 0.0781,
        "pred_2": 0.08446594327688217,
        "ratio_3": 1.0752183965463067,
        "data_3": 0.0902,
        "pred_3": 0.09698469936847687
      },
      {
        "file": "CMS_13\\CMS13-350Q1000.csv",
        "chi2dN": 1.4891572694578696,
        "N": 11,
        "ratio_1": 1.0937335900962353,
        "data_1": 0.00238,
        "pred_1": 0.00260308594442904,
        "ratio_2": 1.1161008470617566,
        "data_2": 0.00565,
        "pred_2": 0.006305969785898924,
        "ratio_3": 1.0946349844400465,
        "data_3": 0.00699,
        "pred_3": 0.007651498541235924
      },
      {
        "file": "ATLAS_8\\ATLAS8-00y04.csv",
        "chi2dN": 4.652832285276847,
        "N": 6,
        "ratio_1": 0.9605976786392394,
        "data_1": 3.257,
        "pred_1": 3.128666639328003,
        "ratio_2": 0.9799483423796024,
        "data_2": 6.708,
        "pred_2": 6.573493480682373,
        "ratio_3": 0.995395010981419,
        "data_3": 6.714,
        "pred_3": 6.683082103729248
      },
      {
        "file": "ATLAS_8\\ATLAS8-04y08.csv",
        "chi2dN": 1.7693234166246345,
        "N": 6,
        "ratio_1": 0.9723439206244524,
        "data_1": 3.219,
        "pred_1": 3.1299750804901123,
        "ratio_2": 0.9813558705343037,
        "data_2": 6.676,
        "pred_2": 6.551531791687012,
        "ratio_3": 0.9854287550536783,
        "data_3": 6.737,
        "pred_3": 6.638833522796631
      },
      {
        "file": "LHCb_8\\LHCb8.csv",
        "chi2dN": 0.9875102071543399,
        "N": 7,
        "ratio_1": 0.9126685080851811,
        "data_1": 3.592273,
        "pred_1": 3.2785544395446777,
        "ratio_2": 0.9361946349380377,
        "data_2": 6.420833,
        "pred_2": 6.0111494064331055,
        "ratio_3": 0.9571098753576543,
        "data_3": 6.340833,
        "pred_3": 6.068873882293701
      }
    ]
  },
  "fit": {
    "elapsed_s": 66.21944319999602,
    "nf": 810,
    "flag": 1,
    "free_params": [
      0.4800844046858247,
      2.248962394335411,
      1.0135056011652634,
      2.7446645616781478,
      0.1554134851890865,
      0.0904093031256803,
      -0.011928980810351208,
      0.39319330467402835,
      1.0450442957088093,
      -2.0707866693842414,
      0.009862429759417392
    ],
    "log10_chi2": -0.07539946181558023,
    "stage1": [
      {
        "start_id": 0,
        "log10_chi2": -0.07433538141913783,
        "nf": 60,
        "flag": 1
      },
      {
        "start_id": 5,
        "log10_chi2": -0.06479941244379124,
        "nf": 60,
        "flag": 1
      },
      {
        "start_id": 2,
        "log10_chi2": -0.06052950243240492,
        "nf": 60,
        "flag": 1
      },
      {
        "start_id": 3,
        "log10_chi2": -0.05717350613718799,
        "nf": 60,