{
  "model": "baseline_unfrozen",
  "label": "0112 baseline",
  "table_name": "MSHT20N3LO-MC-0-2",
  "table_tag": "baseline",
  "n": 0,
  "m": 2,
  "fit_name": "TableScan_baseline_unfrozen_0_2",
  "np_name": "NP-TableScan_baseline_unfrozen_0_2.cl",
  "param_names": [
    "g2",
    "bmax_CS",
    "power_CS",
    "a1",
    "a2",
    "a3",
    "a4",
    "b1",
    "b2",
    "b3",
    "a"
  ],
  "free_idx": [
    0,
    1,
    2,
    3,
    4,
    5,
    6,
    7,
    8,
    9,
    10
  ],
  "frozen_idx": [],
  "initial": {
    "full_params": [
      0.507708972219,
      1.27253800422,
      0.907809151805,
      3.28914068259,
      0.0532043999313,
      -0.773310613438,
      0.00599935699204,
      -0.436194377579,
      0.863210055205,
      -1.55170799737,
      0.000233237408021
    ],
    "free_params": [
      0.507708972219,
      1.27253800422,
      0.907809151805,
      3.28914068259,
      0.0532043999313,
      -0.773310613438,
      0.00599935699204,
      -0.436194377579,
      0.863210055205,
      -1.55170799737,
      0.000233237408021
    ],
    "metrics": {
      "chi2dN_total": 0.8351758567841131,
      "chi2dN_collider": 1.0144865116140842,
      "chi2dN_fixed_target": 0.5933781555740005,
      "highE_weighted_chi2dN": 1.6328908924755061,
      "highE_mean_ratio_first3": 1.01476872447706,
      "highE_mean_absdev_first3": 0.0550187949703436,
      "highE_mean_signed_first3": 0.014768724477060095,
      "highE_mean_shortfall_first3": 0.020125035246641755,
      "highE_mean_overshoot_first3": 0.03489375972370185,
      "cms_highmass_mean_ratio_first3": 1.0872343993092546,
      "cms_highmass_mean_absdev_first3": 0.08723439930925463,
      "cms_highmass_mean_signed_first3": 0.08723439930925463,
      "zlike_mean_ratio_first3": 0.9664582745889303,
      "zlike_mean_absdev_first3": 0.03354172541106959,
      "zlike_mean_signed_first3": -0.03354172541106959,
      "compute_s": 0.0435892
    },
    "per_file_chi2dN": {
      "ATLAS_7\\ATLAS7-00y10.csv": 1.2343026768389074,
      "ATLAS_7\\ATLAS7-10y20.csv": 4.574499267733093,
      "ATLAS_7\\ATLAS7-20y24.csv": 1.731756256450665,
      "ATLAS_8\\ATLAS8-00y04.csv": 3.2166328347717488,
      "ATLAS_8\\ATLAS8-04y08.csv": 1.6777748949886782,
      "ATLAS_8\\ATLAS8-08y12.csv": 1.8983334552867408,
      "ATLAS_8\\ATLAS8-116Q150.csv": 0.4600426929851089,
      "ATLAS_8\\ATLAS8-12y16.csv": 1.076213923983488,
      "ATLAS_8\\ATLAS8-16y20.csv": 1.4013814601172976,
      "ATLAS_8\\ATLAS8-20y24.csv": 0.8622808201532658,
      "ATLAS_8\\ATLAS8-46Q66.csv": 0.5104557799656346,
      "CDF_I\\CDF1.csv": 0.4563717972340524,
      "CDF_II\\CDF2.csv": 0.8653224315974696,
      "CMS_7\\CMS7.csv": 1.594895973993075,
      "CMS_8\\CMS8.csv": 0.8774696730961213,
      "CMS_13\\CMS13-00y04.csv": 1.4854244446442049,
      "CMS_13\\CMS13-04y08.csv": 0.845626652249201,
      "CMS_13\\CMS13-08y12.csv": 0.5106666030849119,
      "CMS_13\\CMS13-106Q170.csv": 0.6195529432123615,
      "CMS_13\\CMS13-12y16.csv": 0.2612506498459178,
      "CMS_13\\CMS13-16y24.csv": 0.2560694701047805,
      "CMS_13\\CMS13-170Q350.csv": 0.9056986913057745,
      "CMS_13\\CMS13-350Q1000.csv": 1.5165976482731522,
      "D0_I\\D01.csv": 0.6194451224948337,
      "D0_II\\D02.csv": 0.2635522839372023,
      "D0_II_mu\\D02mu.csv": 0.19427102438287502,
      "E288\\E228-200-4Q5.csv": 0.3791587935667766,
      "E288\\E228-200-5Q6.csv": 0.34271362688486373,
      "E288\\E228-200-6Q7.csv": 0.32920307646357694,
      "E288\\E228-200-7Q8.csv": 0.16794943063438145,
      "E288\\E228-200-8Q9.csv": 0.5274068334899068,
      "E288\\E228-300-11Q12.csv": 0.24138323950373186,
      "E288\\E228-300-4Q5.csv": 1.4220554574262207,
      "E288\\E228-300-5Q6.csv": 0.2756013395625862,
      "E288\\E228-300-6Q7.csv": 0.2445526981972619,
      "E288\\E228-300-7Q8.csv": 0.1518759565777179,
      "E288\\E228-300-8Q9.csv": 0.9989267515163165,
      "E288\\E228-400-11Q12.csv": 0.5599638138067398,
      "E288\\E228-400-12Q13.csv": 0.5739924856365909,
      "E288\\E228-400-13Q14.csv": 0.373749755892803,
      "E288\\E228-400-5Q6.csv": 0.8330585770007758,
      "E288\\E228-400-6Q7.csv": 1.2094738093781332,
      "E288\\E228-400-7Q8.csv": 0.33761195430817076,
      "E288\\E228-400-8Q9.csv": 0.6378758637939903,
      "E605\\E605-10.5Q11.5.csv": 0.1553427780659464,
      "E605\\E605-11.5Q13.5.csv": 0.29763155123571505,
      "E605\\E605-13.5Q18.csv": 0.59290966103944,
      "E605\\E605-7Q8.csv": 0.23411175644948515,
      "E605\\E605-8Q9.csv": 0.3965419301693885,
      "E772\\E772-11Q12.csv": 1.4398755889783375,
      "E772\\E772-12Q13.csv": 1.6695283963715473,
      "E772\\E772-13Q14.csv": 1.698771312258342,
      "E772\\E772-14Q15.csv": 0.2786087825443146,
      "LHCb_7\\LHCb7.csv": 1.1365444742388573,
      "LHCb_8\\LHCb8.csv": 1.4585183251993246,
      "LHCb_13\\LHCb13.csv": 0.8425518977193079,
      "STAR\\STAR510.csv": 1.0784063661168393
    },
    "high_energy_rows": [
      {
        "file": "CMS_13\\CMS13-170Q350.csv",
        "chi2dN": 0.9056986913057745,
        "N": 10,
        "ratio_1": 1.060722374119038,
        "data_1": 0.0344,
        "pred_1": 0.0364888496696949,
        "ratio_2": 1.0818326022957718,
        "data_2": 0.0781,
        "pred_2": 0.08449112623929977,
        "ratio_3": 1.0760793433485432,
        "data_3": 0.0902,
        "pred_3": 0.0970623567700386
      },
      {
        "file": "CMS_13\\CMS13-350Q1000.csv",
        "chi2dN": 1.5165976482731522,
        "N": 11,
        "ratio_1": 1.0937491447484793,
        "data_1": 0.00238,
        "pred_1": 0.002603122964501381,
        "ratio_2": 1.1161802979433433,
        "data_2": 0.00565,
        "pred_2": 0.0063064186833798885,
        "ratio_3": 1.0948426334003523,
        "data_3": 0.00699,
        "pred_3": 0.007652950007468462
      },
      {
        "file": "ATLAS_8\\ATLAS8-00y04.csv",
        "chi2dN": 3.2166328347717488,
        "N": 6,
        "ratio_1": 0.9608863869217008,
        "data_1": 3.257,
        "pred_1": 3.1296069622039795,
        "ratio_2": 0.9814385651262587,
        "data_2": 6.708,
        "pred_2": 6.583489894866943,
        "ratio_3": 0.9995046597987297,
        "data_3": 6.714,
        "pred_3": 6.710674285888672
      },
      {
        "file": "ATLAS_8\\ATLAS8-04y08.csv",
        "chi2dN": 1.6777748949886782,
        "N": 6,
        "ratio_1": 0.9726347038930305,
        "data_1": 3.219,
        "pred_1": 3.130911111831665,
        "ratio_2": 0.9828380941273281,
        "data_2": 6.676,
        "pred_2": 6.561427116394043,
        "ratio_3": 0.9895000964540286,
        "data_3": 6.737,
        "pred_3": 6.666262149810791
      },
      {
        "file": "LHCb_8\\LHCb8.csv",
        "chi2dN": 1.4585183251993246,
        "N": 7,
        "ratio_1": 0.9131082746355315,
        "data_1": 3.592273,
        "pred_1": 3.2801342010498047,
        "ratio_2": 0.9377875248646717,
        "data_2": 6.420833,
        "pred_2": 6.021377086639404,
        "ratio_3": 0.9604261654790941,
        "data_3": 6.340833,
        "pred_3": 6.089901924133301
      }
    ]
  },
  "fit": {
    "elapsed_s": 66.49873940000543,
    "nf": 810,
    "flag": 1,
    "free_params": [
      0.506731010472014,
      1.3220328959812495,
      0.9062488543250571,
      3.423133593463934,
      0.2746572773351623,
      -1.5059699221619223,
      0.05625404524784361,
      0.602983341319943,
      1.1439566288687946,
      -2.1388154086743763,
      0.0030284671367385063
    ],
    "log10_chi2": -0.07890607017026663,
    "stage1": [
      {
        "start_id": 0,
        "log10_chi2": -0.07822662145402537,
        "nf": 60,
        "flag": 1
      },
      {
        "start_id": 5,
        "log10_chi2": -0.07681468493063238,
        "nf": 60,
        "flag": 1
      },
      {
        "start_id": 3,
        "log10_chi2": -0.05657076834495541,
        "nf": 60,
        "flag": 1
      },
      {
        "start_id": 4,
        "log10_chi2": -0.052936308889596155,
        "nf": 60,