{
  "model": "poly_bstar_cslog_loggauss",
  "label": "Poly-x bstar + CSlog + loggauss",
  "table_name": "MSHT20N3LO-MC-power-leptonic",
  "table_tag": "power_leptonic",
  "n": 0,
  "m": 2,
  "fit_name": "TableScan_poly_bstar_cslog_loggauss_power_leptonic",
  "np_name": "NP-TableScan_poly_bstar_cslog_loggauss_power_leptonic.cl",
  "param_names": [
    "lambda1",
    "lambda2",
    "lambda3",
    "lambda4",
    "alpha",
    "logx0",
    "sigx",
    "amp",
    "BNP",
    "c0",
    "c1"
  ],
  "free_idx": [
    0,
    1,
    2,
    3,
    4,
    5,
    6,
    7,
    8,
    9,
    10
  ],
  "frozen_idx": [],
  "initial": {
    "full_params": [
      0.751883428893,
      0.984075235429,
      -0.617288022623,
      0.0559830930086,
      0.802884531187,
      -4.52591784597,
      0.341294297697,
      -0.337847161581,
      1.62253640916,
      0.0749520392547,
      0.0199290726875
    ],
    "free_params": [
      0.751883428893,
      0.984075235429,
      -0.617288022623,
      0.0559830930086,
      0.802884531187,
      -4.52591784597,
      0.341294297697,
      -0.337847161581,
      1.62253640916,
      0.0749520392547,
      0.0199290726875
    ],
    "metrics": {
      "chi2dN_total": 0.8237047314179942,
      "chi2dN_collider": 0.8727672254397423,
      "chi2dN_fixed_target": 0.7575447016007878,
      "highE_weighted_chi2dN": 1.3697689121019323,
      "highE_mean_ratio_first3": 1.0297462162964446,
      "highE_mean_absdev_first3": 0.05122016607536877,
      "highE_mean_signed_first3": 0.02974621629644479,
      "highE_mean_shortfall_first3": 0.010736974889461992,
      "highE_mean_overshoot_first3": 0.040483191185906785,
      "cms_highmass_mean_ratio_first3": 1.1008378447563718,
      "cms_highmass_mean_absdev_first3": 0.10083784475637177,
      "cms_highmass_mean_signed_first3": 0.10083784475637177,
      "zlike_mean_ratio_first3": 0.9823517973231601,
      "zlike_mean_absdev_first3": 0.018141713621366778,
      "zlike_mean_signed_first3": -0.017648202676839864,
      "compute_s": 0.0431242
    },
    "per_file_chi2dN": {
      "ATLAS_7\\ATLAS7-00y10.csv": 0.5067844629931096,
      "ATLAS_7\\ATLAS7-10y20.csv": 3.187874857253633,
      "ATLAS_7\\ATLAS7-20y24.csv": 1.3684725269068958,
      "ATLAS_8\\ATLAS8-00y04.csv": 2.7858968982170444,
      "ATLAS_8\\ATLAS8-04y08.csv": 1.2046359621710085,
      "ATLAS_8\\ATLAS8-08y12.csv": 0.6951365509487294,
      "ATLAS_8\\ATLAS8-116Q150.csv": 0.5372238254234926,
      "ATLAS_8\\ATLAS8-12y16.csv": 1.3860461800825992,
      "ATLAS_8\\ATLAS8-16y20.csv": 0.944239427352009,
      "ATLAS_8\\ATLAS8-20y24.csv": 0.8501334004696034,
      "ATLAS_8\\ATLAS8-46Q66.csv": 0.4226701155654417,
      "CDF_I\\CDF1.csv": 0.4750115120341665,
      "CDF_II\\CDF2.csv": 0.6900767727055925,
      "CMS_7\\CMS7.csv": 1.452640021470332,
      "CMS_8\\CMS8.csv": 0.758519109004465,
      "CMS_13\\CMS13-00y04.csv": 1.4214723476396889,
      "CMS_13\\CMS13-04y08.csv": 0.843718167621126,
      "CMS_13\\CMS13-08y12.csv": 0.46476878749417533,
      "CMS_13\\CMS13-106Q170.csv": 0.7858464529191985,
      "CMS_13\\CMS13-12y16.csv": 0.24679532203453378,
      "CMS_13\\CMS13-16y24.csv": 0.2627903404495384,
      "CMS_13\\CMS13-170Q350.csv": 1.055810667324992,
      "CMS_13\\CMS13-350Q1000.csv": 1.541788679295278,
      "D0_I\\D01.csv": 0.6012674372656023,
      "D0_II\\D02.csv": 0.5362967713463149,
      "D0_II_mu\\D02mu.csv": 0.29376234234591836,
      "E288\\E228-200-4Q5.csv": 0.5454525951402386,
      "E288\\E228-200-5Q6.csv": 0.3066108981672742,
      "E288\\E228-200-6Q7.csv": 0.3073484018076629,
      "E288\\E228-200-7Q8.csv": 0.13271401543161204,
      "E288\\E228-200-8Q9.csv": 0.44441097180868017,
      "E288\\E228-300-11Q12.csv": 0.282120861900507,
      "E288\\E228-300-4Q5.csv": 1.4657345529805994,
      "E288\\E228-300-5Q6.csv": 0.2397217579772128,
      "E288\\E228-300-6Q7.csv": 0.35494171403306723,
      "E288\\E228-300-7Q8.csv": 0.09844771870424347,
      "E288\\E228-300-8Q9.csv": 1.0786347918268837,
      "E288\\E228-400-11Q12.csv": 0.6910234372912947,
      "E288\\E228-400-12Q13.csv": 0.8923518134157358,
      "E288\\E228-400-13Q14.csv": 0.5775294311012787,
      "E288\\E228-400-5Q6.csv": 0.7509098263573405,
      "E288\\E228-400-6Q7.csv": 1.3319204010994148,
      "E288\\E228-400-7Q8.csv": 0.5176134025600632,
      "E288\\E228-400-8Q9.csv": 0.7768723622517155,
      "E605\\E605-10.5Q11.5.csv": 0.2501400587114966,
      "E605\\E605-11.5Q13.5.csv": 0.4890482070807765,
      "E605\\E605-13.5Q18.csv": 0.9267429790485227,
      "E605\\E605-7Q8.csv": 0.24757114528481555,
      "E605\\E605-8Q9.csv": 0.4128385314447445,
      "E772\\E772-11Q12.csv": 1.6982326262838645,
      "E772\\E772-12Q13.csv": 2.4619329557770535,
      "E772\\E772-13Q14.csv": 2.479132868817975,
      "E772\\E772-14Q15.csv": 0.21769849100184535,
      "LHCb_7\\LHCb7.csv": 0.8663930012333806,
      "LHCb_8\\LHCb8.csv": 0.47568245375014245,
      "LHCb_13\\LHCb13.csv": 0.8236577939632047,
      "STAR\\STAR510.csv": 1.278054989250277
    },
    "high_energy_rows": [
      {
        "file": "CMS_13\\CMS13-170Q350.csv",
        "chi2dN": 1.055810667324992,
        "N": 10,
        "ratio_1": 1.0771616253741951,
        "data_1": 0.0344,
        "pred_1": 0.037054359912872314,
        "ratio_2": 1.0934332803025288,
        "data_2": 0.0781,
        "pred_2": 0.0853971391916275,
        "ratio_3": 1.0832417302015351,
        "data_3": 0.0902,
        "pred_3": 0.09770840406417847
      },
      {
        "file": "CMS_13\\CMS13-350Q1000.csv",
        "chi2dN": 1.541788679295278,
        "N": 11,
        "ratio_1": 1.1153818507279667,
        "data_1": 0.00238,
        "pred_1": 0.002654608804732561,
        "ratio_2": 1.1318140720899126,
        "data_2": 0.00565,
        "pred_2": 0.006394749507308006,
        "ratio_3": 1.1039945098420922,
        "data_3": 0.00699,
        "pred_3": 0.007716921623796225
      },
      {
        "file": "ATLAS_8\\ATLAS8-00y04.csv",
        "chi2dN": 2.7858968982170444,
        "N": 6,
        "ratio_1": 0.9920138100520723,
        "data_1": 3.257,
        "pred_1": 3.2309889793395996,
        "ratio_2": 0.9950075962746789,
        "data_2": 6.708,
        "pred_2": 6.674510955810547,
        "ratio_3": 1.002220799250371,
        "data_3": 6.714,
        "pred_3": 6.728910446166992
      },
      {
        "file": "ATLAS_8\\ATLAS8-04y08.csv",
        "chi2dN": 1.2046359621710085,
        "N": 6,
        "ratio_1": 0.9837501646754682,
        "data_1": 3.219,
        "pred_1": 3.166691780090332,
        "ratio_2": 0.9901531446901461,
        "data_2": 6.676,
        "pred_2": 6.610262393951416,
        "ratio_3": 0.994488873396108,
        "data_3": 6.737,
        "pred_3": 6.69987154006958
      },
      {
        "file": "LHCb_8\\LHCb8.csv",
        "chi2dN": 0.47568245375014245,
        "N": 7,
        "ratio_1": 0.9533236181792576,
        "data_1": 3.592273,
        "pred_1": 3.4245986938476562,
        "ratio_2": 0.9606001088286452,
        "data_2": 6.420833,
        "pred_2": 6.167852878570557,
        "ratio_3": 0.9696080605616937,
        "data_3": 6.340833,
        "pred_3": 6.148122787475586
      }
    ]
  },
  "fit": {
    "elapsed_s": 51.99219699999958,
    "nf": 630,
    "flag": 1,
    "free_params": [
      0.7487668497046982,
      0.9910488155093352,
      -0.6193117048967878,
      0.0560631882125916,
      0.7922271125270145,
      -4.538626411784527,
      0.33770523670817687,
      -0.3365828516166445,
      1.6105492159621329,
      0.07542888072659786,
      0.02047321565005198
    ],
    "log10_chi2": -0.0846918449727754,
    "stage1": [
      {
        "start_id": 0,
        "log10_chi2": -0.08463315311729255,
        "nf": 60,
        "flag": 1
      },
      {
        "start_id": 2,
        "log10_chi2": -0.05542209543056868,
        "nf": 60,
        "flag": 1
      },
      {
        "start_id": 1,
        "log10_chi2": -0.028539526361072827,
        "nf": 60,
        "flag": 1
      }
    ],