{
  "model": "poly_bstar_cslog",
  "label": "Poly-x bstar + CSlog",
  "table_name": "MSHT20N3LO-MC-0-2",
  "table_tag": "baseline",
  "n": 0,
  "m": 2,
  "fit_name": "TableScan_poly_bstar_cslog_0_2",
  "np_name": "NP-TableScan_poly_bstar_cslog_0_2.cl",
  "param_names": [
    "lambda1",
    "lambda2",
    "lambda3",
    "lambda4",
    "alpha",
    "BNP",
    "c0",
    "c1"
  ],
  "free_idx": [
    0,
    1,
    2,
    3,
    4,
    5,
    6,
    7
  ],
  "frozen_idx": [],
  "initial": {
    "full_params": [
      1.04068048666,
      0.99850096912,
      -1.15183835919,
      0.190079827968,
      0.87422103378,
      1.52270546838,
      0.0818922818062,
      0.0202840470381
    ],
    "free_params": [
      1.04068048666,
      0.99850096912,
      -1.15183835919,
      0.190079827968,
      0.87422103378,
      1.52270546838,
      0.0818922818062,
      0.0202840470381
    ],
    "metrics": {
      "chi2dN_total": 0.8355868217506134,
      "chi2dN_collider": 0.9006944256367024,
      "chi2dN_fixed_target": 0.7477902043890697,
      "highE_weighted_chi2dN": 1.5022397215780168,
      "highE_mean_ratio_first3": 1.0277683096143895,
      "highE_mean_absdev_first3": 0.05276568929228544,
      "highE_mean_signed_first3": 0.027768309614389437,
      "highE_mean_shortfall_first3": 0.012498689838948003,
      "highE_mean_overshoot_first3": 0.04026699945333744,
      "cms_highmass_mean_ratio_first3": 1.099854381763728,
      "cms_highmass_mean_absdev_first3": 0.09985438176372823,
      "cms_highmass_mean_signed_first3": 0.09985438176372823,
      "zlike_mean_ratio_first3": 0.9797109281814969,
      "zlike_mean_absdev_first3": 0.021373227644656927,
      "zlike_mean_signed_first3": -0.020289071818503084,
      "compute_s": 0.039162
    },
    "per_file_chi2dN": {
      "ATLAS_7\\ATLAS7-00y10.csv": 0.4217863366426622,
      "ATLAS_7\\ATLAS7-10y20.csv": 3.4164303808205214,
      "ATLAS_7\\ATLAS7-20y24.csv": 1.3160106560317784,
      "ATLAS_8\\ATLAS8-00y04.csv": 3.5230112640982494,
      "ATLAS_8\\ATLAS8-04y08.csv": 1.1453493801310477,
      "ATLAS_8\\ATLAS8-08y12.csv": 0.7646360528734899,
      "ATLAS_8\\ATLAS8-116Q150.csv": 0.5472703244373147,
      "ATLAS_8\\ATLAS8-12y16.csv": 1.2413546968185594,
      "ATLAS_8\\ATLAS8-16y20.csv": 0.9928857232952613,
      "ATLAS_8\\ATLAS8-20y24.csv": 0.9115556927060687,
      "ATLAS_8\\ATLAS8-46Q66.csv": 0.3434196762063584,
      "CDF_I\\CDF1.csv": 0.4947193667457956,
      "CDF_II\\CDF2.csv": 0.7585122772949562,
      "CMS_7\\CMS7.csv": 1.443617256155087,
      "CMS_8\\CMS8.csv": 0.7368812771491726,
      "CMS_13\\CMS13-00y04.csv": 1.3991149287326938,
      "CMS_13\\CMS13-04y08.csv": 0.8482739526488619,
      "CMS_13\\CMS13-08y12.csv": 0.46663643807718114,
      "CMS_13\\CMS13-106Q170.csv": 0.8196816482782813,
      "CMS_13\\CMS13-12y16.csv": 0.2562009064178622,
      "CMS_13\\CMS13-16y24.csv": 0.2637111068209859,
      "CMS_13\\CMS13-170Q350.csv": 1.0645727369266127,
      "CMS_13\\CMS13-350Q1000.csv": 1.550319315259481,
      "D0_I\\D01.csv": 0.613959180764469,
      "D0_II\\D02.csv": 0.6289076013569666,
      "D0_II_mu\\D02mu.csv": 0.3119411817736686,
      "E288\\E228-200-4Q5.csv": 0.45852631788816306,
      "E288\\E228-200-5Q6.csv": 0.3099159700400268,
      "E288\\E228-200-6Q7.csv": 0.32187652159087266,
      "E288\\E228-200-7Q8.csv": 0.1375555738818364,
      "E288\\E228-200-8Q9.csv": 0.4632605413054267,
      "E288\\E228-300-11Q12.csv": 0.285236050614909,
      "E288\\E228-300-4Q5.csv": 1.3952442846084976,
      "E288\\E228-300-5Q6.csv": 0.2622933544923599,
      "E288\\E228-300-6Q7.csv": 0.29591280055937924,
      "E288\\E228-300-7Q8.csv": 0.11060754909366584,
      "E288\\E228-300-8Q9.csv": 1.119639778907404,
      "E288\\E228-400-11Q12.csv": 0.687998597842719,
      "E288\\E228-400-12Q13.csv": 0.874275049492256,
      "E288\\E228-400-13Q14.csv": 0.576228501756878,
      "E288\\E228-400-5Q6.csv": 0.7444444254432454,
      "E288\\E228-400-6Q7.csv": 1.249806372242395,
      "E288\\E228-400-7Q8.csv": 0.5536235555523554,
      "E288\\E228-400-8Q9.csv": 0.788315004779051,
      "E605\\E605-10.5Q11.5.csv": 0.22944848320482394,
      "E605\\E605-11.5Q13.5.csv": 0.45561545781748314,
      "E605\\E605-13.5Q18.csv": 0.8993992309759633,
      "E605\\E605-7Q8.csv": 0.24209198981011104,
      "E605\\E605-8Q9.csv": 0.4299966920347321,
      "E772\\E772-11Q12.csv": 1.67500550208375,
      "E772\\E772-12Q13.csv": 2.4068026798234694,
      "E772\\E772-13Q14.csv": 2.49586178519917,
      "E772\\E772-14Q15.csv": 0.21760910805629632,
      "LHCb_7\\LHCb7.csv": 0.8714248174068706,
      "LHCb_8\\LHCb8.csv": 0.6257407372320686,
      "LHCb_13\\LHCb13.csv": 0.6534442323468065,
      "STAR\\STAR510.csv": 1.2463047362919935
    },
    "high_energy_rows": [
      {
        "file": "CMS_13\\CMS13-170Q350.csv",
        "chi2dN": 1.0645727369266127,
        "N": 10,
        "ratio_1": 1.0763803973447446,
        "data_1": 0.0344,
        "pred_1": 0.03702748566865921,
        "ratio_2": 1.0932975290068896,
        "data_2": 0.0781,
        "pred_2": 0.08538653701543808,
        "ratio_3": 1.0840384136811063,
        "data_3": 0.0902,
        "pred_3": 0.0977802649140358
      },
      {
        "file": "CMS_13\\CMS13-350Q1000.csv",
        "chi2dN": 1.550319315259481,
        "N": 11,
        "ratio_1": 1.1109946561711175,
        "data_1": 0.00238,
        "pred_1": 0.0026441672816872597,
        "ratio_2": 1.1299675808543654,
        "data_2": 0.00565,
        "pred_2": 0.006384316831827164,
        "ratio_3": 1.104447713524146,
        "data_3": 0.00699,
        "pred_3": 0.007720089517533779
      },
      {
        "file": "ATLAS_8\\ATLAS8-00y04.csv",
        "chi2dN": 3.5230112640982494,
        "N": 6,
        "ratio_1": 0.9784252686774324,
        "data_1": 3.257,
        "pred_1": 3.1867311000823975,
        "ratio_2": 0.9911598445548851,
        "data_2": 6.708,
        "pred_2": 6.64870023727417,
        "ratio_3": 1.0048787012176923,
        "data_3": 6.714,
        "pred_3": 6.746755599975586
      },
      {
        "file": "ATLAS_8\\ATLAS8-04y08.csv",
        "chi2dN": 1.1453493801310477,
        "N": 6,
        "ratio_1": 0.9891051392852983,
        "data_1": 3.219,
        "pred_1": 3.183929443359375,
        "ratio_2": 0.9921087770136335,
        "data_2": 6.676,
        "pred_2": 6.623318195343018,
        "ratio_3": 0.9949643657560322,
        "data_3": 6.737,
        "pred_3": 6.703074932098389
      },
      {
        "file": "LHCb_8\\LHCb8.csv",
        "chi2dN": 0.6257407372320686,
        "N": 7,
        "ratio_1": 0.9370185399382996,
        "data_1": 3.592273,
        "pred_1": 3.3660264015197754,
        "ratio_2": 0.9564750370833514,
        "data_2": 6.420833,
        "pred_2": 6.141366481781006,
        "ratio_3": 0.9732626801068474,
        "data_3": 6.340833,
        "pred_3": 6.171296119689941
      }
    ]
  },
  "fit": {
    "elapsed_s": 50.70863159999135,
    "nf": 623,
    "flag": 0,
    "free_params": [
      1.1642814194792102,
      1.2300213220942025,
      -1.8754413259706553,
      0.2139032046085998,
      0.9093846261237899,
      1.54215843218967,
      0.08108023759017988,
      0.019803586011236406
    ],
    "log10_chi2": -0.07845483743117905,
    "stage1": [
      {
        "start_id": 0,
        "log10_chi2": -0.07802042196633671,
        "nf": 60,
        "flag": 1
      },
      {
        "start_id": 1,
        "log10_chi2": -0.07224708112235707,
        "nf": 60,
        "flag": 1
      },
      {
        "start_id": 2,
        "log10_chi2": -0.040361006312246726,
        "nf": 60,
        "flag": 1
      }
    ],
    "stage2": [
      {
        "log10_chi2": -0.07838912579818551,
        "nf": 180,
        "flag": 1
      },
      {
        "log10_chi2": -0.07803790191183108,
        "nf": 180,
        "flag": 1
      }
    ],
    "polish_nf": 83
  },