{
  "model": "poly_bstar_cslog_loggauss",
  "label": "Poly-x bstar + CSlog + loggauss",
  "table_name": "MSHT20N3LO-MC-power-full",
  "table_tag": "power_full",
  "n": 0,
  "m": 2,
  "fit_name": "TableScan_poly_bstar_cslog_loggauss_power_full",
  "np_name": "NP-TableScan_poly_bstar_cslog_loggauss_power_full.cl",
  "param_names": [
    "lambda1",
    "lambda2",
    "lambda3",
    "lambda4",
    "alpha",
    "logx0",
    "sigx",
    "amp",
    "BNP",
    "c0",
    "c1"
  ],
  "free_idx": [
    0,
    1,
    2,
    3,
    4,
    5,
    6,
    7,
    8,
    9,
    10
  ],
  "frozen_idx": [],
  "initial": {
    "full_params": [
      0.751883428893,
      0.984075235429,
      -0.617288022623,
      0.0559830930086,
      0.802884531187,
      -4.52591784597,
      0.341294297697,
      -0.337847161581,
      1.62253640916,
      0.0749520392547,
      0.0199290726875
    ],
    "free_params": [
      0.751883428893,
      0.984075235429,
      -0.617288022623,
      0.0559830930086,
      0.802884531187,
      -4.52591784597,
      0.341294297697,
      -0.337847161581,
      1.62253640916,
      0.0749520392547,
      0.0199290726875
    ],
    "metrics": {
      "chi2dN_total": 0.9561391045833171,
      "chi2dN_collider": 1.1347600407590352,
      "chi2dN_fixed_target": 0.7152714785281833,
      "highE_weighted_chi2dN": 1.6279197482534755,
      "highE_mean_ratio_first3": 1.0284945025587364,
      "highE_mean_absdev_first3": 0.05196767414914385,
      "highE_mean_signed_first3": 0.02849450255873635,
      "highE_mean_shortfall_first3": 0.01173658579520375,
      "highE_mean_overshoot_first3": 0.0402310883539401,
      "cms_highmass_mean_ratio_first3": 1.1005777208848502,
      "cms_highmass_mean_absdev_first3": 0.10057772088485024,
      "cms_highmass_mean_signed_first3": 0.10057772088485024,
      "zlike_mean_ratio_first3": 0.9804390236746604,
      "zlike_mean_absdev_first3": 0.019560976325339582,
      "zlike_mean_signed_first3": -0.019560976325339582,
      "compute_s": 0.0392166
    },
    "per_file_chi2dN": {
      "ATLAS_7\\ATLAS7-00y10.csv": 0.23305057190748293,
      "ATLAS_7\\ATLAS7-10y20.csv": 3.314837163848267,
      "ATLAS_7\\ATLAS7-20y24.csv": 1.1910823665534853,
      "ATLAS_8\\ATLAS8-00y04.csv": 3.5984159101516098,
      "ATLAS_8\\ATLAS8-04y08.csv": 2.2030855462140293,
      "ATLAS_8\\ATLAS8-08y12.csv": 0.549732138864074,
      "ATLAS_8\\ATLAS8-116Q150.csv": 0.9427732510072022,
      "ATLAS_8\\ATLAS8-12y16.csv": 3.245987523429077,
      "ATLAS_8\\ATLAS8-16y20.csv": 2.489898489164919,
      "ATLAS_8\\ATLAS8-20y24.csv": 1.7616701710543605,
      "ATLAS_8\\ATLAS8-46Q66.csv": 0.3156345130700475,
      "CDF_I\\CDF1.csv": 0.5396884598339698,
      "CDF_II\\CDF2.csv": 0.9058868539261067,
      "CMS_7\\CMS7.csv": 1.3065053174825136,
      "CMS_8\\CMS8.csv": 0.6629435709512324,
      "CMS_13\\CMS13-00y04.csv": 1.988991314516046,
      "CMS_13\\CMS13-04y08.csv": 1.500012218177266,
      "CMS_13\\CMS13-08y12.csv": 0.4898684771066754,
      "CMS_13\\CMS13-106Q170.csv": 1.1486585842054333,
      "CMS_13\\CMS13-12y16.csv": 0.4291159385918373,
      "CMS_13\\CMS13-16y24.csv": 0.37813726965748296,
      "CMS_13\\CMS13-170Q350.csv": 1.1247780123790323,
      "CMS_13\\CMS13-350Q1000.csv": 1.5181101931620715,
      "D0_I\\D01.csv": 0.6144941062204572,
      "D0_II\\D02.csv": 0.8082331832363817,
      "D0_II_mu\\D02mu.csv": 0.4696013231768344,
      "E288\\E228-200-4Q5.csv": 0.394934502387871,
      "E288\\E228-200-5Q6.csv": 0.3618756042958654,
      "E288\\E228-200-6Q7.csv": 0.4917041824361597,
      "E288\\E228-200-7Q8.csv": 0.12484464927569708,
      "E288\\E228-200-8Q9.csv": 0.45575623314555314,
      "E288\\E228-300-11Q12.csv": 0.2688680687839922,
      "E288\\E228-300-4Q5.csv": 1.2366104684486767,
      "E288\\E228-300-5Q6.csv": 0.3765777212908526,
      "E288\\E228-300-6Q7.csv": 0.08779867272077889,
      "E288\\E228-300-7Q8.csv": 0.2423885588626769,
      "E288\\E228-300-8Q9.csv": 1.279579321856879,
      "E288\\E228-400-11Q12.csv": 0.6221305374363137,
      "E288\\E228-400-12Q13.csv": 0.8074490541775835,
      "E288\\E228-400-13Q14.csv": 0.4963271009351585,
      "E288\\E228-400-5Q6.csv": 0.6910027265543509,
      "E288\\E228-400-6Q7.csv": 1.0796523230214772,
      "E288\\E228-400-7Q8.csv": 1.0371406970289967,
      "E288\\E228-400-8Q9.csv": 0.9826349699444911,
      "E605\\E605-10.5Q11.5.csv": 0.1637874406971124,
      "E605\\E605-11.5Q13.5.csv": 0.3632280151183971,
      "E605\\E605-13.5Q18.csv": 0.7454656938935856,
      "E605\\E605-7Q8.csv": 0.2764134103733263,
      "E605\\E605-8Q9.csv": 0.4495764815890625,
      "E772\\E772-11Q12.csv": 1.4957101585137969,
      "E772\\E772-12Q13.csv": 2.0920344196385834,
      "E772\\E772-13Q14.csv": 2.268018164420363,
      "E772\\E772-14Q15.csv": 0.22222712672866776,
      "LHCb_7\\LHCb7.csv": 1.2127971779499613,
      "LHCb_8\\LHCb8.csv": 0.33725556333886875,
      "LHCb_13\\LHCb13.csv": 0.725144979062893,
      "STAR\\STAR510.csv": 1.3743443319800341
    },
    "high_energy_rows": [
      {
        "file": "CMS_13\\CMS13-170Q350.csv",
        "chi2dN": 1.1247780123790323,
        "N": 10,
        "ratio_1": 1.0770977323138438,
        "data_1": 0.0344,
        "pred_1": 0.03705216199159622,
        "ratio_2": 1.0931075916705455,
        "data_2": 0.0781,
        "pred_2": 0.0853717029094696,
        "ratio_3": 1.0823755795569747,
        "data_3": 0.0902,
        "pred_3": 0.09763027727603912
      },
      {
        "file": "CMS_13\\CMS13-350Q1000.csv",
        "chi2dN": 1.5181101931620715,
        "N": 11,
        "ratio_1": 1.1153662960757227,
        "data_1": 0.00238,
        "pred_1": 0.00265457178466022,
        "ratio_2": 1.1317337970290564,
        "data_2": 0.00565,
        "pred_2": 0.0063942959532141685,
        "ratio_3": 1.1037853286629584,
        "data_3": 0.00699,
        "pred_3": 0.007715459447354078
      },
      {
        "file": "ATLAS_8\\ATLAS8-00y04.csv",
        "chi2dN": 3.5984159101516098,
        "N": 6,
        "ratio_1": 0.9917157319267724,
        "data_1": 3.257,
        "pred_1": 3.230018138885498,
        "ratio_2": 0.9934979673646075,
        "data_2": 6.708,
        "pred_2": 6.664384365081787,
        "ratio_3": 0.9981017756185113,
        "data_3": 6.714,
        "pred_3": 6.7012553215026855
      },
      {
        "file": "ATLAS_8\\ATLAS8-04y08.csv",
        "chi2dN": 2.2030855462140293,
        "N": 6,
        "ratio_1": 0.9834556040389081,
        "data_1": 3.219,
        "pred_1": 3.165743589401245,
        "ratio_2": 0.9886592073023426,
        "data_2": 6.676,
        "pred_2": 6.6002888679504395,
        "ratio_3": 0.990399129492992,
        "data_3": 6.737,
        "pred_3": 6.672318935394287
      },
      {
        "file": "LHCb_8\\LHCb8.csv",
        "chi2dN": 0.33725556333886875,
        "N": 7,
        "ratio_1": 0.9528709095103864,
        "data_1": 3.592273,
        "pred_1": 3.4229724407196045,
        "ratio_2": 0.9589812264793193,
        "data_2": 6.420833,
        "pred_2": 6.157458305358887,
        "ratio_3": 0.9662696613381041,
        "data_3": 6.340833,
        "pred_3": 6.126954555511475
      }
    ]
  },
  "fit": {
    "elapsed_s": 52.19137880000926,
    "nf": 630,
    "flag": 1,
    "free_params": [
      0.8366481268536865,
      1.1695950827671684,
      -1.2276887605854583,
      0.05744082943702833,
      0.8041320192112937,
      -5.027280442134858,
      0.6593275448278734,
      -0.6375589918447906,
      2.2021008970499305,
      0.06494963721527108,
      0.008213528340931768
    ],
    "log10_chi2": -0.05826450238773802,
    "stage1": [
      {
        "start_id": 0,
        "log10_chi2": -0.03500524242784865,
        "nf": 60,
        "flag": 1
      },
      {
        "start_id": 1,
        "log10_chi2": -0.028615092471371163,
        "nf": 60,
        "flag": 1
      },
      {
        "start_id": 2,
        "log10_chi2": -0.008402291665304765,
        "nf": 60,
        "flag": 1
      }
    ],