{
  "model": "poly_bstar_cslog",
  "label": "Poly-x bstar + CSlog",
  "table_name": "MSHT20N3LO-MC-power-x",
  "table_tag": "power_x",
  "n": 0,
  "m": 2,
  "fit_name": "TableScan_poly_bstar_cslog_power_x",
  "np_name": "NP-TableScan_poly_bstar_cslog_power_x.cl",
  "param_names": [
    "lambda1",
    "lambda2",
    "lambda3",
    "lambda4",
    "alpha",
    "BNP",
    "c0",
    "c1"
  ],
  "free_idx": [
    0,
    1,
    2,
    3,
    4,
    5,
    6,
    7
  ],
  "frozen_idx": [],
  "initial": {
    "full_params": [
      1.04068048666,
      0.99850096912,
      -1.15183835919,
      0.190079827968,
      0.87422103378,
      1.52270546838,
      0.0818922818062,
      0.0202840470381
    ],
    "free_params": [
      1.04068048666,
      0.99850096912,
      -1.15183835919,
      0.190079827968,
      0.87422103378,
      1.52270546838,
      0.0818922818062,
      0.0202840470381
    ],
    "metrics": {
      "chi2dN_total": 1.0006348689994429,
      "chi2dN_collider": 1.2049178881298686,
      "chi2dN_fixed_target": 0.7251623128993244,
      "highE_weighted_chi2dN": 1.9516728761325879,
      "highE_mean_ratio_first3": 1.0265162256350386,
      "highE_mean_absdev_first3": 0.05325899253593463,
      "highE_mean_signed_first3": 0.02651622563503854,
      "highE_mean_shortfall_first3": 0.013371383450448046,
      "highE_mean_overshoot_first3": 0.03988760908548659,
      "cms_highmass_mean_ratio_first3": 1.09959399592561,
      "cms_highmass_mean_absdev_first3": 0.09959399592561002,
      "cms_highmass_mean_signed_first3": 0.09959399592561002,
      "zlike_mean_ratio_first3": 0.9777977121079908,
      "zlike_mean_absdev_first3": 0.022368990276151038,
      "zlike_mean_signed_first3": -0.022202287892009114,
      "compute_s": 0.0394398
    },
    "per_file_chi2dN": {
      "ATLAS_7\\ATLAS7-00y10.csv": 0.34405300350816437,
      "ATLAS_7\\ATLAS7-10y20.csv": 3.477156643314792,
      "ATLAS_7\\ATLAS7-20y24.csv": 1.166385322471496,
      "ATLAS_8\\ATLAS8-00y04.csv": 5.692868932999374,
      "ATLAS_8\\ATLAS8-04y08.csv": 2.0953316746690915,
      "ATLAS_8\\ATLAS8-08y12.csv": 0.32811365946444754,
      "ATLAS_8\\ATLAS8-116Q150.csv": 0.9805167825191154,
      "ATLAS_8\\ATLAS8-12y16.csv": 2.987938673292701,
      "ATLAS_8\\ATLAS8-16y20.csv": 2.5999921302391438,
      "ATLAS_8\\ATLAS8-20y24.csv": 1.883644900417261,
      "ATLAS_8\\ATLAS8-46Q66.csv": 0.3359188031891147,
      "CDF_I\\CDF1.csv": 0.5674140232959811,
      "CDF_II\\CDF2.csv": 1.0404177615297083,
      "CMS_7\\CMS7.csv": 1.3033830951140033,
      "CMS_8\\CMS8.csv": 0.6434336984801632,
      "CMS_13\\CMS13-00y04.csv": 2.02131617363137,
      "CMS_13\\CMS13-04y08.csv": 1.528531517341091,
      "CMS_13\\CMS13-08y12.csv": 0.5147012118260548,
      "CMS_13\\CMS13-106Q170.csv": 1.2051832567877625,
      "CMS_13\\CMS13-12y16.csv": 0.4638277235376241,
      "CMS_13\\CMS13-16y24.csv": 0.3886801363277479,
      "CMS_13\\CMS13-170Q350.csv": 1.1367097316982147,
      "CMS_13\\CMS13-350Q1000.csv": 1.526661986342795,
      "D0_I\\D01.csv": 0.6419331944654715,
      "D0_II\\D02.csv": 0.9448163729647199,
      "D0_II_mu\\D02mu.csv": 0.48932766997482463,
      "E288\\E228-200-4Q5.csv": 0.3102753831274763,
      "E288\\E228-200-5Q6.csv": 0.3784079167450245,
      "E288\\E228-200-6Q7.csv": 0.5332217214330353,
      "E288\\E228-200-7Q8.csv": 0.13397458379000357,
      "E288\\E228-200-8Q9.csv": 0.47021476232234355,
      "E288\\E228-300-11Q12.csv": 0.2711400657915566,
      "E288\\E228-300-4Q5.csv": 1.1610105026684214,
      "E288\\E228-300-5Q6.csv": 0.42025530880580947,
      "E288\\E228-300-6Q7.csv": 0.0685379670179065,
      "E288\\E228-300-7Q8.csv": 0.27938764182413506,
      "E288\\E228-300-8Q9.csv": 1.3274059494508845,
      "E288\\E228-400-11Q12.csv": 0.623773724284913,
      "E288\\E228-400-12Q13.csv": 0.7956390567985222,
      "E288\\E228-400-13Q14.csv": 0.4960674963386882,
      "E288\\E228-400-5Q6.csv": 0.7332169635637307,
      "E288\\E228-400-6Q7.csv": 1.1817430348725573,
      "E288\\E228-400-7Q8.csv": 1.1808425427038876,
      "E288\\E228-400-8Q9.csv": 1.0504414248814344,
      "E605\\E605-10.5Q11.5.csv": 0.15471236251634357,
      "E605\\E605-11.5Q13.5.csv": 0.34284629955071977,
      "E605\\E605-13.5Q18.csv": 0.7257352474143814,
      "E605\\E605-7Q8.csv": 0.27575295180587384,
      "E605\\E605-8Q9.csv": 0.4710514938827517,
      "E772\\E772-11Q12.csv": 1.4795482867414242,
      "E772\\E772-12Q13.csv": 2.046537399297471,
      "E772\\E772-13Q14.csv": 2.2850342209063266,
      "E772\\E772-14Q15.csv": 0.22173019980131028,
      "LHCb_7\\LHCb7.csv": 1.1814760742229589,
      "LHCb_8\\LHCb8.csv": 0.4539046046485477,
      "LHCb_13\\LHCb13.csv": 0.5127635163111783,
      "STAR\\STAR510.csv": 1.3418602498085836
    },
    "high_energy_rows": [
      {
        "file": "CMS_13\\CMS13-170Q350.csv",
        "chi2dN": 1.1367097316982147,
        "N": 10,
        "ratio_1": 1.0763162876977477,
        "data_1": 0.0344,
        "pred_1": 0.03702528029680252,
        "ratio_2": 1.0929716495789883,
        "data_2": 0.0781,
        "pred_2": 0.08536108583211899,
        "ratio_3": 1.0831711066271408,
        "data_3": 0.0902,
        "pred_3": 0.0977020338177681
      },
      {
        "file": "CMS_13\\CMS13-350Q1000.csv",
        "chi2dN": 1.526661986342795,
        "N": 11,
        "ratio_1": 1.110979395002878,
        "data_1": 0.00238,
        "pred_1": 0.0026441309601068497,
        "ratio_2": 1.129887470629363,
        "data_2": 0.00565,
        "pred_2": 0.006383864209055901,
        "ratio_3": 1.1042380660175426,
        "data_3": 0.00699,
        "pred_3": 0.007718624081462622
      },
      {
        "file": "ATLAS_8\\ATLAS8-00y04.csv",
        "chi2dN": 5.692868932999374,
        "N": 6,
        "ratio_1": 0.9781306310412998,
        "data_1": 3.257,
        "pred_1": 3.1857714653015137,
        "ratio_2": 0.9896542674811312,
        "data_2": 6.708,
        "pred_2": 6.638600826263428,
        "ratio_3": 1.0007501607286386,
        "data_3": 6.714,
        "pred_3": 6.71903657913208
      },
      {
        "file": "ATLAS_8\\ATLAS8-04y08.csv",
        "chi2dN": 2.0953316746690915,
        "N": 6,
        "ratio_1": 0.9888091713939998,
        "data_1": 3.219,
        "pred_1": 3.182976722717285,
        "ratio_2": 0.9906116254748235,
        "data_2": 6.676,
        "pred_2": 6.613323211669922,
        "ratio_3": 0.9908735601700642,
        "data_3": 6.737,
        "pred_3": 6.675515174865723
      },
      {
        "file": "LHCb_8\\LHCb8.csv",
        "chi2dN": 0.4539046046485477,
        "N": 7,
        "ratio_1": 0.9365753885261823,
        "data_1": 3.592273,
        "pred_1": 3.3644344806671143,
        "ratio_2": 0.9548653634780648,
        "data_2": 6.420833,
        "pred_2": 6.131031036376953,
        "ratio_3": 0.9699092406777137,
        "data_3": 6.340833,
        "pred_3": 6.1500325202941895
      }
    ]
  },
  "fit": {
    "elapsed_s": 51.58809800000745,
    "nf": 630,
    "flag": 1,
    "free_params": [
      1.2631004178606384,
      0.7988226932011383,
      -1.0686915166511426,
      0.23670391772322674,
      0.6120749008371299,
      3.1882661260126497,
      0.06328827891304473,
      0.0036737053866159348
    ],
    "log10_chi2": -0.057430211864790685,
    "stage1": [
      {
        "start_id": 1,
        "log10_chi2": -0.03982605128719599,
        "nf": 60,
        "flag": 1
      },
      {
        "start_id": 0,
        "log10_chi2": -0.018994972120582224,
        "nf": 60,
        "flag": 1
      },
      {
        "start_id": 2,
        "log10_chi2": -0.009408023587998705,
        "nf": 60,
        "flag": 1
      }
    ],
    "stage2": [
      {
        "log10_chi2": -0.05716279858112666,
        "nf": 180,
        "flag": 1
      },
      {
        "log10_chi2": -0.04383540765568471,
        "nf": 180,
        "flag": 1
      }
    ],
    "polish_nf": 90
  },