{
  "model": "poly_bstar_cslog_loggauss",
  "label": "Poly-x bstar + CSlog + loggauss",
  "table_name": "MSHT20N3LO-MC-power-x",
  "table_tag": "power_x",
  "n": 0,
  "m": 2,
  "fit_name": "TableScan_poly_bstar_cslog_loggauss_power_x",
  "np_name": "NP-TableScan_poly_bstar_cslog_loggauss_power_x.cl",
  "param_names": [
    "lambda1",
    "lambda2",
    "lambda3",
    "lambda4",
    "alpha",
    "logx0",
    "sigx",
    "amp",
    "BNP",
    "c0",
    "c1"
  ],
  "free_idx": [
    0,
    1,
    2,
    3,
    4,
    5,
    6,
    7,
    8,
    9,
    10
  ],
  "frozen_idx": [],
  "initial": {
    "full_params": [
      0.751883428893,
      0.984075235429,
      -0.617288022623,
      0.0559830930086,
      0.802884531187,
      -4.52591784597,
      0.341294297697,
      -0.337847161581,
      1.62253640916,
      0.0749520392547,
      0.0199290726875
    ],
    "free_params": [
      0.751883428893,
      0.984075235429,
      -0.617288022623,
      0.0559830930086,
      0.802884531187,
      -4.52591784597,
      0.341294297697,
      -0.337847161581,
      1.62253640916,
      0.0749520392547,
      0.0199290726875
    ],
    "metrics": {
      "chi2dN_total": 0.9669145033386112,
      "chi2dN_collider": 1.149292387777544,
      "chi2dN_fixed_target": 0.7209806894739893,
      "highE_weighted_chi2dN": 1.6279160652810443,
      "highE_mean_ratio_first3": 1.0284944931464726,
      "highE_mean_absdev_first3": 0.0519676736944728,
      "highE_mean_signed_first3": 0.028494493146472514,
      "highE_mean_shortfall_first3": 0.011736590274000144,
      "highE_mean_overshoot_first3": 0.04023108342047266,
      "cms_highmass_mean_ratio_first3": 1.1005777085511816,
      "cms_highmass_mean_absdev_first3": 0.10057770855118164,
      "cms_highmass_mean_signed_first3": 0.10057770855118164,
      "zlike_mean_ratio_first3": 0.9804390162099997,
      "zlike_mean_absdev_first3": 0.01956098379000024,
      "zlike_mean_signed_first3": -0.01956098379000024,
      "compute_s": 0.0392456
    },
    "per_file_chi2dN": {
      "ATLAS_7\\ATLAS7-00y10.csv": 0.233066531801453,
      "ATLAS_7\\ATLAS7-10y20.csv": 3.31484325579394,
      "ATLAS_7\\ATLAS7-20y24.csv": 1.1910791337258777,
      "ATLAS_8\\ATLAS8-00y04.csv": 3.59848556411327,
      "ATLAS_8\\ATLAS8-04y08.csv": 2.2029888863093032,
      "ATLAS_8\\ATLAS8-08y12.csv": 0.5497136233844859,
      "ATLAS_8\\ATLAS8-116Q150.csv": 0.942775433941164,
      "ATLAS_8\\ATLAS8-12y16.csv": 3.245998588826851,
      "ATLAS_8\\ATLAS8-16y20.csv": 2.4899016439756068,
      "ATLAS_8\\ATLAS8-20y24.csv": 1.7616774281159566,
      "ATLAS_8\\ATLAS8-46Q66.csv": 0.3156260083937122,
      "CDF_I\\CDF1.csv": 0.5645842349123338,
      "CDF_II\\CDF2.csv": 1.0046931000701513,
      "CMS_7\\CMS7.csv": 1.3065037144293634,
      "CMS_8\\CMS8.csv": 0.662943003130702,
      "CMS_13\\CMS13-00y04.csv": 1.9890003478654656,
      "CMS_13\\CMS13-04y08.csv": 1.5000134045179732,
      "CMS_13\\CMS13-08y12.csv": 0.48986678701036956,
      "CMS_13\\CMS13-106Q170.csv": 1.1486566682185073,
      "CMS_13\\CMS13-12y16.csv": 0.4291170027653322,
      "CMS_13\\CMS13-16y24.csv": 0.378138732821638,
      "CMS_13\\CMS13-170Q350.csv": 1.1247789172578657,
      "CMS_13\\CMS13-350Q1000.csv": 1.5181099257437325,
      "D0_I\\D01.csv": 0.6262344813625261,
      "D0_II\\D02.csv": 0.9177934140405795,
      "D0_II_mu\\D02mu.csv": 0.4696047937610963,
      "E288\\E228-200-4Q5.csv": 0.3655610677534682,
      "E288\\E228-200-5Q6.csv": 0.3801373777056761,
      "E288\\E228-200-6Q7.csv": 0.5303452158389557,
      "E288\\E228-200-7Q8.csv": 0.1299968878389264,
      "E288\\E228-200-8Q9.csv": 0.4578210859561071,
      "E288\\E228-300-11Q12.csv": 0.2681582126434826,
      "E288\\E228-300-4Q5.csv": 1.17121672329525,
      "E288\\E228-300-5Q6.csv": 0.418671048631318,
      "E288\\E228-300-6Q7.csv": 0.06800535393947908,
      "E288\\E228-300-7Q8.csv": 0.27355382075594453,
      "E288\\E228-300-8Q9.csv": 1.3052629221667764,
      "E288\\E228-400-11Q12.csv": 0.6167859750173443,
      "E288\\E228-400-12Q13.csv": 0.7990684240739389,
      "E288\\E228-400-13Q14.csv": 0.48900810669265343,
      "E288\\E228-400-5Q6.csv": 0.7013798819690846,
      "E288\\E228-400-6Q7.csv": 1.1345827375591726,
      "E288\\E228-400-7Q8.csv": 1.1842901039826097,
      "E288\\E228-400-8Q9.csv": 1.0458010984746355,
      "E605\\E605-10.5Q11.5.csv": 0.15742296242054207,
      "E605\\E605-11.5Q13.5.csv": 0.3532218612147362,
      "E605\\E605-13.5Q18.csv": 0.7283822906621568,
      "E605\\E605-7Q8.csv": 0.2872232249439283,
      "E605\\E605-8Q9.csv": 0.4610929680998509,
      "E772\\E772-11Q12.csv": 1.4702500553107494,
      "E772\\E772-12Q13.csv": 2.049536934998107,
      "E772\\E772-13Q14.csv": 2.2439283445065135,
      "E772\\E772-14Q15.csv": 0.2228383680434913,
      "LHCb_7\\LHCb7.csv": 1.2127946337327284,
      "LHCb_8\\LHCb8.csv": 0.33725679327808794,
      "LHCb_13\\LHCb13.csv": 0.7251471649897702,
      "STAR\\STAR510.csv": 1.3743443003212346
    },
    "high_energy_rows": [
      {
        "file": "CMS_13\\CMS13-170Q350.csv",
        "chi2dN": 1.1247789172578657,
        "N": 10,
        "ratio_1": 1.0770977323138438,
        "data_1": 0.0344,
        "pred_1": 0.03705216199159622,
        "ratio_2": 1.0931076870685044,
        "data_2": 0.0781,
        "pred_2": 0.0853717103600502,
        "ratio_3": 1.0823754143556312,
        "data_3": 0.0902,
        "pred_3": 0.09763026237487793
      },
      {
        "file": "CMS_13\\CMS13-350Q1000.csv",
        "chi2dN": 1.5181099257437325,
        "N": 11,
        "ratio_1": 1.1153664917317256,
        "data_1": 0.00238,
        "pred_1": 0.0026545722503215075,
        "ratio_2": 1.1317337970290564,
        "data_2": 0.00565,
        "pred_2": 0.0063942959532141685,
        "ratio_3": 1.1037851288083285,
        "data_3": 0.00699,
        "pred_3": 0.007715458050370216
      },
      {
        "file": "ATLAS_8\\ATLAS8-00y04.csv",
        "chi2dN": 3.59848556411327,
        "N": 6,
        "ratio_1": 0.9917155123210809,
        "data_1": 3.257,
        "pred_1": 3.2300174236297607,
        "ratio_2": 0.9934979673646075,
        "data_2": 6.708,
        "pred_2": 6.664384365081787,
        "ratio_3": 0.9981019886824783,
        "data_3": 6.714,
        "pred_3": 6.70125675201416
      },
      {
        "file": "ATLAS_8\\ATLAS8-04y08.csv",
        "chi2dN": 2.2029888863093032,
        "N": 6,
        "ratio_1": 0.9834558262370248,
        "data_1": 3.219,
        "pred_1": 3.1657443046569824,
        "ratio_2": 0.9886591358767647,
        "data_2": 6.676,
        "pred_2": 6.600288391113281,
        "ratio_3": 0.9903990587141352,
        "data_3": 6.737,
        "pred_3": 6.672318458557129
      },
      {
        "file": "LHCb_8\\LHCb8.csv",
        "chi2dN": 0.33725679327808794,
        "N": 7,
        "ratio_1": 0.9528708431405479,
        "data_1": 3.592273,
        "pred_1": 3.4229722023010254,
        "ratio_2": 0.9589811522152544,
        "data_2": 6.420833,
        "pred_2": 6.1574578285217285,
        "ratio_3": 0.9662696613381041,
        "data_3": 6.340833,
        "pred_3": 6.126954555511475
      }
    ]
  },
  "fit": {
    "elapsed_s": 51.6308762000117,
    "nf": 630,
    "flag": 1,
    "free_params": [
      0.7316275204107451,
      0.9171434921146445,
      -0.640670509200671,
      0.026702585768146436,
      0.8487728593208236,
      -5.148223139947527,
      0.6557849074898572,
      -0.8451894013417827,
      2.0490794015151503,
      0.06489604307193457,
      0.0091753122282747
    ],
    "log10_chi2": -0.055653217117234276,
    "stage1": [
      {
        "start_id": 0,
        "log10_chi2": -0.0346307690659873,
        "nf": 60,
        "flag": 1
      },
      {
        "start_id": 1,
        "log10_chi2": -0.01871687950261552,
        "nf": 60,
        "flag": 1
      },
      {
        "start_id": 2,
        "log10_chi2": 0.07612912804888973,
        "nf": 60,
        "flag": 1
      }
    ],