{
  "model": "poly_bstar_cslog",
  "label": "Poly-x bstar + CSlog",
  "table_name": "MSHT20N3LO-MC-power-full",
  "table_tag": "power_full",
  "n": 0,
  "m": 2,
  "fit_name": "TableScan_poly_bstar_cslog_power_full",
  "np_name": "NP-TableScan_poly_bstar_cslog_power_full.cl",
  "param_names": [
    "lambda1",
    "lambda2",
    "lambda3",
    "lambda4",
    "alpha",
    "BNP",
    "c0",
    "c1"
  ],
  "free_idx": [
    0,
    1,
    2,
    3,
    4,
    5,
    6,
    7
  ],
  "frozen_idx": [],
  "initial": {
    "full_params": [
      1.04068048666,
      0.99850096912,
      -1.15183835919,
      0.190079827968,
      0.87422103378,
      1.52270546838,
      0.0818922818062,
      0.0202840470381
    ],
    "free_params": [
      1.04068048666,
      0.99850096912,
      -1.15183835919,
      0.190079827968,
      0.87422103378,
      1.52270546838,
      0.0818922818062,
      0.0202840470381
    ],
    "metrics": {
      "chi2dN_total": 0.9894305095340428,
      "chi2dN_collider": 1.1897981325071663,
      "chi2dN_fixed_target": 0.7192378058278607,
      "highE_weighted_chi2dN": 1.9516591216918602,
      "highE_mean_ratio_first3": 1.0265162424467327,
      "highE_mean_absdev_first3": 0.05325905762166499,
      "highE_mean_signed_first3": 0.026516242446732875,
      "highE_mean_shortfall_first3": 0.013371407587466059,
      "highE_mean_overshoot_first3": 0.03988765003419893,
      "cms_highmass_mean_ratio_first3": 1.0995941219711651,
      "cms_highmass_mean_absdev_first3": 0.09959412197116502,
      "cms_highmass_mean_signed_first3": 0.09959412197116502,
      "zlike_mean_ratio_first3": 0.9777976560971113,
      "zlike_mean_absdev_first3": 0.022369014721998308,
      "zlike_mean_signed_first3": -0.022202343902888555,
      "compute_s": 0.0388891
    },
    "per_file_chi2dN": {
      "ATLAS_7\\ATLAS7-00y10.csv": 0.3440721778650469,
      "ATLAS_7\\ATLAS7-10y20.csv": 3.4771244504836623,
      "ATLAS_7\\ATLAS7-20y24.csv": 1.166376867306099,
      "ATLAS_8\\ATLAS8-00y04.csv": 5.692799243058393,
      "ATLAS_8\\ATLAS8-04y08.csv": 2.095309883436979,
      "ATLAS_8\\ATLAS8-08y12.csv": 0.3281136586714301,
      "ATLAS_8\\ATLAS8-116Q150.csv": 0.9805150285878875,
      "ATLAS_8\\ATLAS8-12y16.csv": 2.9879469402601924,
      "ATLAS_8\\ATLAS8-16y20.csv": 2.6000239544313115,
      "ATLAS_8\\ATLAS8-20y24.csv": 1.8836319048873829,
      "ATLAS_8\\ATLAS8-46Q66.csv": 0.3359235758253999,
      "CDF_I\\CDF1.csv": 0.5421003216366796,
      "CDF_II\\CDF2.csv": 0.9368762205521167,
      "CMS_7\\CMS7.csv": 1.3033813906602327,
      "CMS_8\\CMS8.csv": 0.6434311892162963,
      "CMS_13\\CMS13-00y04.csv": 2.021305673144497,
      "CMS_13\\CMS13-04y08.csv": 1.5285223175729323,
      "CMS_13\\CMS13-08y12.csv": 0.5147032835395747,
      "CMS_13\\CMS13-106Q170.csv": 1.2051743239845374,
      "CMS_13\\CMS13-12y16.csv": 0.4638263418842597,
      "CMS_13\\CMS13-16y24.csv": 0.3886788762339076,
      "CMS_13\\CMS13-170Q350.csv": 1.136709347679604,
      "CMS_13\\CMS13-350Q1000.csv": 1.5266628906902113,
      "D0_I\\D01.csv": 0.6295484177791839,
      "D0_II\\D02.csv": 0.8323043003008056,
      "D0_II_mu\\D02mu.csv": 0.4893230380261646,
      "E288\\E228-200-4Q5.csv": 0.34266430000720843,
      "E288\\E228-200-5Q6.csv": 0.36005590211368677,
      "E288\\E228-200-6Q7.csv": 0.49357480902984824,
      "E288\\E228-200-7Q8.csv": 0.12934986486739258,
      "E288\\E228-200-8Q9.csv": 0.4685986101085441,
      "E288\\E228-300-11Q12.csv": 0.27197044026614753,
      "E288\\E228-300-4Q5.csv": 1.2318266281446941,
      "E288\\E228-300-5Q6.csv": 0.3762311066440364,
      "E288\\E228-300-6Q7.csv": 0.08952976831307691,
      "E288\\E228-300-7Q8.csv": 0.2470703585460152,
      "E288\\E228-300-8Q9.csv": 1.301013068402718,
      "E288\\E228-400-11Q12.csv": 0.6290954626552737,
      "E288\\E228-400-12Q13.csv": 0.8038840933275718,
      "E288\\E228-400-13Q14.csv": 0.5035560760844322,
      "E288\\E228-400-5Q6.csv": 0.7210410616415743,
      "E288\\E228-400-6Q7.csv": 1.1240566989422653,
      "E288\\E228-400-7Q8.csv": 1.0291339117838272,
      "E288\\E228-400-8Q9.csv": 0.9865358967158219,
      "E605\\E605-10.5Q11.5.csv": 0.1610690125427458,
      "E605\\E605-11.5Q13.5.csv": 0.3525756423891649,
      "E605\\E605-13.5Q18.csv": 0.7427189636326728,
      "E605\\E605-7Q8.csv": 0.264909239081197,
      "E605\\E605-8Q9.csv": 0.4595734337174811,
      "E772\\E772-11Q12.csv": 1.5054731236803318,
      "E772\\E772-12Q13.csv": 2.0892215689209106,
      "E772\\E772-13Q14.csv": 2.3096237477030668,
      "E772\\E772-14Q15.csv": 0.22118558986639514,
      "LHCb_7\\LHCb7.csv": 1.1814766375015486,
      "LHCb_8\\LHCb8.csv": 0.4539035477591152,
      "LHCb_13\\LHCb13.csv": 0.5127641717492862,
      "STAR\\STAR510.csv": 1.3418594107261888
    },
    "high_energy_rows": [
      {
        "file": "CMS_13\\CMS13-170Q350.csv",
        "chi2dN": 1.136709347679604,
        "N": 10,
        "ratio_1": 1.076316504284393,
        "data_1": 0.0344,
        "pred_1": 0.03702528774738312,
        "ratio_2": 1.0929718403749062,
        "data_2": 0.0781,
        "pred_2": 0.08536110073328018,
        "ratio_3": 1.0831711066271408,
        "data_3": 0.0902,
        "pred_3": 0.0977020338177681
      },
      {
        "file": "CMS_13\\CMS13-350Q1000.csv",
        "chi2dN": 1.5266628906902113,
        "N": 11,
        "ratio_1": 1.110979395002878,
        "data_1": 0.00238,
        "pred_1": 0.0026441309601068497,
        "ratio_2": 1.12988755304729,
        "data_2": 0.00565,
        "pred_2": 0.006383864674717188,
        "ratio_3": 1.1042383324903822,
        "data_3": 0.00699,
        "pred_3": 0.007718625944107771
      },
      {
        "file": "ATLAS_8\\ATLAS8-00y04.csv",
        "chi2dN": 5.692799243058393,
        "N": 6,
        "ratio_1": 0.9781304846375055,
        "data_1": 3.257,
        "pred_1": 3.1857709884643555,
        "ratio_2": 0.9896541963962835,
        "data_2": 6.708,
        "pred_2": 6.6386003494262695,
        "ratio_3": 1.000750018685994,
        "data_3": 6.714,
        "pred_3": 6.719035625457764
      },
      {
        "file": "ATLAS_8\\ATLAS8-04y08.csv",
        "chi2dN": 2.095309883436979,
        "N": 6,
        "ratio_1": 0.9888092454600387,
        "data_1": 3.219,
        "pred_1": 3.1829769611358643,
        "ratio_2": 0.9906116254748235,
        "data_2": 6.676,
        "pred_2": 6.613323211669922,
        "ratio_3": 0.9908734186123507,
        "data_3": 6.737,
        "pred_3": 6.675514221191406
      },
      {
        "file": "LHCb_8\\LHCb8.csv",
        "chi2dN": 0.4539035477591152,
        "N": 7,
        "ratio_1": 0.9365753885261823,
        "data_1": 3.592273,
        "pred_1": 3.3644344806671143,
        "ratio_2": 0.9548655120061944,
        "data_2": 6.420833,
        "pred_2": 6.1310319900512695,
        "ratio_3": 0.9699090150746306,
        "data_3": 6.340833,
        "pred_3": 6.150031089782715
      }
    ]
  },
  "fit": {
    "elapsed_s": 51.59912830000394,
    "nf": 630,
    "flag": 1,
    "free_params": [
      1.169508457973056,
      1.0827062445648612,
      -1.1963209258397711,
      0.21667995323190037,
      0.6213604043398907,
      2.703304429491254,
      0.0657811767010675,
      0.00536053541475873
    ],
    "log10_chi2": -0.05638320075683923,
    "stage1": [
      {
        "start_id": 1,
        "log10_chi2": -0.03039668909614663,
        "nf": 60,
        "flag": 1
      },
      {
        "start_id": 0,
        "log10_chi2": -0.020978483493037044,
        "nf": 60,
        "flag": 1
      },
      {
        "start_id": 2,
        "log10_chi2": 0.04076995579913909,
        "nf": 60,
        "flag": 1
      }
    ],
    "stage2": [
      {
        "log10_chi2": -0.051465939440582996,
        "nf": 180,
        "flag": 1
      },
      {
        "log10_chi2": -0.04962315988770405,
        "nf": 180,
        "flag": 1
      }
    ],
    "polish_nf": 90
  },