{
  "model": "poly_bstar_cslog_loggauss",
  "label": "Poly-x bstar + CSlog + loggauss",
  "table_name": "MSHT20N3LO-MC-0-2",
  "table_tag": "baseline",
  "n": 0,
  "m": 2,
  "fit_name": "TableScan_poly_bstar_cslog_loggauss_0_2",
  "np_name": "NP-TableScan_poly_bstar_cslog_loggauss_0_2.cl",
  "param_names": [
    "lambda1",
    "lambda2",
    "lambda3",
    "lambda4",
    "alpha",
    "logx0",
    "sigx",
    "amp",
    "BNP",
    "c0",
    "c1"
  ],
  "free_idx": [
    0,
    1,
    2,
    3,
    4,
    5,
    6,
    7,
    8,
    9,
    10
  ],
  "frozen_idx": [],
  "initial": {
    "full_params": [
      0.751883428893,
      0.984075235429,
      -0.617288022623,
      0.0559830930086,
      0.802884531187,
      -4.52591784597,
      0.341294297697,
      -0.337847161581,
      1.62253640916,
      0.0749520392547,
      0.0199290726875
    ],
    "free_params": [
      0.751883428893,
      0.984075235429,
      -0.617288022623,
      0.0559830930086,
      0.802884531187,
      -4.52591784597,
      0.341294297697,
      -0.337847161581,
      1.62253640916,
      0.0749520392547,
      0.0199290726875
    ],
    "metrics": {
      "chi2dN_total": 0.8221648854802757,
      "chi2dN_collider": 0.8805681801991011,
      "chi2dN_fixed_target": 0.743408927450344,
      "highE_weighted_chi2dN": 1.3697736384293462,
      "highE_mean_ratio_first3": 1.0297462056561466,
      "highE_mean_absdev_first3": 0.05122018163695742,
      "highE_mean_signed_first3": 0.02974620565614645,
      "highE_mean_shortfall_first3": 0.010736987990405485,
      "highE_mean_overshoot_first3": 0.04048319364655194,
      "cms_highmass_mean_ratio_first3": 1.1008378509079846,
      "cms_highmass_mean_absdev_first3": 0.10083785090798465,
      "cms_highmass_mean_signed_first3": 0.10083785090798465,
      "zlike_mean_ratio_first3": 0.9823517754882543,
      "zlike_mean_absdev_first3": 0.0181417354562726,
      "zlike_mean_signed_first3": -0.017648224511745685,
      "compute_s": 0.0406288
    },
    "per_file_chi2dN": {
      "ATLAS_7\\ATLAS7-00y10.csv": 0.5067934312604088,
      "ATLAS_7\\ATLAS7-10y20.csv": 3.1879250457118147,
      "ATLAS_7\\ATLAS7-20y24.csv": 1.3684655724380852,
      "ATLAS_8\\ATLAS8-00y04.csv": 2.785865261727188,
      "ATLAS_8\\ATLAS8-04y08.csv": 1.2047016535164534,
      "ATLAS_8\\ATLAS8-08y12.csv": 0.6951555725756974,
      "ATLAS_8\\ATLAS8-116Q150.csv": 0.5372254660492707,
      "ATLAS_8\\ATLAS8-12y16.csv": 1.3860097017340103,
      "ATLAS_8\\ATLAS8-16y20.csv": 0.9442449518199735,
      "ATLAS_8\\ATLAS8-20y24.csv": 0.8501140538340303,
      "ATLAS_8\\ATLAS8-46Q66.csv": 0.4226778848490213,
      "CDF_I\\CDF1.csv": 0.4932856949208422,
      "CDF_II\\CDF2.csv": 0.738515586173462,
      "CMS_7\\CMS7.csv": 1.4526332897605005,
      "CMS_8\\CMS8.csv": 0.7585200486580808,
      "CMS_13\\CMS13-00y04.csv": 1.4214660039755158,
      "CMS_13\\CMS13-04y08.csv": 0.8437157377310757,
      "CMS_13\\CMS13-08y12.csv": 0.46477213370852455,
      "CMS_13\\CMS13-106Q170.csv": 0.7858468899377985,
      "CMS_13\\CMS13-12y16.csv": 0.24679521335995044,
      "CMS_13\\CMS13-16y24.csv": 0.26278983977274095,
      "CMS_13\\CMS13-170Q350.csv": 1.0558115218663204,
      "CMS_13\\CMS13-350Q1000.csv": 1.5417884900125467,
      "D0_I\\D01.csv": 0.6004484715949402,
      "D0_II\\D02.csv": 0.6115173746210231,
      "D0_II_mu\\D02mu.csv": 0.2937642187091534,
      "E288\\E228-200-4Q5.csv": 0.499995581886052,
      "E288\\E228-200-5Q6.csv": 0.30975364308486286,
      "E288\\E228-200-6Q7.csv": 0.32150067433563506,
      "E288\\E228-200-7Q8.csv": 0.12613220075615575,
      "E288\\E228-200-8Q9.csv": 0.4439334889804603,
      "E288\\E228-300-11Q12.csv": 0.2806097586843275,
      "E288\\E228-300-4Q5.csv": 1.3857320274196694,
      "E288\\E228-300-5Q6.csv": 0.2671306371901922,
      "E288\\E228-300-6Q7.csv": 0.2849225257325582,
      "E288\\E228-300-7Q8.csv": 0.11095867411086971,
      "E288\\E228-300-8Q9.csv": 1.102561256430593,
      "E288\\E228-400-11Q12.csv": 0.681073023088088,
      "E288\\E228-400-12Q13.csv": 0.880245985482397,
      "E288\\E228-400-13Q14.csv": 0.5678644611735209,
      "E288\\E228-400-5Q6.csv": 0.7150117291663285,
      "E288\\E228-400-6Q7.csv": 1.2042838869196222,
      "E288\\E228-400-7Q8.csv": 0.5770076830455239,
      "E288\\E228-400-8Q9.csv": 0.7839982077124648,
      "E605\\E605-10.5Q11.5.csv": 0.23202620785485156,
      "E605\\E605-11.5Q13.5.csv": 0.467672947818928,
      "E605\\E605-13.5Q18.csv": 0.9027306007211814,
      "E605\\E605-7Q8.csv": 0.2536558867962138,
      "E605\\E605-8Q9.csv": 0.4197244734087083,
      "E772\\E772-11Q12.csv": 1.6627762422809274,
      "E772\\E772-12Q13.csv": 2.4076662203365675,
      "E772\\E772-13Q14.csv": 2.450609403660524,
      "E772\\E772-14Q15.csv": 0.21814035505033288,
      "LHCb_7\\LHCb7.csv": 0.8663942745124119,
      "LHCb_8\\LHCb8.csv": 0.47567934813011137,
      "LHCb_13\\LHCb13.csv": 0.8236631354968053,
      "STAR\\STAR510.csv": 1.278055445098014
    },
    "high_energy_rows": [
      {
        "file": "CMS_13\\CMS13-170Q350.csv",
        "chi2dN": 1.0558115218663204,
        "N": 10,
        "ratio_1": 1.0771615170808726,
        "data_1": 0.0344,
        "pred_1": 0.037054356187582016,
        "ratio_2": 1.0934332803025288,
        "data_2": 0.0781,
        "pred_2": 0.0853971391916275,
        "ratio_3": 1.0832418954028786,
        "data_3": 0.0902,
        "pred_3": 0.09770841896533966
      },
      {
        "file": "CMS_13\\CMS13-350Q1000.csv",
        "chi2dN": 1.5417884900125467,
        "N": 11,
        "ratio_1": 1.1153820463839699,
        "data_1": 0.00238,
        "pred_1": 0.0026546092703938484,
        "ratio_2": 1.1318139896719857,
        "data_2": 0.00565,
        "pred_2": 0.006394749041646719,
        "ratio_3": 1.1039943766056723,
        "data_3": 0.00699,
        "pred_3": 0.00771692069247365
      },
      {
        "file": "ATLAS_8\\ATLAS8-00y04.csv",
        "chi2dN": 2.785865261727188,
        "N": 6,
        "ratio_1": 0.9920137368501751,
        "data_1": 3.257,
        "pred_1": 3.2309887409210205,
        "ratio_2": 0.9950076673595266,
        "data_2": 6.708,
        "pred_2": 6.674511432647705,
        "ratio_3": 1.002220799250371,
        "data_3": 6.714,
        "pred_3": 6.728910446166992
      },
      {
        "file": "ATLAS_8\\ATLAS8-04y08.csv",
        "chi2dN": 1.2047016535164534,
        "N": 6,
        "ratio_1": 0.9837501646754682,
        "data_1": 3.219,
        "pred_1": 3.166691780090332,
        "ratio_2": 0.9901530732645683,
        "data_2": 6.676,
        "pred_2": 6.610261917114258,
        "ratio_3": 0.994488873396108,
        "data_3": 6.737,
        "pred_3": 6.69987154006958
      },
      {
        "file": "LHCb_8\\LHCb8.csv",
        "chi2dN": 0.47567934813011137,
        "N": 7,
        "ratio_1": 0.9533234190697419,
        "data_1": 3.592273,
        "pred_1": 3.424597978591919,
        "ratio_2": 0.9606000345645804,
        "data_2": 6.420833,
        "pred_2": 6.167852401733398,
        "ratio_3": 0.9696082109637492,
        "data_3": 6.340833,
        "pred_3": 6.148123741149902
      }
    ]
  },
  "fit": {
    "elapsed_s": 51.738401099995826,
    "nf": 630,
    "flag": 1,
    "free_params": [
      0.7517905577146974,
      0.9869358962031685,
      -0.6238826671756215,
      0.056027044865681774,
      0.8031213194241068,
      -4.537064513023255,
      0.3343312037548746,
      -0.34018825290245847,
      1.6196263122005443,
      0.07503573508767383,
      0.020051005690252085
    ],
    "log10_chi2": -0.08506867742498266,
    "stage1": [
      {
        "start_id": 0,
        "log10_chi2": -0.08505104048091634,
        "nf": 60,
        "flag": 1
      },
      {
        "start_id": 1,
        "log10_chi2": -0.06174555377455158,
        "nf": 60,
        "flag": 1
      },
      {
        "start_id": 2,
        "log10_chi2": -0.03369442489781298,
        "nf": 60,
        "flag": 1
      }
    ],