{
  "model": "poly_bstar_cslog",
  "label": "Poly-x bstar + CSlog",
  "table_name": "MSHT20N3LO-MC-power-leptonic",
  "table_tag": "power_leptonic",
  "n": 0,
  "m": 2,
  "fit_name": "TableScan_poly_bstar_cslog_power_leptonic",
  "np_name": "NP-TableScan_poly_bstar_cslog_power_leptonic.cl",
  "param_names": [
    "lambda1",
    "lambda2",
    "lambda3",
    "lambda4",
    "alpha",
    "BNP",
    "c0",
    "c1"
  ],
  "free_idx": [
    0,
    1,
    2,
    3,
    4,
    5,
    6,
    7
  ],
  "frozen_idx": [],
  "initial": {
    "full_params": [
      1.04068048666,
      0.99850096912,
      -1.15183835919,
      0.190079827968,
      0.87422103378,
      1.52270546838,
      0.0818922818062,
      0.0202840470381
    ],
    "free_params": [
      1.04068048666,
      0.99850096912,
      -1.15183835919,
      0.190079827968,
      0.87422103378,
      1.52270546838,
      0.0818922818062,
      0.0202840470381
    ],
    "metrics": {
      "chi2dN_total": 0.8370156235390925,
      "chi2dN_collider": 0.8922729281757905,
      "chi2dN_fixed_target": 0.762501985468393,
      "highE_weighted_chi2dN": 1.502226688877086,
      "highE_mean_ratio_first3": 1.0277683056794975,
      "highE_mean_absdev_first3": 0.05276569680350977,
      "highE_mean_signed_first3": 0.027768305679497493,
      "highE_mean_shortfall_first3": 0.012498695562006142,
      "highE_mean_overshoot_first3": 0.04026700124150363,
      "cms_highmass_mean_ratio_first3": 1.0998543743972566,
      "cms_highmass_mean_absdev_first3": 0.09985437439725668,
      "cms_highmass_mean_signed_first3": 0.09985437439725668,
      "zlike_mean_ratio_first3": 0.9797109265343246,
      "zlike_mean_absdev_first3": 0.021373245074345175,
      "zlike_mean_signed_first3": -0.020289073465675298,
      "compute_s": 0.0434487
    },
    "per_file_chi2dN": {
      "ATLAS_7\\ATLAS7-00y10.csv": 0.42179277271288845,
      "ATLAS_7\\ATLAS7-10y20.csv": 3.4163404521505694,
      "ATLAS_7\\ATLAS7-20y24.csv": 1.3160309049073877,
      "ATLAS_8\\ATLAS8-00y04.csv": 3.522965254097665,
      "ATLAS_8\\ATLAS8-04y08.csv": 1.145317058473428,
      "ATLAS_8\\ATLAS8-08y12.csv": 0.7646386549917091,
      "ATLAS_8\\ATLAS8-116Q150.csv": 0.5472660107932166,
      "ATLAS_8\\ATLAS8-12y16.csv": 1.2413670364486482,
      "ATLAS_8\\ATLAS8-16y20.csv": 0.9928631716855317,
      "ATLAS_8\\ATLAS8-20y24.csv": 0.9115567904195263,
      "ATLAS_8\\ATLAS8-46Q66.csv": 0.3434249296079364,
      "CDF_I\\CDF1.csv": 0.47600057053262396,
      "CDF_II\\CDF2.csv": 0.705064537076531,
      "CMS_7\\CMS7.csv": 1.4436181796625003,
      "CMS_8\\CMS8.csv": 0.7368811951162639,
      "CMS_13\\CMS13-00y04.csv": 1.3991066614591183,
      "CMS_13\\CMS13-04y08.csv": 0.8482740417704793,
      "CMS_13\\CMS13-08y12.csv": 0.4666339011874673,
      "CMS_13\\CMS13-106Q170.csv": 0.8196867303770559,
      "CMS_13\\CMS13-12y16.csv": 0.25620022452776015,
      "CMS_13\\CMS13-16y24.csv": 0.2637126967905952,
      "CMS_13\\CMS13-170Q350.csv": 1.0645698160964219,
      "CMS_13\\CMS13-350Q1000.csv": 1.550319197808661,
      "D0_I\\D01.csv": 0.614082735500459,
      "D0_II\\D02.csv": 0.5506287245153804,
      "D0_II_mu\\D02mu.csv": 0.31194419564713904,
      "E288\\E228-200-4Q5.csv": 0.5086226910107684,
      "E288\\E228-200-5Q6.csv": 0.3079380795296673,
      "E288\\E228-200-6Q7.csv": 0.3083335130829962,
      "E288\\E228-200-7Q8.csv": 0.14534415110906238,
      "E288\\E228-200-8Q9.csv": 0.4644260708830487,
      "E288\\E228-300-11Q12.csv": 0.2869046097263037,
      "E288\\E228-300-4Q5.csv": 1.4820932784949423,
      "E288\\E228-300-5Q6.csv": 0.23397941127721067,
      "E288\\E228-300-6Q7.csv": 0.36959817416143764,
      "E288\\E228-300-7Q8.csv": 0.0976869270031308,
      "E288\\E228-300-8Q9.csv": 1.0950967998507877,
      "E288\\E228-400-11Q12.csv": 0.6979392770684059,
      "E288\\E228-400-12Q13.csv": 0.8861709113847723,
      "E288\\E228-400-13Q14.csv": 0.5860700707607059,
      "E288\\E228-400-5Q6.csv": 0.7816808768959835,
      "E288\\E228-400-6Q7.csv": 1.3828368652239729,
      "E288\\E228-400-7Q8.csv": 0.4926846703947179,
      "E288\\E228-400-8Q9.csv": 0.782439947055696,
      "E605\\E605-10.5Q11.5.csv": 0.24767707035872433,
      "E605\\E605-11.5Q13.5.csv": 0.4767349466001813,
      "E605\\E605-13.5Q18.csv": 0.9232813413134442,
      "E605\\E605-7Q8.csv": 0.2361494634105889,
      "E605\\E605-8Q9.csv": 0.4233022593165111,
      "E772\\E772-11Q12.csv": 1.7110401492846927,
      "E772\\E772-12Q13.csv": 2.4613236322754592,
      "E772\\E772-13Q14.csv": 2.5249690825045774,
      "E772\\E772-14Q15.csv": 0.2172404027799081,
      "LHCb_7\\LHCb7.csv": 0.8714254232997225,
      "LHCb_8\\LHCb8.csv": 0.6257377632567713,
      "LHCb_13\\LHCb13.csv": 0.6534448758477095,
      "STAR\\STAR510.csv": 1.2463050328034782
    },
    "high_energy_rows": [
      {
        "file": "CMS_13\\CMS13-170Q350.csv",
        "chi2dN": 1.0645698160964219,
        "N": 10,
        "ratio_1": 1.0763802890514218,
        "data_1": 0.0344,
        "pred_1": 0.03702748194336891,
        "ratio_2": 1.0932974336089305,
        "data_2": 0.0781,
        "pred_2": 0.08538652956485748,
        "ratio_3": 1.0840382484797628,
        "data_3": 0.0902,
        "pred_3": 0.0977802500128746
      },
      {
        "file": "CMS_13\\CMS13-350Q1000.csv",
        "chi2dN": 1.550319197808661,
        "N": 11,
        "ratio_1": 1.1109950474831236,
        "data_1": 0.00238,
        "pred_1": 0.0026441682130098343,
        "ratio_2": 1.1299675808543654,
        "data_2": 0.00565,
        "pred_2": 0.006384316831827164,
        "ratio_3": 1.1044476469059359,
        "data_3": 0.00699,
        "pred_3": 0.007720089051872492
      },
      {
        "file": "ATLAS_8\\ATLAS8-00y04.csv",
        "chi2dN": 3.522965254097665,
        "N": 6,
        "ratio_1": 0.9784251954755352,
        "data_1": 3.257,
        "pred_1": 3.1867308616638184,
        "ratio_2": 0.9911599156397328,
        "data_2": 6.708,
        "pred_2": 6.648700714111328,
        "ratio_3": 1.0048787722390145,
        "data_3": 6.714,
        "pred_3": 6.746756076812744
      },
      {
        "file": "ATLAS_8\\ATLAS8-04y08.csv",
        "chi2dN": 1.145317058473428,
        "N": 6,
        "ratio_1": 0.9891051392852983,
        "data_1": 3.219,
        "pred_1": 3.183929443359375,
        "ratio_2": 0.9921087055880556,
        "data_2": 6.676,
        "pred_2": 6.623317718505859,
        "ratio_3": 0.9949642949771753,
        "data_3": 6.737,
        "pred_3": 6.7030744552612305
      },
      {
        "file": "LHCb_8\\LHCb8.csv",
        "chi2dN": 0.6257377632567713,
        "N": 7,
        "ratio_1": 0.9370186726779768,
        "data_1": 3.592273,
        "pred_1": 3.3660268783569336,
        "ratio_2": 0.9564749628192865,
        "data_2": 6.420833,
        "pred_2": 6.141366004943848,
        "ratio_3": 0.9732626801068474,
        "data_3": 6.340833,
        "pred_3": 6.171296119689941
      }
    ]
  },
  "fit": {
    "elapsed_s": 50.99287500001083,
    "nf": 626,
    "flag": 0,
    "free_params": [
      1.0381176742673899,
      1.0174077248662334,
      -1.1968902859896353,
      0.19142013923982149,
      0.8725934643009811,
      1.5202141532864544,
      0.08214171686073041,
      0.020462526793061743
    ],
    "log10_chi2": -0.07766429851973634,
    "stage1": [
      {
        "start_id": 0,
        "log10_chi2": -0.07761795256371956,
        "nf": 60,
        "flag": 1
      },
      {
        "start_id": 1,
        "log10_chi2": -0.07588899674483073,
        "nf": 60,
        "flag": 1
      },
      {
        "start_id": 2,
        "log10_chi2": -0.04335092737962824,
        "nf": 60,
        "flag": 1
      }
    ],
    "stage2": [
      {
        "log10_chi2": -0.07763714998503315,
        "nf": 180,
        "flag": 1
      },
      {
        "log10_chi2": -0.07707140643685804,
        "nf": 180,
        "flag": 1
      }
    ],
    "polish_nf": 86
  },