Name,E772
Comment,E772 data
Reference,Phys.Rev.D 50 (1994) 3-38 + Erratum D60 (1999) 119903
Process type,DY
Number of points,91
Number of uncorr.errors,1
Number of corr.errors,0
Number of norm.errors,1
List of norm.errors (relative),0.1
Total cross-section nomalized,False
List of points 
Point id,process id,s[GeV^2],<Q>[GeV],Qmin[GeV],Qmax[GeV],<y>,yMin,yMax,<qT>[GeV],qTMin[GeV],qTMax[GeV],xSec,Uncorr.Err.0,Th.Factor,FiducialCuts,kCut1[GeV],kCut2[GeV],etaMin,etaMax
E772.14Q15.0,2 - 2 - 1002,1502.3375999999998,14.5,14.0,15.0,0.2,0.1,0.3,0.125,0.0,0.25,0.0153,0.0207,25.464790894704002,False,0.0,0.0,-1000.0,1000.0
E772.14Q15.1,2 - 2 - 1002,1502.3375999999998,14.5,14.0,15.0,0.2,0.1,0.3,0.375,0.25,0.5,0.00793,0.00509,8.488263631568001,False,0.0,0.0,-1000.0,1000.0
E772.14Q15.3,2 - 2 - 1002,1502.3375999999998,14.5,14.0,15.0,0.2,0.1,0.3,0.875,0.75,1.0,0.00756,0.00388,3.637827270672,False,0.0,0.0,-1000.0,1000.0
E772.14Q15.4,2 - 2 - 1002,1502.3375999999998,14.5,14.0,15.0,0.2,0.1,0.3,1.125,1.0,1.25,0.00292,0.00172,2.829421210522667,False,0.0,0.0,-1000.0,1000.0
E772.14Q15.5,2 - 2 - 1002,1502.3375999999998,14.5,14.0,15.0,0.2,0.1,0.3,1.375,1.25,1.5,0.00698,0.0071,2.3149809904276366,False,0.0,0.0,-1000.0,1000.0
E772.14Q15.6,2 - 2 - 1002,1502.3375999999998,14.5,14.0,15.0,0.2,0.1,0.3,1.625,1.5,1.75,0.00273,0.00183,1.958830068823385,False,0.0,0.0,-1000.0,1000.0
