Name,E772
Comment,E772 data
Reference,Phys.Rev.D 50 (1994) 3-38 + Erratum D60 (1999) 119903
Process type,DY
Number of points,91
Number of uncorr.errors,1
Number of corr.errors,0
Number of norm.errors,1
List of norm.errors (relative),0.1
Total cross-section nomalized,False
List of points 
Point id,process id,s[GeV^2],<Q>[GeV],Qmin[GeV],Qmax[GeV],<y>,yMin,yMax,<qT>[GeV],qTMin[GeV],qTMax[GeV],xSec,Uncorr.Err.0,Th.Factor,FiducialCuts,kCut1[GeV],kCut2[GeV],etaMin,etaMax
E772.13Q14.0,2 - 2 - 1002,1502.3375999999998,13.5,13.0,14.0,0.2,0.1,0.3,0.125,0.0,0.25,0.0228,0.0178,25.464790894704002,False,0.0,0.0,-1000.0,1000.0
E772.13Q14.1,2 - 2 - 1002,1502.3375999999998,13.5,13.0,14.0,0.2,0.1,0.3,0.375,0.25,0.5,0.00669,0.00368,8.488263631568001,False,0.0,0.0,-1000.0,1000.0
E772.13Q14.2,2 - 2 - 1002,1502.3375999999998,13.5,13.0,14.0,0.2,0.1,0.3,0.625,0.5,0.75,0.00449,0.00235,5.092958178940801,False,0.0,0.0,-1000.0,1000.0
E772.13Q14.3,2 - 2 - 1002,1502.3375999999998,13.5,13.0,14.0,0.2,0.1,0.3,0.875,0.75,1.0,0.00991,0.00434,3.637827270672,False,0.0,0.0,-1000.0,1000.0
E772.13Q14.4,2 - 2 - 1002,1502.3375999999998,13.5,13.0,14.0,0.2,0.1,0.3,1.125,1.0,1.25,0.00656,0.00335,2.829421210522667,False,0.0,0.0,-1000.0,1000.0
E772.13Q14.5,2 - 2 - 1002,1502.3375999999998,13.5,13.0,14.0,0.2,0.1,0.3,1.375,1.25,1.5,0.0054,0.00228,2.3149809904276366,False,0.0,0.0,-1000.0,1000.0
E772.13Q14.6,2 - 2 - 1002,1502.3375999999998,13.5,13.0,14.0,0.2,0.1,0.3,1.625,1.5,1.75,0.000931,0.000623,1.958830068823385,False,0.0,0.0,-1000.0,1000.0