{"param_names": ["lambda1", "lambda2", "lambda4", "logx0", "sigx", "amp", "BNP", "c0", "c1"], "corr": [[1.0, 0.8743950241845718, 0.8859010812564243, -0.999999174957575, -0.47164925677692193, 0.728195333004443, -0.9727110448117603, -0.4398453871768039, 0.3256781247190674], [0.8743945205922058, 1.0, 0.9997060561984713, -0.8750152503383377, 0.015448375567785796, 0.9692819175019018, -0.9631130127831123, 0.05116034400399525, 0.7435327872612444], [0.8859005998127947, 0.9997060813595777, 1.0, -0.8864939675268936, -0.008796180247058074, 0.9630344704554977, -0.9693536727059452, 0.026934147153368164, 0.727103062806859], [-0.999999173628334, -0.8750157527680064, -0.8864944477925507, 1.0, 0.4705195386642679, -0.7290725063286504, 0.973007399313769, 0.43869483569798406, -0.3268887604658636], [-0.4716501719600254, 0.015447337817269554, -0.008797218081289145, 0.47052045447355073, 1.0, 0.2608962392400546, 0.25418701023345264, 0.9993616003252217, 0.6801056502734586], [0.7281946216764439, 0.96928166223385, 0.9630341908742587, -0.7290717959691856, 0.2608972411694421, 1.0, -0.8673427655906523, 0.2952194662151555, 0.8851613092957844], [-0.972710804003749, -0.9631132920716416, -0.9693539276794042, 0.9730071597989235, 0.2541860064478203, -0.8673432821519838, 1.0, 0.2194710562536234, -0.536161460967035], [-0.4398463192640657, 0.05115930748875107, 0.02693310965549568, 0.4386957683691379, 0.9993616374044201, 0.2952184745992222, 0.21947206882349085, 1.0, 0.70586278737328], [0.32567714342868553, 0.743532093234836, 0.7271023502763074, -0.32688777960919724, 0.680106411153455, 0.885160826388677, -0.536160584880944, 0.705863522549759, 1.0]], "sigma_phys": [1681.4104788632458, 439.00554839261514, 312.5736398458424, 3805.2037958938304, 3149.4799045117443, 4209.024222478572, 3569.943860582562, 68.30357038612071, 47.37622716657712]}