{
  "chi2dN_total": 0.8262332106182133,
  "min_eig": 9.81139526757159e-07,
  "max_eig": 981144.5679757572,
  "nevals": 163,
  "sigma_phys": [
    2488.623820071013,
    2571.3465978051972,
    1159.736973997238,
    1907.724201999718,
    3310.0012043620436,
    5418.059745892736,
    2207.013011574719,
    51.68193695779084,
    150.28260466906715
  ]
}