model,label,test,fixed_map,chi2dN_total,chi2_total,highE_mean_absdev_first3,highE_mean_shortfall_first3,delta_chi2dN,delta_chi2_total,delta_absdev,delta_shortfall,fit_evals,fit_elapsed_s
broad_bump_42_alpha1_lambda2_zero_retest,"Broad bump 4-2, no lambda2 retest",c0_zero,"{""c0"": 0.0}",1.464581698315794,681.0304897168442,0.062297083409665374,0.01082217823809138,0.4756979479210641,221.1995457832948,0.009979394111205325,0.0009688866542794175,239,18.94136780000008
broad_bump_42_alpha1_lambda2_zero_retest,"Broad bump 4-2, no lambda2 retest",c1_zero,"{""c1"": 0.0}",1.1411621075647993,530.6403800176316,0.0500556140887696,0.016760769197028062,0.15227835717006943,70.8094360840823,-0.002262075209690448,0.0069074776132161,239,18.853393600000118
broad_bump_42_alpha1_lambda2_zero_retest,"Broad bump 4-2, no lambda2 retest",lambda1_zero,"{""lambda1"": 0.0}",1.073840731088974,499.3359399563729,0.05601398072954964,0.014127242689626996,0.08495698069424407,39.50499602282349,0.003696291431089592,0.004273951105815034,239,17.79458520000003
broad_bump_42_alpha1_lambda2_zero_retest,"Broad bump 4-2, no lambda2 retest",lambda3_zero,"{""lambda3"": 0.0}",1.0563726185897357,491.21326764422713,0.054791424490289994,0.012786268691800929,0.06748886819500588,31.382323710677735,0.0024737351918299455,0.0029329771079889665,239,17.79185029999985
broad_bump_42_alpha1_lambda2_zero_retest,"Broad bump 4-2, no lambda2 retest",bump_off,"{""amp"": 0.0, ""logx0"": -5.046900927, ""sigx"": 0.8384322341}",1.0354599922851322,481.4888964125865,0.054676641421492596,0.0120802653749475,0.046576241890402326,21.657952479037082,0.002358952123032547,0.0022269737911355374,239,18.838399399999844
broad_bump_42_alpha1_lambda2_zero_retest,"Broad bump 4-2, no lambda2 retest",lambda4_zero,"{""lambda4"": 0.0}",0.9957940249333455,463.04422159400565,0.05333461544612323,0.012300860373738114,0.006910274538615591,3.2132776604562494,0.0010169261476631816,0.002447568789926151,239,17.86034480000012
