{
  "model": "poly_bstar_cslog_loggauss",
  "label": "Poly-x bstar + CSlog + loggauss",
  "table_name": "MSHT20N3LO-MC-0-2",
  "n": 0,
  "m": 2,
  "fit_name": "TableScan_poly_bstar_cslog_loggauss_0_2",
  "np_name": "NP-TableScan_poly_bstar_cslog_loggauss_0_2.cl",
  "param_names": [
    "lambda1",
    "lambda2",
    "lambda3",
    "lambda4",
    "alpha",
    "logx0",
    "sigx",
    "amp",
    "BNP",
    "c0",
    "c1"
  ],
  "free_idx": [
    0,
    1,
    2,
    3,
    4,
    5,
    6,
    7,
    8,
    9,
    10
  ],
  "frozen_idx": [],
  "initial": {
    "full_params": [
      0.751883428893,
      0.984075235429,
      -0.617288022623,
      0.0559830930086,
      0.802884531187,
      -4.52591784597,
      0.341294297697,
      -0.337847161581,
      1.62253640916,
      0.0749520392547,
      0.0199290726875
    ],
    "free_params": [
      0.751883428893,
      0.984075235429,
      -0.617288022623,
      0.0559830930086,
      0.802884531187,
      -4.52591784597,
      0.341294297697,
      -0.337847161581,
      1.62253640916,
      0.0749520392547,
      0.0199290726875
    ],
    "metrics": {
      "chi2dN_total": 0.8221643873056301,
      "chi2dN_collider": 0.8805672465434597,
      "chi2dN_fixed_target": 0.7434090165152234,
      "highE_weighted_chi2dN": 1.3697786913961003,
      "highE_mean_ratio_first3": 1.0297461611574172,
      "highE_mean_absdev_first3": 0.05122017802137373,
      "highE_mean_signed_first3": 0.029746161157417253,
      "highE_mean_shortfall_first3": 0.010737008431978239,
      "highE_mean_overshoot_first3": 0.04048316958939549,
      "cms_highmass_mean_ratio_first3": 1.1008377907650935,
      "cms_highmass_mean_absdev_first3": 0.10083779076509354,
      "cms_highmass_mean_signed_first3": 0.10083779076509354,
      "zlike_mean_ratio_first3": 0.9823517414189662,
      "zlike_mean_absdev_first3": 0.01814176952556052,
      "zlike_mean_signed_first3": -0.017648258581033607,
      "compute_s": 0.0431577
    },
    "per_file_chi2dN": {
      "ATLAS_7\\ATLAS7-00y10.csv": 0.5067935708869781,
      "ATLAS_7\\ATLAS7-10y20.csv": 3.187881896172783,
      "ATLAS_7\\ATLAS7-20y24.csv": 1.3684637647242113,
      "ATLAS_8\\ATLAS8-00y04.csv": 2.7858986358404807,
      "ATLAS_8\\ATLAS8-04y08.csv": 1.2047011952803157,
      "ATLAS_8\\ATLAS8-08y12.csv": 0.695140018342988,
      "ATLAS_8\\ATLAS8-116Q150.csv": 0.5372273366202714,
      "ATLAS_8\\ATLAS8-12y16.csv": 1.386013851909375,
      "ATLAS_8\\ATLAS8-16y20.csv": 0.9442481030802332,
      "ATLAS_8\\ATLAS8-20y24.csv": 0.850133800108781,
      "ATLAS_8\\ATLAS8-46Q66.csv": 0.42267514934014816,
      "CDF_I\\CDF1.csv": 0.4932858895577088,
      "CDF_II\\CDF2.csv": 0.7385137378261837,
      "CMS_7\\CMS7.csv": 1.4526351119052965,
      "CMS_8\\CMS8.csv": 0.7585203899521495,
      "CMS_13\\CMS13-00y04.csv": 1.4214671283940299,
      "CMS_13\\CMS13-04y08.csv": 0.8437060028618968,
      "CMS_13\\CMS13-08y12.csv": 0.46476269560765904,
      "CMS_13\\CMS13-106Q170.csv": 0.7858523460129988,
      "CMS_13\\CMS13-12y16.csv": 0.2467957752082812,
      "CMS_13\\CMS13-16y24.csv": 0.26278964222823853,
      "CMS_13\\CMS13-170Q350.csv": 1.055811647004354,
      "CMS_13\\CMS13-350Q1000.csv": 1.5417895578234744,
      "D0_I\\D01.csv": 0.6004482127955862,
      "D0_II\\D02.csv": 0.6115121355472546,
      "D0_II_mu\\D02mu.csv": 0.293758877564521,
      "E288\\E228-200-4Q5.csv": 0.49999340416321497,
      "E288\\E228-200-5Q6.csv": 0.3097534785427931,
      "E288\\E228-200-6Q7.csv": 0.32150095794915895,
      "E288\\E228-200-7Q8.csv": 0.1261322060604875,
      "E288\\E228-200-8Q9.csv": 0.44393340791659736,
      "E288\\E228-300-11Q12.csv": 0.2806097757902692,
      "E288\\E228-300-4Q5.csv": 1.3857316120734786,
      "E288\\E228-300-5Q6.csv": 0.26712961472552665,
      "E288\\E228-300-6Q7.csv": 0.2849228107750335,
      "E288\\E228-300-7Q8.csv": 0.11095857577446602,
      "E288\\E228-300-8Q9.csv": 1.1025627202059072,
      "E288\\E228-400-11Q12.csv": 0.6810721478402356,
      "E288\\E228-400-12Q13.csv": 0.8802459816602602,
      "E288\\E228-400-13Q14.csv": 0.5678644137525279,
      "E288\\E228-400-5Q6.csv": 0.7150143660016028,
      "E288\\E228-400-6Q7.csv": 1.2042853071483057,
      "E288\\E228-400-7Q8.csv": 0.5770068423920826,
      "E288\\E228-400-8Q9.csv": 0.7840007525336532,
      "E605\\E605-10.5Q11.5.csv": 0.232026462006563,
      "E605\\E605-11.5Q13.5.csv": 0.46767307409007325,
      "E605\\E605-13.5Q18.csv": 0.9027304245528959,
      "E605\\E605-7Q8.csv": 0.25365590067274624,
      "E605\\E605-8Q9.csv": 0.41972491749217106,
      "E772\\E772-11Q12.csv": 1.6627758717224914,
      "E772\\E772-12Q13.csv": 2.407665862238465,
      "E772\\E772-13Q14.csv": 2.4506090106170264,
      "E772\\E772-14Q15.csv": 0.2181403522412656,
      "LHCb_7\\LHCb7.csv": 0.8663957852611606,
      "LHCb_8\\LHCb8.csv": 0.47567815185963863,
      "LHCb_13\\LHCb13.csv": 0.8236636369110901,
      "STAR\\STAR510.csv": 1.2780549509348003
    },
    "high_energy_rows": [
      {
        "file": "CMS_13\\CMS13-170Q350.csv",
        "chi2dN": 1.055811647004354,
        "N": 10,
        "ratio_1": 1.0771615170808726,
        "data_1": 0.0344,
        "pred_1": 0.037054356187582016,
        "ratio_2": 1.0934332803025288,
        "data_2": 0.0781,
        "pred_2": 0.0853971391916275,
        "ratio_3": 1.0832417302015351,
        "data_3": 0.0902,
        "pred_3": 0.09770840406417847
      },
      {
        "file": "CMS_13\\CMS13-350Q1000.csv",
        "chi2dN": 1.5417895578234744,
        "N": 11,
        "ratio_1": 1.1153818507279667,
        "data_1": 0.00238,
        "pred_1": 0.002654608804732561,
        "ratio_2": 1.1318139896719857,
        "data_2": 0.00565,
        "pred_2": 0.006394749041646719,
        "ratio_3": 1.1039943766056723,
        "data_3": 0.00699,
        "pred_3": 0.00771692069247365
      },
      {
        "file": "ATLAS_8\\ATLAS8-00y04.csv",
        "chi2dN": 2.7858986358404807,
        "N": 6,
        "ratio_1": 0.9920136636482779,
        "data_1": 3.257,
        "pred_1": 3.2309885025024414,
        "ratio_2": 0.9950075962746789,
        "data_2": 6.708,
        "pred_2": 6.674510955810547,
        "ratio_3": 1.002220799250371,
        "data_3": 6.714,
        "pred_3": 6.728910446166992
      },
      {
        "file": "ATLAS_8\\ATLAS8-04y08.csv",
        "chi2dN": 1.2047011952803157,
        "N": 6,
        "ratio_1": 0.9837500165433904,
        "data_1": 3.219,
        "pred_1": 3.166691303253174,
        "ratio_2": 0.9901531446901461,
        "data_2": 6.676,
        "pred_2": 6.610262393951416,
        "ratio_3": 0.9944888026172513,
        "data_3": 6.737,
        "pred_3": 6.699871063232422
      },
      {
        "file": "LHCb_8\\LHCb8.csv",
        "chi2dN": 0.47567815185963863,
        "N": 7,
        "ratio_1": 0.953323551809419,
        "data_1": 3.592273,
        "pred_1": 3.424598455429077,
        "ratio_2": 0.9605998117723858,
        "data_2": 6.420833,
        "pred_2": 6.167850971221924,
        "ratio_3": 0.9696082861647769,
        "data_3": 6.340833,
        "pred_3": 6.1481242179870605
      }
    ]
  },
  "fit": {
    "elapsed_s": 62.054366099997424,
    "nf": 630,
    "flag": 1,
    "free_params": [
      0.7507301984522345,
      0.9928820594127045,
      -0.6284419576273592,
      0.05626699883152064,
      0.8037345941618729,
      -4.535825569881506,
      0.3345334717842958,
      -0.3381783739129851,
      1.6206136880397217,
      0.07503133337530296,
      0.01996357020937644
    ],
    "log10_chi2": -0.08506374690798287,
    "stage1": [
      {
        "start_id": 0,
        "log10_chi2": -0.08505214660674179,
        "nf": 60,
        "flag": 1
      },
      {
        "start_id": 1,
        "log10_chi2": -0.061743566405402905,
        "nf": 60,
        "flag": 1
      },
      {
        "start_id": 2,
        "log10_chi2": -0.033759122663756504,
        "nf": 60,
        "flag": 1
      }
    ],
    "stage2": [
      {
        "log10_chi2": -0.08505683932959629,