{
  "model": "poly_bstar_cslog_loggauss",
  "label": "Poly-x bstar + CSlog + loggauss",
  "table_name": "MSHT20N3LO-MC-4-2",
  "n": 4,
  "m": 2,
  "fit_name": "TableScan_poly_bstar_cslog_loggauss_4_2",
  "np_name": "NP-TableScan_poly_bstar_cslog_loggauss_4_2.cl",
  "param_names": [
    "lambda1",
    "lambda2",
    "lambda3",
    "lambda4",
    "alpha",
    "logx0",
    "sigx",
    "amp",
    "BNP",
    "c0",
    "c1"
  ],
  "free_idx": [
    0,
    1,
    2,
    3,
    4,
    5,
    6,
    7,
    8,
    9,
    10
  ],
  "frozen_idx": [],
  "initial": {
    "full_params": [
      0.751883428893,
      0.984075235429,
      -0.617288022623,
      0.0559830930086,
      0.802884531187,
      -4.52591784597,
      0.341294297697,
      -0.337847161581,
      1.62253640916,
      0.0749520392547,
      0.0199290726875
    ],
    "free_params": [
      0.751883428893,
      0.984075235429,
      -0.617288022623,
      0.0559830930086,
      0.802884531187,
      -4.52591784597,
      0.341294297697,
      -0.337847161581,
      1.62253640916,
      0.0749520392547,
      0.0199290726875
    ],
    "metrics": {
      "chi2dN_total": 1.4381001746475675,
      "chi2dN_collider": 0.9553598734366257,
      "chi2dN_fixed_target": 2.0890681565835356,
      "highE_weighted_chi2dN": 1.3682797111546272,
      "highE_mean_ratio_first3": 1.0303412070223932,
      "highE_mean_absdev_first3": 0.050999586724607866,
      "highE_mean_signed_first3": 0.030341207022393003,
      "highE_mean_shortfall_first3": 0.01032918985110743,
      "highE_mean_overshoot_first3": 0.04067039687350043,
      "cms_highmass_mean_ratio_first3": 1.1013052948086612,
      "cms_highmass_mean_absdev_first3": 0.10130529480866142,
      "cms_highmass_mean_signed_first3": 0.10130529480866142,
      "zlike_mean_ratio_first3": 0.9830318151648806,
      "zlike_mean_absdev_first3": 0.017462448001905488,
      "zlike_mean_signed_first3": -0.01696818483511928,
      "compute_s": 0.0453575
    },
    "per_file_chi2dN": {
      "ATLAS_7\\ATLAS7-00y10.csv": 1.3989915334409042,
      "ATLAS_7\\ATLAS7-10y20.csv": 4.34843573465657,
      "ATLAS_7\\ATLAS7-20y24.csv": 1.5951816923579079,
      "ATLAS_8\\ATLAS8-00y04.csv": 2.758193653663772,
      "ATLAS_8\\ATLAS8-04y08.csv": 1.1824521195032602,
      "ATLAS_8\\ATLAS8-08y12.csv": 0.5520860077014363,
      "ATLAS_8\\ATLAS8-116Q150.csv": 0.527700457317759,
      "ATLAS_8\\ATLAS8-12y16.csv": 2.565221483146371,
      "ATLAS_8\\ATLAS8-16y20.csv": 1.3967145149826912,
      "ATLAS_8\\ATLAS8-20y24.csv": 1.0484707712072354,
      "ATLAS_8\\ATLAS8-46Q66.csv": 0.6493379092124095,
      "CDF_I\\CDF1.csv": 0.49583134475045093,
      "CDF_II\\CDF2.csv": 0.6787304008899884,
      "CMS_7\\CMS7.csv": 1.4966037897864104,
      "CMS_8\\CMS8.csv": 0.6987190572323488,
      "CMS_13\\CMS13-00y04.csv": 1.2330024665307704,
      "CMS_13\\CMS13-04y08.csv": 0.8037476449082017,
      "CMS_13\\CMS13-08y12.csv": 0.44477908148364675,
      "CMS_13\\CMS13-106Q170.csv": 0.8510712393110158,
      "CMS_13\\CMS13-12y16.csv": 0.20217781619137284,
      "CMS_13\\CMS13-16y24.csv": 0.2326958328287016,
      "CMS_13\\CMS13-170Q350.csv": 1.047125026093529,
      "CMS_13\\CMS13-350Q1000.csv": 1.5428861824644429,
      "D0_I\\D01.csv": 0.5980873248939876,
      "D0_II\\D02.csv": 0.5354253047740556,
      "D0_II_mu\\D02mu.csv": 0.49322174161161314,
      "E288\\E228-200-4Q5.csv": 1.3045281817352519,
      "E288\\E228-200-5Q6.csv": 0.9933497686884182,
      "E288\\E228-200-6Q7.csv": 1.6941233647139502,
      "E288\\E228-200-7Q8.csv": 1.8044169088108215,
      "E288\\E228-200-8Q9.csv": 0.8109685761496983,
      "E288\\E228-300-11Q12.csv": 0.3672593660834004,
      "E288\\E228-300-4Q5.csv": 1.6901055556094662,
      "E288\\E228-300-5Q6.csv": 0.4914240609922299,
      "E288\\E228-300-6Q7.csv": 3.2123050942862332,
      "E288\\E228-300-7Q8.csv": 1.5944748305525216,
      "E288\\E228-300-8Q9.csv": 0.45328289898276825,
      "E288\\E228-400-11Q12.csv": 1.5196194028092158,
      "E288\\E228-400-12Q13.csv": 0.9699389808731628,
      "E288\\E228-400-13Q14.csv": 0.7051139441719334,
      "E288\\E228-400-5Q6.csv": 1.1683979443507522,
      "E288\\E228-400-6Q7.csv": 6.717947875029172,
      "E288\\E228-400-7Q8.csv": 4.510526707341342,
      "E288\\E228-400-8Q9.csv": 6.249770818837555,
      "E605\\E605-10.5Q11.5.csv": 1.7045943763491045,
      "E605\\E605-11.5Q13.5.csv": 2.2449588801497633,
      "E605\\E605-13.5Q18.csv": 2.5851619562849817,
      "E605\\E605-7Q8.csv": 0.38937588486285274,
      "E605\\E605-8Q9.csv": 0.43510502180276484,
      "E772\\E772-11Q12.csv": 3.416794270457515,
      "E772\\E772-12Q13.csv": 4.8464964753430655,
      "E772\\E772-13Q14.csv": 3.5257020004615827,
      "E772\\E772-14Q15.csv": 0.2799690597979861,
      "LHCb_7\\LHCb7.csv": 0.9048751969497503,
      "LHCb_8\\LHCb8.csv": 0.5206165055912476,
      "LHCb_13\\LHCb13.csv": 0.9005551373666928,
      "STAR\\STAR510.csv": 1.22608682338233
    },
    "high_energy_rows": [
      {
        "file": "CMS_13\\CMS13-170Q350.csv",
        "chi2dN": 1.047125026093529,
        "N": 10,
        "ratio_1": 1.0820759763551313,
        "data_1": 0.0344,
        "pred_1": 0.037223413586616516,
        "ratio_2": 1.091791576826313,
        "data_2": 0.0781,
        "pred_2": 0.08526892215013504,
        "ratio_3": 1.0820972152929877,
        "data_3": 0.0902,
        "pred_3": 0.09760516881942749
      },
      {
        "file": "CMS_13\\CMS13-350Q1000.csv",
        "chi2dN": 1.5428861824644429,
        "N": 11,
        "ratio_1": 1.1176606561957287,
        "data_1": 0.00238,
        "pred_1": 0.0026600323617458344,
        "ratio_2": 1.1308107986650637,
        "data_2": 0.00565,
        "pred_2": 0.006389081012457609,
        "ratio_3": 1.1033955455167441,
        "data_3": 0.00699,
        "pred_3": 0.007712734863162041
      },
      {
        "file": "ATLAS_8\\ATLAS8-00y04.csv",
        "chi2dN": 2.758193653663772,
        "N": 6,
        "ratio_1": 1.0021357291821582,
        "data_1": 3.257,
        "pred_1": 3.263956069946289,
        "ratio_2": 0.9905284689378369,
        "data_2": 6.708,
        "pred_2": 6.64446496963501,
        "ratio_3": 1.0000884550683797,
        "data_3": 6.714,
        "pred_3": 6.714593887329102
      },
      {
        "file": "ATLAS_8\\ATLAS8-04y08.csv",
        "chi2dN": 1.1824521195032602,
        "N": 6,
        "ratio_1": 0.9927974053886819,
        "data_1": 3.219,
        "pred_1": 3.195814847946167,
        "ratio_2": 0.986365874846443,
        "data_2": 6.676,
        "pred_2": 6.5849785804748535,
        "ratio_3": 0.9927045384163988,
        "data_3": 6.737,
        "pred_3": 6.687850475311279
      },
      {
        "file": "LHCb_8\\LHCb8.csv",
        "chi2dN": 0.5206165055912476,
        "N": 7,
        "ratio_1": 0.954819660710415,
        "data_1": 3.592273,
        "pred_1": 3.4299728870391846,
        "ratio_2": 0.9549953998555899,
        "data_2": 6.420833,
        "pred_2": 6.131865978240967,
        "ratio_3": 0.972850804078023,
        "data_3": 6.340833,
        "pred_3": 6.168684482574463
      }
    ]
  },
  "fit": {
    "elapsed_s": 61.68249839999771,
    "nf": 630,
    "flag": 1,
    "free_params": [
      0.7815754472877102,
      0.02,
      -1.6884803157000086,
      0.019680153758502295,
      1.174480286233805,
      -4.619905830174091,
      0.3769304036962007,
      -0.25405372008430027,
      1.4895895425550965,
      0.07202637681449585,
      0.02523340476396723
    ],
    "log10_chi2": 0.0037320502876939526,
    "stage1": [
      {
        "start_id": 0,
        "log10_chi2": 0.022969376216033854,
        "nf": 60,
        "flag": 1
      },
      {
        "start_id": 1,
        "log10_chi2": 0.03722566644067228,
        "nf": 60,
        "flag": 1
      },
      {
        "start_id": 2,
        "log10_chi2": 0.20320367556925753,
        "nf": 60,
        "flag": 1
      }
    ],
    "stage2": [
      {
        "log10_chi2": 0.00577692104092751,
        "nf": 180,