{
  "model": "poly_bstar_cslog",
  "label": "Poly-x bstar + CSlog",
  "table_name": "MSHT20N3LO-MC-0-0",
  "n": 0,
  "m": 0,
  "fit_name": "TableScan_poly_bstar_cslog_0_0",
  "np_name": "NP-TableScan_poly_bstar_cslog_0_0.cl",
  "param_names": [
    "lambda1",
    "lambda2",
    "lambda3",
    "lambda4",
    "alpha",
    "BNP",
    "c0",
    "c1"
  ],
  "free_idx": [
    0,
    1,
    2,
    3,
    4,
    5,
    6,
    7
  ],
  "frozen_idx": [],
  "initial": {
    "full_params": [
      1.04068048666,
      0.99850096912,
      -1.15183835919,
      0.190079827968,
      0.87422103378,
      1.52270546838,
      0.0818922818062,
      0.0202840470381
    ],
    "free_params": [
      1.04068048666,
      0.99850096912,
      -1.15183835919,
      0.190079827968,
      0.87422103378,
      1.52270546838,
      0.0818922818062,
      0.0202840470381
    ],
    "metrics": {
      "chi2dN_total": 5.5011851229045545,
      "chi2dN_collider": 7.646313406089868,
      "chi2dN_fixed_target": 2.6085121349728455,
      "highE_weighted_chi2dN": 16.31340083340826,
      "highE_mean_ratio_first3": 0.9864745621436374,
      "highE_mean_absdev_first3": 0.06690336902365063,
      "highE_mean_signed_first3": -0.013525437856362562,
      "highE_mean_shortfall_first3": 0.040214403440006596,
      "highE_mean_overshoot_first3": 0.026688965583644034,
      "cms_highmass_mean_ratio_first3": 1.053730023255219,
      "cms_highmass_mean_absdev_first3": 0.06263002645973108,
      "cms_highmass_mean_signed_first3": 0.05373002325521903,
      "zlike_mean_ratio_first3": 0.9416375880692497,
      "zlike_mean_absdev_first3": 0.06975226406626367,
      "zlike_mean_signed_first3": -0.058362411930750285,
      "compute_s": 0.0429781
    },
    "per_file_chi2dN": {
      "ATLAS_7\\ATLAS7-00y10.csv": 28.536077234233108,
      "ATLAS_7\\ATLAS7-10y20.csv": 17.22160389074274,
      "ATLAS_7\\ATLAS7-20y24.csv": 3.5453358932712895,
      "ATLAS_8\\ATLAS8-00y04.csv": 57.0757133208526,
      "ATLAS_8\\ATLAS8-04y08.csv": 39.39362026654825,
      "ATLAS_8\\ATLAS8-08y12.csv": 25.38129628041595,
      "ATLAS_8\\ATLAS8-116Q150.csv": 2.2457635379251837,
      "ATLAS_8\\ATLAS8-12y16.csv": 28.19271835515676,
      "ATLAS_8\\ATLAS8-16y20.csv": 16.361784214160416,
      "ATLAS_8\\ATLAS8-20y24.csv": 11.445312166021075,
      "ATLAS_8\\ATLAS8-46Q66.csv": 9.579406140458739,
      "CDF_I\\CDF1.csv": 0.9396929179288857,
      "CDF_II\\CDF2.csv": 7.200791870973804,
      "CMS_7\\CMS7.csv": 2.394049712075101,
      "CMS_8\\CMS8.csv": 2.2388246143521595,
      "CMS_13\\CMS13-00y04.csv": 6.575602258663194,
      "CMS_13\\CMS13-04y08.csv": 2.8149935965689465,
      "CMS_13\\CMS13-08y12.csv": 1.621623203389428,
      "CMS_13\\CMS13-106Q170.csv": 4.139098743197091,
      "CMS_13\\CMS13-12y16.csv": 1.03000390783034,
      "CMS_13\\CMS13-16y24.csv": 0.7156522569939539,
      "CMS_13\\CMS13-170Q350.csv": 1.6207463417076085,
      "CMS_13\\CMS13-350Q1000.csv": 1.7685318782020543,
      "D0_I\\D01.csv": 2.608682891518595,
      "D0_II\\D02.csv": 1.7362568564352223,
      "D0_II_mu\\D02mu.csv": 12.93763548707871,
      "E288\\E228-200-4Q5.csv": 2.10620673714785,
      "E288\\E228-200-5Q6.csv": 1.5074902528292795,
      "E288\\E228-200-6Q7.csv": 1.9774865428309882,
      "E288\\E228-200-7Q8.csv": 1.807367050704775,
      "E288\\E228-200-8Q9.csv": 0.7890416262539276,
      "E288\\E228-300-11Q12.csv": 0.3241954548767568,
      "E288\\E228-300-4Q5.csv": 2.418828452596618,
      "E288\\E228-300-5Q6.csv": 1.15170151750631,
      "E288\\E228-300-6Q7.csv": 3.9950547773208602,
      "E288\\E228-300-7Q8.csv": 2.042157549275159,
      "E288\\E228-300-8Q9.csv": 0.5897038510116362,
      "E288\\E228-400-11Q12.csv": 1.456658340066247,
      "E288\\E228-400-12Q13.csv": 1.010780210731766,
      "E288\\E228-400-13Q14.csv": 0.6625168865716771,
      "E288\\E228-400-5Q6.csv": 2.2976558805601472,
      "E288\\E228-400-6Q7.csv": 10.38255840883913,
      "E288\\E228-400-7Q8.csv": 6.728724794318354,
      "E288\\E228-400-8Q9.csv": 7.392165177473499,
      "E605\\E605-10.5Q11.5.csv": 2.511535171061845,
      "E605\\E605-11.5Q13.5.csv": 3.1208561220234867,
      "E605\\E605-13.5Q18.csv": 2.960054919920987,
      "E605\\E605-7Q8.csv": 0.9708381346115715,
      "E605\\E605-8Q9.csv": 0.9041473505674621,
      "E772\\E772-11Q12.csv": 3.8538602756761047,
      "E772\\E772-12Q13.csv": 5.194466088810172,
      "E772\\E772-13Q14.csv": 3.082446409294888,
      "E772\\E772-14Q15.csv": 0.399702296851556,
      "LHCb_7\\LHCb7.csv": 3.506774353554762,
      "LHCb_8\\LHCb8.csv": 5.436959676375213,
      "LHCb_13\\LHCb13.csv": 1.6526784497353006,
      "STAR\\STAR510.csv": 0.7881447437330155
    },
    "high_energy_rows": [
      {
        "file": "CMS_13\\CMS13-170Q350.csv",
        "chi2dN": 1.6207463417076085,
        "N": 10,
        "ratio_1": 0.9732999903864639,
        "data_1": 0.0344,
        "pred_1": 0.03348151966929436,
        "ratio_2": 1.0533016485075029,
        "data_2": 0.0781,
        "pred_2": 0.08226285874843597,
        "ratio_3": 1.094504497003661,
        "data_3": 0.0902,
        "pred_3": 0.09872430562973022
      },
      {
        "file": "CMS_13\\CMS13-350Q1000.csv",
        "chi2dN": 1.7685318782020543,
        "N": 11,
        "ratio_1": 1.0112431604696923,
        "data_1": 0.00238,
        "pred_1": 0.0024067587219178677,
        "ratio_2": 1.0834594743441692,
        "data_2": 0.00565,
        "pred_2": 0.006121546030044556,
        "ratio_3": 1.1065713688198249,
        "data_3": 0.00699,
        "pred_3": 0.007734933868050575
      },
      {
        "file": "ATLAS_8\\ATLAS8-00y04.csv",
        "chi2dN": 57.0757133208526,
        "N": 6,
        "ratio_1": 0.8724558598650427,
        "data_1": 3.257,
        "pred_1": 2.8415887355804443,
        "ratio_2": 0.9631694749344226,
        "data_2": 6.708,
        "pred_2": 6.460940837860107,
        "ratio_3": 1.0302360121039786,
        "data_3": 6.714,
        "pred_3": 6.917004585266113
      },
      {
        "file": "ATLAS_8\\ATLAS8-04y08.csv",
        "chi2dN": 39.39362026654825,
        "N": 6,
        "ratio_1": 0.8810853024897793,
        "data_1": 3.219,
        "pred_1": 2.8362135887145996,
        "ratio_2": 0.9643172274955809,
        "data_2": 6.676,
        "pred_2": 6.437781810760498,
        "ratio_3": 1.0207989316002912,
        "data_3": 6.737,
        "pred_3": 6.877122402191162
      },
      {
        "file": "LHCb_8\\LHCb8.csv",
        "chi2dN": 5.436959676375213,
        "N": 7,
        "ratio_1": 0.8205782332374874,
        "data_1": 3.592273,
        "pred_1": 2.9477410316467285,
        "ratio_2": 0.9218778599911243,
        "data_2": 6.420833,
        "pred_2": 5.919223785400391,
        "ratio_3": 1.0002193909055404,
        "data_3": 6.340833,
        "pred_3": 6.34222412109375
      }
    ]
  },
  "fit": {
    "elapsed_s": 71.81437550000555,
    "nf": 630,
    "flag": 1,
    "free_params": [
      1.1231095628233514,
      1.6223646336080517,
      -2.4106346423376444,
      0.1305815323623356,
      0.0,
      2.2602682420322013,
      0.0,
      6.858409578352588e-05
    ],
    "log10_chi2": -0.03594714270685622,
    "stage1": [
      {
        "start_id": 2,
        "log10_chi2": -0.026324088631474767,
        "nf": 60,
        "flag": 1
      },
      {
        "start_id": 1,
        "log10_chi2": 0.040019525079573806,
        "nf": 60,
        "flag": 1
      },
      {
        "start_id": 0,
        "log10_chi2": 0.1929434073648171,
        "nf": 60,
        "flag": 1
      }
    ],
    "stage2": [
      {
        "log10_chi2": -0.0350639771328187,
        "nf": 180,
        "flag": 1
      },
      {
        "log10_chi2": -0.026466931565326104,
        "nf": 180,
        "flag": 1
      }
    ],
    "polish_nf": 90
  },
  "best": {
    "full_params": [
      1.1231095628233514,
      1.6223646336080517,
      -2.4106346423376444,
      0.1305815323623356,
      0.0,
      2.2602682420322013,
      0.0,
      6.858409578352588e-05
    ],