{
  "model": "poly_bstar_cslog_loggauss",
  "label": "Poly-x bstar + CSlog + loggauss",
  "table_name": "MSHT20N3LO-MC-4-4",
  "n": 4,
  "m": 4,
  "fit_name": "TableScan_poly_bstar_cslog_loggauss_4_4",
  "np_name": "NP-TableScan_poly_bstar_cslog_loggauss_4_4.cl",
  "param_names": [
    "lambda1",
    "lambda2",
    "lambda3",
    "lambda4",
    "alpha",
    "logx0",
    "sigx",
    "amp",
    "BNP",
    "c0",
    "c1"
  ],
  "free_idx": [
    0,
    1,
    2,
    3,
    4,
    5,
    6,
    7,
    8,
    9,
    10
  ],
  "frozen_idx": [],
  "initial": {
    "full_params": [
      0.751883428893,
      0.984075235429,
      -0.617288022623,
      0.0559830930086,
      0.802884531187,
      -4.52591784597,
      0.341294297697,
      -0.337847161581,
      1.62253640916,
      0.0749520392547,
      0.0199290726875
    ],
    "free_params": [
      0.751883428893,
      0.984075235429,
      -0.617288022623,
      0.0559830930086,
      0.802884531187,
      -4.52591784597,
      0.341294297697,
      -0.337847161581,
      1.62253640916,
      0.0749520392547,
      0.0199290726875
    ],
    "metrics": {
      "chi2dN_total": 3.823486917151954,
      "chi2dN_collider": 5.28467310651185,
      "chi2dN_fixed_target": 1.8530994799848208,
      "highE_weighted_chi2dN": 9.672591306230293,
      "highE_mean_ratio_first3": 0.9915364208365991,
      "highE_mean_absdev_first3": 0.05992817247125184,
      "highE_mean_signed_first3": -0.00846357916340105,
      "highE_mean_shortfall_first3": 0.03419587581732644,
      "highE_mean_overshoot_first3": 0.025732296653925395,
      "cms_highmass_mean_ratio_first3": 1.0582845982909064,
      "cms_highmass_mean_absdev_first3": 0.060614878784764716,
      "cms_highmass_mean_signed_first3": 0.058284598290906486,
      "zlike_mean_ratio_first3": 0.9470376358670607,
      "zlike_mean_absdev_first3": 0.05947036826224325,
      "zlike_mean_signed_first3": -0.05296236413293941,
      "compute_s": 0.0430675
    },
    "per_file_chi2dN": {
      "ATLAS_7\\ATLAS7-00y10.csv": 14.677722895766436,
      "ATLAS_7\\ATLAS7-10y20.csv": 14.20822952239625,
      "ATLAS_7\\ATLAS7-20y24.csv": 2.8118156976175377,
      "ATLAS_8\\ATLAS8-00y04.csv": 30.65784442864233,
      "ATLAS_8\\ATLAS8-04y08.csv": 24.211642758279112,
      "ATLAS_8\\ATLAS8-08y12.csv": 17.605767262539583,
      "ATLAS_8\\ATLAS8-116Q150.csv": 1.808826194101378,
      "ATLAS_8\\ATLAS8-12y16.csv": 24.074363540564633,
      "ATLAS_8\\ATLAS8-16y20.csv": 13.550799653401752,
      "ATLAS_8\\ATLAS8-20y24.csv": 8.793909986355791,
      "ATLAS_8\\ATLAS8-46Q66.csv": 9.121108311501374,
      "CDF_I\\CDF1.csv": 0.7758308938007122,
      "CDF_II\\CDF2.csv": 5.008469435458797,
      "CMS_7\\CMS7.csv": 2.176789959285985,
      "CMS_8\\CMS8.csv": 1.923785782125963,
      "CMS_13\\CMS13-00y04.csv": 4.423371051175895,
      "CMS_13\\CMS13-04y08.csv": 2.3654413729970396,
      "CMS_13\\CMS13-08y12.csv": 1.2813692315699645,
      "CMS_13\\CMS13-106Q170.csv": 2.9071951807774776,
      "CMS_13\\CMS13-12y16.csv": 0.7881863283958933,
      "CMS_13\\CMS13-16y24.csv": 0.5112223111650083,
      "CMS_13\\CMS13-170Q350.csv": 1.3741241665400048,
      "CMS_13\\CMS13-350Q1000.csv": 1.7311107088326252,
      "D0_I\\D01.csv": 1.9539378821424354,
      "D0_II\\D02.csv": 0.9457824671117387,
      "D0_II_mu\\D02mu.csv": 9.494223146686558,
      "E288\\E228-200-4Q5.csv": 1.4489404247954747,
      "E288\\E228-200-5Q6.csv": 1.0986427339458513,
      "E288\\E228-200-6Q7.csv": 1.5105974255541232,
      "E288\\E228-200-7Q8.csv": 1.519434329281474,
      "E288\\E228-200-8Q9.csv": 0.7207910166092892,
      "E288\\E228-300-11Q12.csv": 0.3147008888430496,
      "E288\\E228-300-4Q5.csv": 1.737249095840778,
      "E288\\E228-300-5Q6.csv": 0.6563421441696399,
      "E288\\E228-300-6Q7.csv": 2.7340404435848993,
      "E288\\E228-300-7Q8.csv": 1.389277953508243,
      "E288\\E228-300-8Q9.csv": 0.5077441309151565,
      "E288\\E228-400-11Q12.csv": 1.266780365056915,
      "E288\\E228-400-12Q13.csv": 0.9074532795646514,
      "E288\\E228-400-13Q14.csv": 0.6067056762067964,
      "E288\\E228-400-5Q6.csv": 1.1463463571402874,
      "E288\\E228-400-6Q7.csv": 5.61500584421249,
      "E288\\E228-400-7Q8.csv": 3.7406181646677124,
      "E288\\E228-400-8Q9.csv": 5.0077123126894865,
      "E605\\E605-10.5Q11.5.csv": 1.589971321766732,
      "E605\\E605-11.5Q13.5.csv": 2.1508371263683674,
      "E605\\E605-13.5Q18.csv": 2.344302969477663,
      "E605\\E605-7Q8.csv": 0.5771154845770636,
      "E605\\E605-8Q9.csv": 0.5484375512784917,
      "E772\\E772-11Q12.csv": 3.0922675823602663,
      "E772\\E772-12Q13.csv": 4.322809535120834,
      "E772\\E772-13Q14.csv": 2.81191620001079,
      "E772\\E772-14Q15.csv": 0.348168520013979,
      "LHCb_7\\LHCb7.csv": 2.4483745038634614,
      "LHCb_8\\LHCb8.csv": 3.557609952160596,
      "LHCb_13\\LHCb13.csv": 1.1342853521737286,
      "STAR\\STAR510.csv": 0.8564859667760035
    },
    "high_energy_rows": [
      {
        "file": "CMS_13\\CMS13-170Q350.csv",
        "chi2dN": 1.3741241665400048,
        "N": 10,
        "ratio_1": 0.9930091585184253,
        "data_1": 0.0344,
        "pred_1": 0.03415951505303383,
        "ratio_2": 1.0525084144785217,
        "data_2": 0.0781,
        "pred_2": 0.08220090717077255,
        "ratio_3": 1.0873412841439511,
        "data_3": 0.0902,
        "pred_3": 0.0980781838297844
      },
      {
        "file": "CMS_13\\CMS13-350Q1000.csv",
        "chi2dN": 1.7311107088326252,
        "N": 11,
        "ratio_1": 1.02905578081723,
        "data_1": 0.00238,
        "pred_1": 0.002449152758345008,
        "ratio_2": 1.08601443007984,
        "data_2": 0.00565,
        "pred_2": 0.006135981529951096,
        "ratio_3": 1.1017785217074707,
        "data_3": 0.00699,
        "pred_3": 0.00770143186673522
      },
      {
        "file": "ATLAS_8\\ATLAS8-00y04.csv",
        "chi2dN": 30.65784442864233,
        "N": 6,
        "ratio_1": 0.9092356406877404,
        "data_1": 3.257,
        "pred_1": 2.9613804817199707,
        "ratio_2": 0.9616353217519034,
        "data_2": 6.708,
        "pred_2": 6.450649738311768,
        "ratio_3": 1.0190827526220936,
        "data_3": 6.714,
        "pred_3": 6.842121601104736
      },
      {
        "file": "ATLAS_8\\ATLAS8-04y08.csv",
        "chi2dN": 24.211642758279112,
        "N": 6,
        "ratio_1": 0.903185941892294,
        "data_1": 3.219,
        "pred_1": 2.907355546951294,
        "ratio_2": 0.9566449061920002,
        "data_2": 6.676,
        "pred_2": 6.386561393737793,
        "ratio_3": 1.0102032659597737,
        "data_3": 6.737,
        "pred_3": 6.805739402770996
      },
      {
        "file": "LHCb_8\\LHCb8.csv",
        "chi2dN": 3.557609952160596,
        "N": 7,
        "ratio_1": 0.8576901231297819,
        "data_1": 3.592273,
        "pred_1": 3.081057071685791,
        "ratio_2": 0.9194652433168478,
        "data_2": 6.420833,
        "pred_2": 5.903732776641846,
        "ratio_3": 0.9861955272511105,
        "data_3": 6.340833,
        "pred_3": 6.25330114364624
      }
    ]
  },
  "fit": {
    "elapsed_s": 60.8423763000028,
    "nf": 630,
    "flag": 1,
    "free_params": [
      0.8865188430063545,
      0.7654368093512496,
      -2.589328927489303,
      0.054410389143843885,
      1.2024756938305101,
      -4.743091808901697,
      0.3064504825003542,
      -0.3258706044623416,
      2.404528639347925,
      0.04776242479984125,
      0.030001246255503485
    ],
    "log10_chi2": 0.03529743848899543,
    "stage1": [
      {
        "start_id": 0,
        "log10_chi2": 0.07176879665478951,
        "nf": 60,
        "flag": 1
      },
      {
        "start_id": 1,
        "log10_chi2": 0.07970934336006294,
        "nf": 60,
        "flag": 1
      },
      {
        "start_id": 2,
        "log10_chi2": 0.1730068093755326,
        "nf": 60,
        "flag": 1
      }
    ],
    "stage2": [
      {
        "log10_chi2": 0.040406575725588895,
        "nf": 180,