{
  "model": "poly_bstar_cslog",
  "label": "Poly-x bstar + CSlog",
  "table_name": "MSHT20N3LO-MC-0-2",
  "n": 0,
  "m": 2,
  "fit_name": "TableScan_poly_bstar_cslog_0_2",
  "np_name": "NP-TableScan_poly_bstar_cslog_0_2.cl",
  "param_names": [
    "lambda1",
    "lambda2",
    "lambda3",
    "lambda4",
    "alpha",
    "BNP",
    "c0",
    "c1"
  ],
  "free_idx": [
    0,
    1,
    2,
    3,
    4,
    5,
    6,
    7
  ],
  "frozen_idx": [],
  "initial": {
    "full_params": [
      1.04068048666,
      0.99850096912,
      -1.15183835919,
      0.190079827968,
      0.87422103378,
      1.52270546838,
      0.0818922818062,
      0.0202840470381
    ],
    "free_params": [
      1.04068048666,
      0.99850096912,
      -1.15183835919,
      0.190079827968,
      0.87422103378,
      1.52270546838,
      0.0818922818062,
      0.0202840470381
    ],
    "metrics": {
      "chi2dN_total": 0.835583851047394,
      "chi2dN_collider": 0.9006892814003775,
      "chi2dN_fixed_target": 0.7477901646623103,
      "highE_weighted_chi2dN": 1.5022230587613643,
      "highE_mean_ratio_first3": 1.0277682706112776,
      "highE_mean_absdev_first3": 0.052765699601534925,
      "highE_mean_signed_first3": 0.027768270611277585,
      "highE_mean_shortfall_first3": 0.012498714495128672,
      "highE_mean_overshoot_first3": 0.04026698510640626,
      "cms_highmass_mean_ratio_first3": 1.0998543695701744,
      "cms_highmass_mean_absdev_first3": 0.09985436957017439,
      "cms_highmass_mean_signed_first3": 0.09985436957017439,
      "zlike_mean_ratio_first3": 0.9797108713053464,
      "zlike_mean_absdev_first3": 0.021373252955775288,
      "zlike_mean_signed_first3": -0.020289128694653616,
      "compute_s": 0.0429043
    },
    "per_file_chi2dN": {
      "ATLAS_7\\ATLAS7-00y10.csv": 0.42176835554170716,
      "ATLAS_7\\ATLAS7-10y20.csv": 3.4163309557189208,
      "ATLAS_7\\ATLAS7-20y24.csv": 1.3160232865901185,
      "ATLAS_8\\ATLAS8-00y04.csv": 3.522912852610304,
      "ATLAS_8\\ATLAS8-04y08.csv": 1.1453404569173762,
      "ATLAS_8\\ATLAS8-08y12.csv": 0.7646781922824593,
      "ATLAS_8\\ATLAS8-116Q150.csv": 0.5472680119609723,
      "ATLAS_8\\ATLAS8-12y16.csv": 1.2413022083122864,
      "ATLAS_8\\ATLAS8-16y20.csv": 0.9928691618680646,
      "ATLAS_8\\ATLAS8-20y24.csv": 0.9115810207042451,
      "ATLAS_8\\ATLAS8-46Q66.csv": 0.34341344219800984,
      "CDF_I\\CDF1.csv": 0.4947200376498009,
      "CDF_II\\CDF2.csv": 0.7585109907932412,
      "CMS_7\\CMS7.csv": 1.4436099109694553,
      "CMS_8\\CMS8.csv": 0.7368800973885921,
      "CMS_13\\CMS13-00y04.csv": 1.3991156361271055,
      "CMS_13\\CMS13-04y08.csv": 0.8482731969364834,
      "CMS_13\\CMS13-08y12.csv": 0.4666386147769543,
      "CMS_13\\CMS13-106Q170.csv": 0.8196815535812931,
      "CMS_13\\CMS13-12y16.csv": 0.25619931117237915,
      "CMS_13\\CMS13-16y24.csv": 0.26371238005693487,
      "CMS_13\\CMS13-170Q350.csv": 1.0645718963116926,
      "CMS_13\\CMS13-350Q1000.csv": 1.5503201656838284,
      "D0_I\\D01.csv": 0.6139586039749566,
      "D0_II\\D02.csv": 0.6289091924303701,
      "D0_II_mu\\D02mu.csv": 0.31194448895510996,
      "E288\\E228-200-4Q5.csv": 0.4585255319130468,
      "E288\\E228-200-5Q6.csv": 0.3099155413166361,
      "E288\\E228-200-6Q7.csv": 0.3218763300653474,
      "E288\\E228-200-7Q8.csv": 0.1375562098862621,
      "E288\\E228-200-8Q9.csv": 0.4632607088589884,
      "E288\\E228-300-11Q12.csv": 0.2852361281906578,
      "E288\\E228-300-4Q5.csv": 1.3952435123616234,
      "E288\\E228-300-5Q6.csv": 0.26229302046048253,
      "E288\\E228-300-6Q7.csv": 0.2959129877385278,
      "E288\\E228-300-7Q8.csv": 0.11060725069070089,
      "E288\\E228-300-8Q9.csv": 1.119638808024947,
      "E288\\E228-400-11Q12.csv": 0.6879989069945408,
      "E288\\E228-400-12Q13.csv": 0.8742751048098362,
      "E288\\E228-400-13Q14.csv": 0.5762287706208546,
      "E288\\E228-400-5Q6.csv": 0.7444439698639219,
      "E288\\E228-400-6Q7.csv": 1.2498078977249396,
      "E288\\E228-400-7Q8.csv": 0.553621417055019,
      "E288\\E228-400-8Q9.csv": 0.7883151900164507,
      "E605\\E605-10.5Q11.5.csv": 0.2294485657010657,
      "E605\\E605-11.5Q13.5.csv": 0.45561567703546635,
      "E605\\E605-13.5Q18.csv": 0.8993991325852018,
      "E605\\E605-7Q8.csv": 0.24209192871063068,
      "E605\\E605-8Q9.csv": 0.4299967705555207,
      "E772\\E772-11Q12.csv": 1.6750048174528156,
      "E772\\E772-12Q13.csv": 2.406802684523056,
      "E772\\E772-13Q14.csv": 2.4958626081428776,
      "E772\\E772-14Q15.csv": 0.21760905340656742,
      "LHCb_7\\LHCb7.csv": 0.871422788698757,
      "LHCb_8\\LHCb8.csv": 0.6257373868070649,
      "LHCb_13\\LHCb13.csv": 0.6534455774027738,
      "STAR\\STAR510.csv": 1.246304231653179
    },
    "high_energy_rows": [
      {
        "file": "CMS_13\\CMS13-170Q350.csv",
        "chi2dN": 1.0645718963116926,
        "N": 10,
        "ratio_1": 1.0763802890514218,
        "data_1": 0.0344,
        "pred_1": 0.03702748194336891,
        "ratio_2": 1.0932973382109716,
        "data_2": 0.0781,
        "pred_2": 0.08538652211427689,
        "ratio_3": 1.084038165879091,
        "data_3": 0.0902,
        "pred_3": 0.097780242562294
      },
      {
        "file": "CMS_13\\CMS13-350Q1000.csv",
        "chi2dN": 1.5503201656838284,
        "N": 11,
        "ratio_1": 1.1109950474831236,
        "data_1": 0.00238,
        "pred_1": 0.0026441682130098343,
        "ratio_2": 1.1299676632722924,
        "data_2": 0.00565,
        "pred_2": 0.006384317297488451,
        "ratio_3": 1.104447713524146,
        "data_3": 0.00699,
        "pred_3": 0.007720089517533779
      },
      {
        "file": "ATLAS_8\\ATLAS8-00y04.csv",
        "chi2dN": 3.522912852610304,
        "N": 6,
        "ratio_1": 0.9784251222736381,
        "data_1": 3.257,
        "pred_1": 3.1867306232452393,
        "ratio_2": 0.9911598445548851,
        "data_2": 6.708,
        "pred_2": 6.64870023727417,
        "ratio_3": 1.0048785591750475,
        "data_3": 6.714,
        "pred_3": 6.7467546463012695
      },
      {
        "file": "ATLAS_8\\ATLAS8-04y08.csv",
        "chi2dN": 1.1453404569173762,
        "N": 6,
        "ratio_1": 0.9891051392852983,
        "data_1": 3.219,
        "pred_1": 3.183929443359375,
        "ratio_2": 0.9921087055880556,
        "data_2": 6.676,
        "pred_2": 6.623317718505859,
        "ratio_3": 0.994964436534889,
        "data_3": 6.737,
        "pred_3": 6.703075408935547
      },
      {
        "file": "LHCb_8\\LHCb8.csv",
        "chi2dN": 0.6257373868070649,
        "N": 7,
        "ratio_1": 0.9370185399382996,
        "data_1": 3.592273,
        "pred_1": 3.3660264015197754,
        "ratio_2": 0.9564748142911568,
        "data_2": 6.420833,
        "pred_2": 6.141365051269531,
        "ratio_3": 0.9732626801068474,
        "data_3": 6.340833,
        "pred_3": 6.171296119689941
      }
    ]
  },
  "fit": {
    "elapsed_s": 68.9883062000008,
    "nf": 628,
    "flag": 0,
    "free_params": [
      1.1600721918677224,
      1.1599012488948615,
      -1.6690628790569537,
      0.2116790491670132,
      0.887343190139558,
      1.5031491115948827,
      0.08139600704635772,
      0.02068864589588939
    ],
    "log10_chi2": -0.07850869642610632,
    "stage1": [
      {
        "start_id": 0,
        "log10_chi2": -0.07801302253465012,
        "nf": 60,
        "flag": 1
      },
      {
        "start_id": 1,
        "log10_chi2": -0.06836312548561375,
        "nf": 60,
        "flag": 1
      },
      {
        "start_id": 2,
        "log10_chi2": -0.0403660384360622,
        "nf": 60,
        "flag": 1
      }
    ],
    "stage2": [
      {
        "log10_chi2": -0.07848640838119042,
        "nf": 180,
        "flag": 1
      },
      {
        "log10_chi2": -0.0780801660698374,
        "nf": 180,
        "flag": 1
      }
    ],
    "polish_nf": 88
  },