{
  "model": "poly_bstar_cslog_loggauss",
  "label": "Poly-x bstar + CSlog + loggauss",
  "table_name": "MSHT20N3LO-MC-0-0",
  "n": 0,
  "m": 0,
  "fit_name": "TableScan_poly_bstar_cslog_loggauss_0_0",
  "np_name": "NP-TableScan_poly_bstar_cslog_loggauss_0_0.cl",
  "param_names": [
    "lambda1",
    "lambda2",
    "lambda3",
    "lambda4",
    "alpha",
    "logx0",
    "sigx",
    "amp",
    "BNP",
    "c0",
    "c1"
  ],
  "free_idx": [
    0,
    1,
    2,
    3,
    4,
    5,
    6,
    7,
    8,
    9,
    10
  ],
  "frozen_idx": [],
  "initial": {
    "full_params": [
      0.751883428893,
      0.984075235429,
      -0.617288022623,
      0.0559830930086,
      0.802884531187,
      -4.52591784597,
      0.341294297697,
      -0.337847161581,
      1.62253640916,
      0.0749520392547,
      0.0199290726875
    ],
    "free_params": [
      0.751883428893,
      0.984075235429,
      -0.617288022623,
      0.0559830930086,
      0.802884531187,
      -4.52591784597,
      0.341294297697,
      -0.337847161581,
      1.62253640916,
      0.0749520392547,
      0.0199290726875
    ],
    "metrics": {
      "chi2dN_total": 5.445007395660308,
      "chi2dN_collider": 7.576880805509798,
      "chi2dN_fixed_target": 2.5702084035905433,
      "highE_weighted_chi2dN": 15.28507380595532,
      "highE_mean_ratio_first3": 0.9883150963829552,
      "highE_mean_absdev_first3": 0.06547477238436297,
      "highE_mean_signed_first3": -0.011684903617044854,
      "highE_mean_shortfall_first3": 0.03857983800070391,
      "highE_mean_overshoot_first3": 0.026894934383659055,
      "cms_highmass_mean_ratio_first3": 1.0545144940034001,
      "cms_highmass_mean_absdev_first3": 0.06326043190758442,
      "cms_highmass_mean_signed_first3": 0.05451449400340025,
      "zlike_mean_ratio_first3": 0.9441821646359916,
      "zlike_mean_absdev_first3": 0.06695099936888199,
      "zlike_mean_signed_first3": -0.05581783536400826,
      "compute_s": 0.0454819
    },
    "per_file_chi2dN": {
      "ATLAS_7\\ATLAS7-00y10.csv": 27.653401919463608,
      "ATLAS_7\\ATLAS7-10y20.csv": 18.610498742992423,
      "ATLAS_7\\ATLAS7-20y24.csv": 3.5114339035017994,
      "ATLAS_8\\ATLAS8-00y04.csv": 50.493902917639964,
      "ATLAS_8\\ATLAS8-04y08.csv": 39.99796760730199,
      "ATLAS_8\\ATLAS8-08y12.csv": 27.850185187019406,
      "ATLAS_8\\ATLAS8-116Q150.csv": 2.2286919598970734,
      "ATLAS_8\\ATLAS8-12y16.csv": 30.174680991884653,
      "ATLAS_8\\ATLAS8-16y20.csv": 16.738846449133757,
      "ATLAS_8\\ATLAS8-20y24.csv": 11.16060336242284,
      "ATLAS_8\\ATLAS8-46Q66.csv": 10.016128272077518,
      "CDF_I\\CDF1.csv": 0.931990543366628,
      "CDF_II\\CDF2.csv": 7.095051876980569,
      "CMS_7\\CMS7.csv": 2.449283781171599,
      "CMS_8\\CMS8.csv": 2.272906998917341,
      "CMS_13\\CMS13-00y04.csv": 6.396496397872387,
      "CMS_13\\CMS13-04y08.csv": 2.7488365909830987,
      "CMS_13\\CMS13-08y12.csv": 1.7038237471735533,
      "CMS_13\\CMS13-106Q170.csv": 4.141640484558678,
      "CMS_13\\CMS13-12y16.csv": 1.1036002403965908,
      "CMS_13\\CMS13-16y24.csv": 0.7168632684115479,
      "CMS_13\\CMS13-170Q350.csv": 1.5977446309978243,
      "CMS_13\\CMS13-350Q1000.csv": 1.752606280669835,
      "D0_I\\D01.csv": 2.586669545288547,
      "D0_II\\D02.csv": 1.7140168176882196,
      "D0_II_mu\\D02mu.csv": 13.121551241974467,
      "E288\\E228-200-4Q5.csv": 2.1551469414982303,
      "E288\\E228-200-5Q6.csv": 1.5310573762934994,
      "E288\\E228-200-6Q7.csv": 1.9387575758550746,
      "E288\\E228-200-7Q8.csv": 1.7661550384716782,
      "E288\\E228-200-8Q9.csv": 0.7793160241786881,
      "E288\\E228-300-11Q12.csv": 0.32009527120662257,
      "E288\\E228-300-4Q5.csv": 2.447522605164195,
      "E288\\E228-300-5Q6.csv": 1.1847380255421327,
      "E288\\E228-300-6Q7.csv": 3.8992538474136555,
      "E288\\E228-300-7Q8.csv": 2.003286263544482,
      "E288\\E228-300-8Q9.csv": 0.5964698013739981,
      "E288\\E228-400-11Q12.csv": 1.4313152337803938,
      "E288\\E228-400-12Q13.csv": 1.0000575424209652,
      "E288\\E228-400-13Q14.csv": 0.652651539092546,
      "E288\\E228-400-5Q6.csv": 2.28133300034632,
      "E288\\E228-400-6Q7.csv": 10.10035191660707,
      "E288\\E228-400-7Q8.csv": 6.56363327898275,
      "E288\\E228-400-8Q9.csv": 7.218251949407361,
      "E605\\E605-10.5Q11.5.csv": 2.4800560769671107,
      "E605\\E605-11.5Q13.5.csv": 3.0823221352168444,
      "E605\\E605-13.5Q18.csv": 2.924175888073811,
      "E605\\E605-7Q8.csv": 0.9994069917068991,
      "E605\\E605-8Q9.csv": 0.9204678951003241,
      "E772\\E772-11Q12.csv": 3.8174636608826416,
      "E772\\E772-12Q13.csv": 5.1345194627813635,
      "E772\\E772-13Q14.csv": 3.0392138569464264,
      "E772\\E772-14Q15.csv": 0.4044185755211496,
      "LHCb_7\\LHCb7.csv": 3.136584467606492,
      "LHCb_8\\LHCb8.csv": 4.742230527316382,
      "LHCb_13\\LHCb13.csv": 1.2370010573816972,
      "STAR\\STAR510.csv": 0.7777624469704101
    },
    "high_energy_rows": [
      {
        "file": "CMS_13\\CMS13-170Q350.csv",
        "chi2dN": 1.5977446309978243,
        "N": 10,
        "ratio_1": 0.9737621862874475,
        "data_1": 0.0344,
        "pred_1": 0.03349741920828819,
        "ratio_2": 1.053368236282876,
        "data_2": 0.0781,
        "pred_2": 0.08226805925369263,
        "ratio_3": 1.0939427298347066,
        "data_3": 0.0902,
        "pred_3": 0.09867363423109055
      },
      {
        "file": "CMS_13\\CMS13-350Q1000.csv",
        "chi2dN": 1.752606280669835,
        "N": 11,
        "ratio_1": 1.0141407280471644,
        "data_1": 0.00238,
        "pred_1": 0.0024136549327522516,
        "ratio_2": 1.0852212399508046,
        "data_2": 0.00565,
        "pred_2": 0.006131500005722046,
        "ratio_3": 1.1066518436174024,
        "data_3": 0.00699,
        "pred_3": 0.007735496386885643
      },
      {
        "file": "ATLAS_8\\ATLAS8-00y04.csv",
        "chi2dN": 50.493902917639964,
        "N": 6,
        "ratio_1": 0.8814971725890195,
        "data_1": 3.257,
        "pred_1": 2.8710362911224365,
        "ratio_2": 0.9679605225828622,
        "data_2": 6.708,
        "pred_2": 6.49307918548584,
        "ratio_3": 1.0292657187981444,
        "data_3": 6.714,
        "pred_3": 6.910490036010742
      },
      {
        "file": "ATLAS_8\\ATLAS8-04y08.csv",
        "chi2dN": 39.99796760730199,
        "N": 6,
        "ratio_1": 0.8773934807826289,
        "data_1": 3.219,
        "pred_1": 2.8243296146392822,
        "ratio_2": 0.9619158995658641,
        "data_2": 6.676,
        "pred_2": 6.421750545501709,
        "ratio_3": 1.0199677754849907,
        "data_3": 6.737,
        "pred_3": 6.871522903442383
      },
      {
        "file": "LHCb_8\\LHCb8.csv",
        "chi2dN": 4.742230527316382,
        "N": 7,
        "ratio_1": 0.8309427463377549,
        "data_1": 3.592273,
        "pred_1": 2.984973192214966,
        "ratio_2": 0.9278304218438642,
        "data_2": 6.420833,
        "pred_2": 5.957444190979004,
        "ratio_3": 1.0008657437387967,
        "data_3": 6.340833,
        "pred_3": 6.346322536468506
      }
    ]
  },
  "fit": {
    "elapsed_s": 61.63142859999789,
    "nf": 630,
    "flag": 1,
    "free_params": [
      0.02,
      2.408904520853318,
      -6.264509396614759,
      0.09532239744555138,
      0.0,
      -3.5190582291427175,
      0.3144442571465159,
      -0.31553264120210045,
      2.305448579105594,
      0.0,
      0.0016901170233667826
    ],
    "log10_chi2": -0.03535176853085556,
    "stage1": [
      {
        "start_id": 0,
        "log10_chi2": 0.014219709172593555,
        "nf": 60,
        "flag": 1
      },
      {
        "start_id": 2,
        "log10_chi2": 0.02274360666067378,
        "nf": 60,
        "flag": 1
      },
      {
        "start_id": 1,
        "log10_chi2": 0.174269151321864,
        "nf": 60,
        "flag": 1
      }
    ],
    "stage2": [
      {
        "log10_chi2": -0.018069693164984982,
        "nf": 180,