{
  "model": "poly_bstar_cslog",
  "label": "Poly-x bstar + CSlog",
  "table_name": "MSHT20N3LO-MC-4-2",
  "n": 4,
  "m": 2,
  "fit_name": "TableScan_poly_bstar_cslog_4_2",
  "np_name": "NP-TableScan_poly_bstar_cslog_4_2.cl",
  "param_names": [
    "lambda1",
    "lambda2",
    "lambda3",
    "lambda4",
    "alpha",
    "BNP",
    "c0",
    "c1"
  ],
  "free_idx": [
    0,
    1,
    2,
    3,
    4,
    5,
    6,
    7
  ],
  "frozen_idx": [],
  "initial": {
    "full_params": [
      1.04068048666,
      0.99850096912,
      -1.15183835919,
      0.190079827968,
      0.87422103378,
      1.52270546838,
      0.0818922818062,
      0.0202840470381
    ],
    "free_params": [
      1.04068048666,
      0.99850096912,
      -1.15183835919,
      0.190079827968,
      0.87422103378,
      1.52270546838,
      0.0818922818062,
      0.0202840470381
    ],
    "metrics": {
      "chi2dN_total": 1.4744067806517245,
      "chi2dN_collider": 0.9918346576783241,
      "chi2dN_fixed_target": 2.1251479767825217,
      "highE_weighted_chi2dN": 1.4442598004215683,
      "highE_mean_ratio_first3": 1.0283586951810104,
      "highE_mean_absdev_first3": 0.05226442343343983,
      "highE_mean_signed_first3": 0.028358695181010425,
      "highE_mean_shortfall_first3": 0.011952864126214702,
      "highE_mean_overshoot_first3": 0.040311559307225124,
      "cms_highmass_mean_ratio_first3": 1.100333269394018,
      "cms_highmass_mean_absdev_first3": 0.10033326939401825,
      "cms_highmass_mean_signed_first3": 0.10033326939401825,
      "zlike_mean_ratio_first3": 0.9803756457056719,
      "zlike_mean_absdev_first3": 0.02021852612638755,
      "zlike_mean_signed_first3": -0.01962435429432812,
      "compute_s": 0.0451475
    },
    "per_file_chi2dN": {
      "ATLAS_7\\ATLAS7-00y10.csv": 1.2803121990472683,
      "ATLAS_7\\ATLAS7-10y20.csv": 4.84518508460094,
      "ATLAS_7\\ATLAS7-20y24.csv": 1.5589183562403786,
      "ATLAS_8\\ATLAS8-00y04.csv": 2.842947674428375,
      "ATLAS_8\\ATLAS8-04y08.csv": 1.4103011794146754,
      "ATLAS_8\\ATLAS8-08y12.csv": 0.9614416755259265,
      "ATLAS_8\\ATLAS8-116Q150.csv": 0.5376989539361662,
      "ATLAS_8\\ATLAS8-12y16.csv": 2.829369192994587,
      "ATLAS_8\\ATLAS8-16y20.csv": 1.561201677316894,
      "ATLAS_8\\ATLAS8-20y24.csv": 1.121413758217433,
      "ATLAS_8\\ATLAS8-46Q66.csv": 0.591296467943677,
      "CDF_I\\CDF1.csv": 0.49775533641211245,
      "CDF_II\\CDF2.csv": 0.6990815182541048,
      "CMS_7\\CMS7.csv": 1.487633509217752,
      "CMS_8\\CMS8.csv": 0.6756923426166841,
      "CMS_13\\CMS13-00y04.csv": 1.1997459183938441,
      "CMS_13\\CMS13-04y08.csv": 0.8062031619519551,
      "CMS_13\\CMS13-08y12.csv": 0.4482833346979103,
      "CMS_13\\CMS13-106Q170.csv": 0.8920246829469622,
      "CMS_13\\CMS13-12y16.csv": 0.21017700569422487,
      "CMS_13\\CMS13-16y24.csv": 0.23320198062839786,
      "CMS_13\\CMS13-170Q350.csv": 1.0553113755317498,
      "CMS_13\\CMS13-350Q1000.csv": 1.5514086261045812,
      "D0_I\\D01.csv": 0.6101301467120374,
      "D0_II\\D02.csv": 0.5489899294581198,
      "D0_II_mu\\D02mu.csv": 0.49948213655025536,
      "E288\\E228-200-4Q5.csv": 1.2438062819916869,
      "E288\\E228-200-5Q6.csv": 0.9675995772649939,
      "E288\\E228-200-6Q7.csv": 1.7404986745537274,
      "E288\\E228-200-7Q8.csv": 1.8630234942131219,
      "E288\\E228-200-8Q9.csv": 0.8297665267835745,
      "E288\\E228-300-11Q12.csv": 0.3747626038926244,
      "E288\\E228-300-4Q5.csv": 1.6738436874436378,
      "E288\\E228-300-5Q6.csv": 0.45405100001795673,
      "E288\\E228-300-6Q7.csv": 3.3115806113853883,
      "E288\\E228-300-7Q8.csv": 1.630845389986997,
      "E288\\E228-300-8Q9.csv": 0.4473376694200118,
      "E288\\E228-400-11Q12.csv": 1.5514465106614803,
      "E288\\E228-400-12Q13.csv": 0.9787560519997142,
      "E288\\E228-400-13Q14.csv": 0.7172225347325284,
      "E288\\E228-400-5Q6.csv": 1.1820857631816952,
      "E288\\E228-400-6Q7.csv": 6.938138569046146,
      "E288\\E228-400-7Q8.csv": 4.633738151957984,
      "E288\\E228-400-8Q9.csv": 6.430597598553281,
      "E605\\E605-10.5Q11.5.csv": 1.7256564017185156,
      "E605\\E605-11.5Q13.5.csv": 2.2655314501247417,
      "E605\\E605-13.5Q18.csv": 2.613671838090599,
      "E605\\E605-7Q8.csv": 0.3631312276187371,
      "E605\\E605-8Q9.csv": 0.4277262219800972,
      "E772\\E772-11Q12.csv": 3.458526284870113,
      "E772\\E772-12Q13.csv": 4.903531639845353,
      "E772\\E772-13Q14.csv": 3.592407915960431,
      "E772\\E772-14Q15.csv": 0.27718161308943323,
      "LHCb_7\\LHCb7.csv": 0.9104288965553434,
      "LHCb_8\\LHCb8.csv": 0.6617557501909345,
      "LHCb_13\\LHCb13.csv": 0.7168841257130395,
      "STAR\\STAR510.csv": 1.2001473527679063
    },
    "high_energy_rows": [
      {
        "file": "CMS_13\\CMS13-170Q350.csv",
        "chi2dN": 1.0553113755317498,
        "N": 10,
        "ratio_1": 1.0813925371960151,
        "data_1": 0.0344,
        "pred_1": 0.03719990327954292,
        "ratio_2": 1.0916284463164443,
        "data_2": 0.0781,
        "pred_2": 0.0852561816573143,
        "ratio_3": 1.0828673013562373,
        "data_3": 0.0902,
        "pred_3": 0.09767463058233261
      },
      {
        "file": "CMS_13\\CMS13-350Q1000.csv",
        "chi2dN": 1.5514086261045812,
        "N": 11,
        "ratio_1": 1.1133100493114534,
        "data_1": 0.00238,
        "pred_1": 0.0026496779173612595,
        "ratio_2": 1.1289755162675825,
        "data_2": 0.00565,
        "pred_2": 0.0063787116669118404,
        "ratio_3": 1.1038257659163768,
        "data_3": 0.00699,
        "pred_3": 0.007715742103755474
      },
      {
        "file": "ATLAS_8\\ATLAS8-00y04.csv",
        "chi2dN": 2.842947674428375,
        "N": 6,
        "ratio_1": 0.9880683009961941,
        "data_1": 3.257,
        "pred_1": 3.2181384563446045,
        "ratio_2": 0.9870342221655303,
        "data_2": 6.708,
        "pred_2": 6.621025562286377,
        "ratio_3": 1.0026737732442674,
        "data_3": 6.714,
        "pred_3": 6.731951713562012
      },
      {
        "file": "ATLAS_8\\ATLAS8-04y08.csv",
        "chi2dN": 1.4103011794146754,
        "N": 6,
        "ratio_1": 0.998602108986491,
        "data_1": 3.219,
        "pred_1": 3.2145001888275146,
        "ratio_2": 0.9880660893032834,
        "data_2": 6.676,
        "pred_2": 6.596329212188721,
        "ratio_3": 0.9931590094558559,
        "data_3": 6.737,
        "pred_3": 6.690912246704102
      },
      {
        "file": "LHCb_8\\LHCb8.csv",
        "chi2dN": 0.6617557501909345,
        "N": 7,
        "ratio_1": 0.93872205458482,
        "data_1": 3.592273,
        "pred_1": 3.372145891189575,
        "ratio_2": 0.9514002022128897,
        "data_2": 6.420833,
        "pred_2": 6.108781814575195,
        "ratio_3": 0.975655050401715,
        "data_3": 6.340833,
        "pred_3": 6.186465740203857
      }
    ]
  },
  "fit": {
    "elapsed_s": 60.86329530000512,
    "nf": 630,
    "flag": 1,
    "free_params": [
      1.1294087167748568,
      0.058829933741144716,
      -2.210141641670946,
      0.1316822863453856,
      1.0227839972872614,
      1.4430764665955196,
      0.07759511971351664,
      0.024922037423917843
    ],
    "log10_chi2": 0.02653181517999831,
    "stage1": [
      {
        "start_id": 0,
        "log10_chi2": 0.03518755966060479,
        "nf": 60,
        "flag": 1
      },
      {
        "start_id": 2,
        "log10_chi2": 0.05564951210018231,
        "nf": 60,
        "flag": 1
      },
      {
        "start_id": 1,
        "log10_chi2": 0.16347122478595522,
        "nf": 60,
        "flag": 1
      }
    ],
    "stage2": [
      {
        "log10_chi2": 0.027182418072732542,
        "nf": 180,
        "flag": 1
      },
      {
        "log10_chi2": 0.036287054930788716,
        "nf": 180,
        "flag": 1
      }
    ],
    "polish_nf": 90
  },