{
  "model": "poly_bstar_cslog",
  "label": "Poly-x bstar + CSlog",
  "table_name": "MSHT20N3LO-MC-4-4",
  "n": 4,
  "m": 4,
  "fit_name": "TableScan_poly_bstar_cslog_4_4",
  "np_name": "NP-TableScan_poly_bstar_cslog_4_4.cl",
  "param_names": [
    "lambda1",
    "lambda2",
    "lambda3",
    "lambda4",
    "alpha",
    "BNP",
    "c0",
    "c1"
  ],
  "free_idx": [
    0,
    1,
    2,
    3,
    4,
    5,
    6,
    7
  ],
  "frozen_idx": [],
  "initial": {
    "full_params": [
      1.04068048666,
      0.99850096912,
      -1.15183835919,
      0.190079827968,
      0.87422103378,
      1.52270546838,
      0.0818922818062,
      0.0202840470381
    ],
    "free_params": [
      1.04068048666,
      0.99850096912,
      -1.15183835919,
      0.190079827968,
      0.87422103378,
      1.52270546838,
      0.0818922818062,
      0.0202840470381
    ],
    "metrics": {
      "chi2dN_total": 3.8670442589570646,
      "chi2dN_collider": 5.3436483511024395,
      "chi2dN_fixed_target": 1.8758660134882987,
      "highE_weighted_chi2dN": 10.62444524858563,
      "highE_mean_ratio_first3": 0.9897197578813649,
      "highE_mean_absdev_first3": 0.06142946865888191,
      "highE_mean_signed_first3": -0.010280242118635237,
      "highE_mean_shortfall_first3": 0.03585485538875857,
      "highE_mean_overshoot_first3": 0.025574613270123336,
      "cms_highmass_mean_ratio_first3": 1.0574829292409116,
      "cms_highmass_mean_absdev_first3": 0.05996713064400081,
      "cms_highmass_mean_signed_first3": 0.05748292924091153,
      "zlike_mean_ratio_first3": 0.9445443103083336,
      "zlike_mean_absdev_first3": 0.062404360668802644,
      "zlike_mean_signed_first3": -0.055455689691666414,
      "compute_s": 0.0430873
    },
    "per_file_chi2dN": {
      "ATLAS_7\\ATLAS7-00y10.csv": 15.399647156743704,
      "ATLAS_7\\ATLAS7-10y20.csv": 13.026625074388422,
      "ATLAS_7\\ATLAS7-20y24.csv": 2.8253931469188642,
      "ATLAS_8\\ATLAS8-00y04.csv": 36.742226970978884,
      "ATLAS_8\\ATLAS8-04y08.csv": 23.62804374121943,
      "ATLAS_8\\ATLAS8-08y12.csv": 15.229948180488194,
      "ATLAS_8\\ATLAS8-116Q150.csv": 1.8210471826697843,
      "ATLAS_8\\ATLAS8-12y16.csv": 22.277478003243832,
      "ATLAS_8\\ATLAS8-16y20.csv": 13.21195847356784,
      "ATLAS_8\\ATLAS8-20y24.csv": 9.04273857134274,
      "ATLAS_8\\ATLAS8-46Q66.csv": 8.734188160679228,
      "CDF_I\\CDF1.csv": 0.7811313737208458,
      "CDF_II\\CDF2.csv": 5.085660263352134,
      "CMS_7\\CMS7.csv": 2.1237244861538667,
      "CMS_8\\CMS8.csv": 1.8880050380013604,
      "CMS_13\\CMS13-00y04.csv": 4.592458977107831,
      "CMS_13\\CMS13-04y08.csv": 2.42958848053411,
      "CMS_13\\CMS13-08y12.csv": 1.203051041034798,
      "CMS_13\\CMS13-106Q170.csv": 2.898110347055475,
      "CMS_13\\CMS13-12y16.csv": 0.7135081709764187,
      "CMS_13\\CMS13-16y24.csv": 0.5089762283565445,
      "CMS_13\\CMS13-170Q350.csv": 1.395141382720212,
      "CMS_13\\CMS13-350Q1000.csv": 1.746531446328329,
      "D0_I\\D01.csv": 1.9713411288282632,
      "D0_II\\D02.csv": 0.9622249649618059,
      "D0_II_mu\\D02mu.csv": 9.335153380478962,
      "E288\\E228-200-4Q5.csv": 1.378576325783752,
      "E288\\E228-200-5Q6.csv": 1.0655814544045552,
      "E288\\E228-200-6Q7.csv": 1.5386644703596108,
      "E288\\E228-200-7Q8.csv": 1.5586675619583177,
      "E288\\E228-200-8Q9.csv": 0.7324067208382269,
      "E288\\E228-300-11Q12.csv": 0.31937581346894756,
      "E288\\E228-300-4Q5.csv": 1.700920207121629,
      "E288\\E228-300-5Q6.csv": 0.6136043673199546,
      "E288\\E228-300-6Q7.csv": 2.8030952081044895,
      "E288\\E228-300-7Q8.csv": 1.4117204664565772,
      "E288\\E228-300-8Q9.csv": 0.4985601945268657,
      "E288\\E228-400-11Q12.csv": 1.2886405048884284,
      "E288\\E228-400-12Q13.csv": 0.9140681272769481,
      "E288\\E228-400-13Q14.csv": 0.6154553607007935,
      "E288\\E228-400-5Q6.csv": 1.140228485684467,
      "E288\\E228-400-6Q7.csv": 5.787448657633596,
      "E288\\E228-400-7Q8.csv": 3.832471412330139,
      "E288\\E228-400-8Q9.csv": 5.139703802274705,
      "E605\\E605-10.5Q11.5.csv": 1.6036479593759787,
      "E605\\E605-11.5Q13.5.csv": 2.1678257582749594,
      "E605\\E605-13.5Q18.csv": 2.3672109753232826,
      "E605\\E605-7Q8.csv": 0.5423727451096522,
      "E605\\E605-8Q9.csv": 0.5298639214131093,
      "E772\\E772-11Q12.csv": 3.1149725870401306,
      "E772\\E772-12Q13.csv": 4.364348536538343,
      "E772\\E772-13Q14.csv": 2.8565655288820855,
      "E772\\E772-14Q15.csv": 0.34315172415451517,
      "LHCb_7\\LHCb7.csv": 2.7856963457114774,
      "LHCb_8\\LHCb8.csv": 4.227560847631662,
      "LHCb_13\\LHCb13.csv": 1.483407100348605,
      "STAR\\STAR510.csv": 0.8608865263879577
    },
    "high_energy_rows": [
      {
        "file": "CMS_13\\CMS13-170Q350.csv",
        "chi2dN": 1.395141382720212,
        "N": 10,
        "ratio_1": 0.9925473957907321,
        "data_1": 0.0344,
        "pred_1": 0.03414363041520119,
        "ratio_2": 1.052422365519515,
        "data_2": 0.0781,
        "pred_2": 0.08219418674707413,
        "ratio_3": 1.0879404694172337,
        "data_3": 0.0902,
        "pred_3": 0.09813223034143448
      },
      {
        "file": "CMS_13\\CMS13-350Q1000.csv",
        "chi2dN": 1.746531446328329,
        "N": 11,
        "ratio_1": 1.0258804795433993,
        "data_1": 0.00238,
        "pred_1": 0.0024415955413132906,
        "ratio_2": 1.084315219679765,
        "data_2": 0.00565,
        "pred_2": 0.006126380991190672,
        "ratio_3": 1.101791645494824,
        "data_3": 0.00699,
        "pred_3": 0.00770152360200882
      },
      {
        "file": "ATLAS_8\\ATLAS8-00y04.csv",
        "chi2dN": 36.742226970978884,
        "N": 6,
        "ratio_1": 0.898625025692109,
        "data_1": 3.257,
        "pred_1": 2.926821708679199,
        "ratio_2": 0.9576319653005492,
        "data_2": 6.708,
        "pred_2": 6.423795223236084,
        "ratio_3": 1.0202821607138026,
        "data_3": 6.714,
        "pred_3": 6.850174427032471
      },
      {
        "file": "ATLAS_8\\ATLAS8-04y08.csv",
        "chi2dN": 23.62804374121943,
        "N": 6,
        "ratio_1": 0.9076364961015619,
        "data_1": 3.219,
        "pred_1": 2.9216818809509277,
        "ratio_2": 0.9586502507177208,
        "data_2": 6.676,
        "pred_2": 6.399949073791504,
        "ratio_3": 1.0109868586833104,
        "data_3": 6.737,
        "pred_3": 6.811018466949463
      },
      {
        "file": "LHCb_8\\LHCb8.csv",
        "chi2dN": 4.227560847631662,
        "N": 7,
        "ratio_1": 0.8457168715124688,
        "data_1": 3.592273,
        "pred_1": 3.038045883178711,
        "ratio_2": 0.9149916503152858,
        "data_2": 6.420833,
        "pred_2": 5.875008583068848,
        "ratio_3": 0.9863775137381937,
        "data_3": 6.340833,
        "pred_3": 6.254455089569092
      }
    ]
  },
  "fit": {
    "elapsed_s": 60.23524310000357,
    "nf": 630,
    "flag": 1,
    "free_params": [
      1.5873972612658473,
      0.1825670281505702,
      -3.298259233492937,
      0.27574111357525954,
      1.2390415979398361,
      2.4482437573436284,
      0.05357282006640514,
      0.027600333255387216
    ],
    "log10_chi2": 0.04088713234982047,
    "stage1": [
      {
        "start_id": 0,
        "log10_chi2": 0.1006119826757295,
        "nf": 60,
        "flag": 1
      },
      {
        "start_id": 1,
        "log10_chi2": 0.123897249471245,
        "nf": 60,
        "flag": 1
      },
      {
        "start_id": 2,
        "log10_chi2": 0.16009751695587768,
        "nf": 60,
        "flag": 1
      }
    ],
    "stage2": [
      {
        "log10_chi2": 0.042014920358121925,
        "nf": 180,
        "flag": 1
      },
      {
        "log10_chi2": 0.05266218357275665,
        "nf": 180,
        "flag": 1
      }
    ],
    "polish_nf": 90
  },