{
  "candidate": "reduced_loggauss_power_asym",
  "fit_name": "ReducedLogGaussPowerAsym",
  "param_names": [
    "lambda1",
    "lambda2",
    "lambda4",
    "logx0",
    "sigx",
    "amp",
    "skew",
    "pshape",
    "BNP",
    "c0",
    "c1"
  ],
  "free_idx": [
    0,
    1,
    2,
    3,
    4,
    5,
    6,
    7,
    8,
    9,
    10
  ],
  "frozen_idx": [],
  "initial": {
    "full_params": [
      0.5882525012,
      0.5842634853,
      0.03585691771,
      -4.582506215,
      0.2971306287,
      -0.4423154052,
      0.0,
      2.0,
      1.399299476,
      0.07930761287,
      0.02265289438
    ],
    "free_params": [
      0.5882525012,
      0.5842634853,
      0.03585691771,
      -4.582506215,
      0.2971306287,
      -0.4423154052,
      0.0,
      2.0,
      1.399299476,
      0.07930761287,
      0.02265289438
    ],
    "metrics": {
      "chi2dN_total": 0.8275760313418858,
      "chi2dN_collider": 0.8889994527695563,
      "chi2dN_fixed_target": 0.7447474782045724,
      "highE_weighted_chi2dN": 1.3543658188292844,
      "highE_mean_ratio_first3": 1.0304785045910219,
      "highE_mean_absdev_first3": 0.05145333685453955,
      "highE_mean_signed_first3": 0.03047850459102201,
      "highE_mean_shortfall_first3": 0.010487416131758772,
      "highE_mean_overshoot_first3": 0.04096592072278078,
      "cms_highmass_mean_ratio_first3": 1.101822194306321,
      "cms_highmass_mean_absdev_first3": 0.10182219430632093,
      "cms_highmass_mean_signed_first3": 0.10182219430632093,
      "zlike_mean_ratio_first3": 0.9829160447808226,
      "zlike_mean_absdev_first3": 0.017874098553351966,
      "zlike_mean_signed_first3": -0.01708395521917727,
      "compute_s": 0.0434379
    },
    "per_file_chi2dN": {
      "ATLAS_7\\ATLAS7-00y10.csv": 0.4334236479286023,
      "ATLAS_7\\ATLAS7-10y20.csv": 3.3001337536827986,
      "ATLAS_7\\ATLAS7-20y24.csv": 1.3981350473955343,
      "ATLAS_8\\ATLAS8-00y04.csv": 2.7744763824213,
      "ATLAS_8\\ATLAS8-04y08.csv": 1.1100560864993534,
      "ATLAS_8\\ATLAS8-08y12.csv": 0.514823905416152,
      "ATLAS_8\\ATLAS8-116Q150.csv": 0.5490118233772295,
      "ATLAS_8\\ATLAS8-12y16.csv": 1.5477424603866112,
      "ATLAS_8\\ATLAS8-16y20.csv": 1.050074216976725,
      "ATLAS_8\\ATLAS8-20y24.csv": 0.9252492475205738,
      "ATLAS_8\\ATLAS8-46Q66.csv": 0.46529993985284246,
      "CDF_I\\CDF1.csv": 0.5102384213938639,
      "CDF_II\\CDF2.csv": 0.7664672106344128,
      "CMS_7\\CMS7.csv": 1.4351583198209141,
      "CMS_8\\CMS8.csv": 0.7486977157869776,
      "CMS_13\\CMS13-00y04.csv": 1.3701963097449352,
      "CMS_13\\CMS13-04y08.csv": 0.8453707838489326,
      "CMS_13\\CMS13-08y12.csv": 0.4493760709621242,
      "CMS_13\\CMS13-106Q170.csv": 0.816257983819939,
      "CMS_13\\CMS13-12y16.csv": 0.24023529560890117,
      "CMS_13\\CMS13-16y24.csv": 0.26302599386487285,
      "CMS_13\\CMS13-170Q350.csv": 1.07494040454751,
      "CMS_13\\CMS13-350Q1000.csv": 1.5520563094375681,
      "D0_I\\D01.csv": 0.5963318357195808,
      "D0_II\\D02.csv": 0.6714765715613619,
      "D0_II_mu\\D02mu.csv": 0.31734948528427087,
      "E288\\E228-200-4Q5.csv": 0.5675037143100284,
      "E288\\E228-200-5Q6.csv": 0.32004069757781295,
      "E288\\E228-200-6Q7.csv": 0.31543543212983527,
      "E288\\E228-200-7Q8.csv": 0.15914806531912426,
      "E288\\E228-200-8Q9.csv": 0.5636786770287154,
      "E288\\E228-300-11Q12.csv": 0.2971424029170671,
      "E288\\E228-300-4Q5.csv": 1.5263008531622806,
      "E288\\E228-300-5Q6.csv": 0.21399375933629614,
      "E288\\E228-300-6Q7.csv": 0.4372139732480171,
      "E288\\E228-300-7Q8.csv": 0.1004454337112406,
      "E288\\E228-300-8Q9.csv": 1.1841910163592293,
      "E288\\E228-400-11Q12.csv": 0.6874615843940753,
      "E288\\E228-400-12Q13.csv": 0.8748337248064417,
      "E288\\E228-400-13Q14.csv": 0.5608487141947733,
      "E288\\E228-400-5Q6.csv": 0.8232590904418602,
      "E288\\E228-400-6Q7.csv": 1.4549384789074125,
      "E288\\E228-400-7Q8.csv": 0.44191268226305025,
      "E288\\E228-400-8Q9.csv": 0.7966959443694046,
      "E605\\E605-10.5Q11.5.csv": 0.1965334255211263,
      "E605\\E605-11.5Q13.5.csv": 0.38055707697645147,
      "E605\\E605-13.5Q18.csv": 0.77629956344056,
      "E605\\E605-7Q8.csv": 0.22951337665862,
      "E605\\E605-8Q9.csv": 0.44814354554973423,
      "E772\\E772-11Q12.csv": 1.6334894897514962,
      "E772\\E772-12Q13.csv": 2.2489083775976724,
      "E772\\E772-13Q14.csv": 2.5666889745049724,
      "E772\\E772-14Q15.csv": 0.2172126182532709,
      "LHCb_7\\LHCb7.csv": 0.8846673648390606,
      "LHCb_8\\LHCb8.csv": 0.4350592129084437,
      "LHCb_13\\LHCb13.csv": 0.8086413407083952,
      "STAR\\STAR510.csv": 1.3518007008832598
    },
    "high_energy_rows": [
      {
        "file": "CMS_13\\CMS13-170Q350.csv",
        "chi2dN": 1.07494040454751,
        "N": 10,
        "ratio_1": 1.078211312550445,
        "data_1": 0.0344,
        "pred_1": 0.037090469151735306,
        "ratio_2": 1.0939368861280239,
        "data_2": 0.0781,
        "pred_2": 0.08543647080659866,
        "ratio_3": 1.0842869591025714,
        "data_3": 0.0902,
        "pred_3": 0.09780268371105194
      },
      {
        "file": "CMS_13\\CMS13-350Q1000.csv",
        "chi2dN": 1.5520563094375681,
        "N": 11,
        "ratio_1": 1.1167431273693296,
        "data_1": 0.00238,
        "pred_1": 0.0026578486431390047,
        "ratio_2": 1.1326605041997624,
        "data_2": 0.00565,
        "pred_2": 0.006399531848728657,
        "ratio_3": 1.1050943764877934,
        "data_3": 0.00699,
        "pred_3": 0.007724609691649675
      },
      {
        "file": "ATLAS_8\\ATLAS8-00y04.csv",
        "chi2dN": 2.7744763824213,
        "N": 6,
        "ratio_1": 0.9911324592100758,
        "data_1": 3.257,
        "pred_1": 3.228118419647217,
        "ratio_2": 0.9942474149136438,
        "data_2": 6.708,
        "pred_2": 6.669411659240723,
        "ratio_3": 1.0035556450037861,
        "data_3": 6.714,
        "pred_3": 6.73787260055542
      },
      {
        "file": "ATLAS_8\\ATLAS8-04y08.csv",
        "chi2dN": 1.1100560864993534,
        "N": 6,
        "ratio_1": 0.9849832901565064,
        "data_1": 3.219,
        "pred_1": 3.170661211013794,
        "ratio_2": 0.9904702028305392,
        "data_2": 6.676,
        "pred_2": 6.61237907409668,
        "ratio_3": 0.9955293933697973,
        "data_3": 6.737,
        "pred_3": 6.706881523132324
      },
      {
        "file": "LHCb_8\\LHCb8.csv",
        "chi2dN": 0.4350592129084437,
        "N": 7,
        "ratio_1": 0.955136311210222,
        "data_1": 3.592273,
        "pred_1": 3.431110382080078,
        "ratio_2": 0.9609821231781536,
        "data_2": 6.420833,
        "pred_2": 6.1703057289123535,
        "ratio_3": 0.9702075631546804,
        "data_3": 6.340833,
        "pred_3": 6.151924133300781
      }
    ]
  },
  "fit": {
    "elapsed_s": 53.61351209999975,
    "nf": 630,
    "flag": 1,
    "free_params": [
      0.5379011009272706,
      0.6226729365383238,
      0.022298005446894864,
      -4.579929780519482,
      0.31897566119669657,
      -0.5251093797528308,
      -0.025247071684699973,
      1.9615028471869962,
      1.4343634947411705,
      0.07887389235998488,
      0.021746214364016286
    ],
    "log10_chi2": -0.0829605621898713,
    "stage1": [
      {
        "start_id": 0,
        "log10_chi2": -0.08220846071499874,
        "nf": 60,
        "flag": 1
      },
      {
        "start_id": 2,
        "log10_chi2": -0.05602613889586869,
        "nf": 60,
        "flag": 1
      },
      {
        "start_id": 1,
        "log10_chi2": -0.04000744917335626,
        "nf": 60,
        "flag": 1
      }
    ],
    "stage2": [
      {
        "log10_chi2": -0.08286787198543628,
        "nf": 180,
        "flag": 1
      },
      {
        "log10_chi2": -0.0823941919031894,
        "nf": 180,
        "flag": 1
      }
    ],
    "polish_nf": 90
  },