{
  "candidate": "reduced_loggauss_asym",
  "fit_name": "ReducedLogGaussAsym",
  "param_names": [
    "lambda1",
    "lambda2",
    "lambda4",
    "logx0",
    "sigx",
    "amp",
    "skew",
    "BNP",
    "c0",
    "c1"
  ],
  "free_idx": [
    0,
    1,
    2,
    3,
    4,
    5,
    6,
    7,
    8,
    9
  ],
  "frozen_idx": [],
  "initial": {
    "full_params": [
      0.5882525012,
      0.5842634853,
      0.03585691771,
      -4.582506215,
      0.2971306287,
      -0.4423154052,
      0.0,
      1.399299476,
      0.07930761287,
      0.02265289438
    ],
    "free_params": [
      0.5882525012,
      0.5842634853,
      0.03585691771,
      -4.582506215,
      0.2971306287,
      -0.4423154052,
      0.0,
      1.399299476,
      0.07930761287,
      0.02265289438
    ],
    "metrics": {
      "chi2dN_total": 0.8275771408682119,
      "chi2dN_collider": 0.8890014080039119,
      "chi2dN_fixed_target": 0.7447474473064349,
      "highE_weighted_chi2dN": 1.3543821876194047,
      "highE_mean_ratio_first3": 1.030478498792415,
      "highE_mean_absdev_first3": 0.05145342451962314,
      "highE_mean_signed_first3": 0.030478498792415123,
      "highE_mean_shortfall_first3": 0.010487462863604009,
      "highE_mean_overshoot_first3": 0.04096596165601914,
      "cms_highmass_mean_ratio_first3": 1.1018222848025296,
      "cms_highmass_mean_absdev_first3": 0.10182228480252979,
      "cms_highmass_mean_signed_first3": 0.10182228480252979,
      "zlike_mean_ratio_first3": 0.982915974785672,
      "zlike_mean_absdev_first3": 0.017874184331018714,
      "zlike_mean_signed_first3": -0.017084025214327985,
      "compute_s": 0.0387007
    },
    "per_file_chi2dN": {
      "ATLAS_7\\ATLAS7-00y10.csv": 0.43339447053838315,
      "ATLAS_7\\ATLAS7-10y20.csv": 3.300147776523168,
      "ATLAS_7\\ATLAS7-20y24.csv": 1.3981368296749774,
      "ATLAS_8\\ATLAS8-00y04.csv": 2.7745933570415313,
      "ATLAS_8\\ATLAS8-04y08.csv": 1.1100424604207855,
      "ATLAS_8\\ATLAS8-08y12.csv": 0.5148269268794151,
      "ATLAS_8\\ATLAS8-116Q150.csv": 0.5490169837152767,
      "ATLAS_8\\ATLAS8-12y16.csv": 1.5477302042184116,
      "ATLAS_8\\ATLAS8-16y20.csv": 1.0500826153472194,
      "ATLAS_8\\ATLAS8-20y24.csv": 0.9252341807203276,
      "ATLAS_8\\ATLAS8-46Q66.csv": 0.46529104266125854,
      "CDF_I\\CDF1.csv": 0.5102385610901142,
      "CDF_II\\CDF2.csv": 0.7664685037927494,
      "CMS_7\\CMS7.csv": 1.4351642423422781,
      "CMS_8\\CMS8.csv": 0.7486993008273831,
      "CMS_13\\CMS13-00y04.csv": 1.3702036774905246,
      "CMS_13\\CMS13-04y08.csv": 0.8453643442263359,
      "CMS_13\\CMS13-08y12.csv": 0.4493723787140161,
      "CMS_13\\CMS13-106Q170.csv": 0.8162591268676839,
      "CMS_13\\CMS13-12y16.csv": 0.24023519478031208,
      "CMS_13\\CMS13-16y24.csv": 0.2630252642913327,
      "CMS_13\\CMS13-170Q350.csv": 1.0749446200570278,
      "CMS_13\\CMS13-350Q1000.csv": 1.5520556244702555,
      "D0_I\\D01.csv": 0.5963320114675418,
      "D0_II\\D02.csv": 0.6714777588184091,
      "D0_II_mu\\D02mu.csv": 0.31734823201207796,
      "E288\\E228-200-4Q5.csv": 0.5675035765429312,
      "E288\\E228-200-5Q6.csv": 0.3200405257550003,
      "E288\\E228-200-6Q7.csv": 0.3154335384128289,
      "E288\\E228-200-7Q8.csv": 0.15914872582789827,
      "E288\\E228-200-8Q9.csv": 0.5636783163428801,
      "E288\\E228-300-11Q12.csv": 0.2971424198287555,
      "E288\\E228-300-4Q5.csv": 1.526290352218896,
      "E288\\E228-300-5Q6.csv": 0.21399579447066183,
      "E288\\E228-300-6Q7.csv": 0.4372135877778605,
      "E288\\E228-300-7Q8.csv": 0.10044595820960692,
      "E288\\E228-300-8Q9.csv": 1.1841919510457468,
      "E288\\E228-400-11Q12.csv": 0.6874607033641331,
      "E288\\E228-400-12Q13.csv": 0.8748333318251477,
      "E288\\E228-400-13Q14.csv": 0.560848599725216,
      "E288\\E228-400-5Q6.csv": 0.8232498602904366,
      "E288\\E228-400-6Q7.csv": 1.4549473369383794,
      "E288\\E228-400-7Q8.csv": 0.4419158895406527,
      "E288\\E228-400-8Q9.csv": 0.7966961563413196,
      "E605\\E605-10.5Q11.5.csv": 0.19653330721267487,
      "E605\\E605-11.5Q13.5.csv": 0.38055696087698665,
      "E605\\E605-13.5Q18.csv": 0.7762993837936004,
      "E605\\E605-7Q8.csv": 0.2295134295445301,
      "E605\\E605-8Q9.csv": 0.4481430098108113,
      "E772\\E772-11Q12.csv": 1.6334886532200434,
      "E772\\E772-12Q13.csv": 2.2489087997774595,
      "E772\\E772-13Q14.csv": 2.566689685633644,
      "E772\\E772-14Q15.csv": 0.2172126629405061,
      "LHCb_7\\LHCb7.csv": 0.8846685996116158,
      "LHCb_8\\LHCb8.csv": 0.4350592186084566,
      "LHCb_13\\LHCb13.csv": 0.8086407848675845,
      "STAR\\STAR510.csv": 1.351800508911315
    },
    "high_energy_rows": [
      {
        "file": "CMS_13\\CMS13-170Q350.csv",
        "chi2dN": 1.0749446200570278,
        "N": 10,
        "ratio_1": 1.0782108793771543,
        "data_1": 0.0344,
        "pred_1": 0.03709045425057411,
        "ratio_2": 1.0939371723219007,
        "data_2": 0.0781,
        "pred_2": 0.08543649315834045,
        "ratio_3": 1.084287041703243,
        "data_3": 0.0902,
        "pred_3": 0.09780269116163254
      },
      {
        "file": "CMS_13\\CMS13-350Q1000.csv",
        "chi2dN": 1.5520556244702555,
        "N": 11,
        "ratio_1": 1.1167434208533342,
        "data_1": 0.00238,
        "pred_1": 0.0026578493416309357,
        "ratio_2": 1.1326607514535432,
        "data_2": 0.00565,
        "pred_2": 0.006399533245712519,
        "ratio_3": 1.1050944431060032,
        "data_3": 0.00699,
        "pred_3": 0.007724610157310963
      },
      {
        "file": "ATLAS_8\\ATLAS8-00y04.csv",
        "chi2dN": 2.7745933570415313,
        "N": 6,
        "ratio_1": 0.9911323860081785,
        "data_1": 3.257,
        "pred_1": 3.2281181812286377,
        "ratio_2": 0.9942472016591007,
        "data_2": 6.708,
        "pred_2": 6.669410228729248,
        "ratio_3": 1.0035557160251083,
        "data_3": 6.714,
        "pred_3": 6.737873077392578
      },
      {
        "file": "ATLAS_8\\ATLAS8-04y08.csv",
        "chi2dN": 1.1100424604207855,
        "N": 6,
        "ratio_1": 0.9849833642225453,
        "data_1": 3.219,
        "pred_1": 3.170661449432373,
        "ratio_2": 0.9904699885538054,
        "data_2": 6.676,
        "pred_2": 6.612377643585205,
        "ratio_3": 0.9955293933697973,
        "data_3": 6.737,
        "pred_3": 6.706881523132324
      },
      {
        "file": "LHCb_8\\LHCb8.csv",
        "chi2dN": 0.4350592186084566,
        "N": 7,
        "ratio_1": 0.9551361121007064,
        "data_1": 3.592273,
        "pred_1": 3.431109666824341,
        "ratio_2": 0.9609821231781536,
        "data_2": 6.420833,
        "pred_2": 6.1703057289123535,
        "ratio_3": 0.9702074879536526,
        "data_3": 6.340833,
        "pred_3": 6.151923656463623
      }
    ]
  },
  "fit": {
    "elapsed_s": 43.216104399999494,
    "nf": 525,
    "flag": 1,
    "free_params": [
      0.5621761438042873,
      0.60552302398059,
      0.02959202872772071,
      -4.4972532979059405,
      0.3346369806429707,
      -0.4582365979854637,
      -0.17037018556381955,
      1.4116588775214867,
      0.07941174845561046,
      0.02217570736502647
    ],
    "log10_chi2": -0.08278040341100046,
    "stage1": [
      {
        "start_id": 0,
        "log10_chi2": -0.08222968007261355,
        "nf": 50,
        "flag": 1
      },
      {
        "start_id": 2,
        "log10_chi2": -0.006665712471032386,
        "nf": 50,
        "flag": 1
      },
      {
        "start_id": 1,
        "log10_chi2": 0.04968203067591145,
        "nf": 50,
        "flag": 1
      }
    ],
    "stage2": [
      {
        "log10_chi2": -0.0825696581836009,
        "nf": 150,
        "flag": 1
      },
      {
        "log10_chi2": -0.0732230266586774,
        "nf": 150,
        "flag": 1
      }
    ],
    "polish_nf": 75
  },