{
  "candidate": "reduced_loggauss_refit",
  "fit_name": "ReducedLogGaussRefit",
  "param_names": [
    "lambda1",
    "lambda2",
    "lambda4",
    "logx0",
    "sigx",
    "amp",
    "BNP",
    "c0",
    "c1"
  ],
  "free_idx": [
    0,
    1,
    2,
    3,
    4,
    5,
    6,
    7,
    8
  ],
  "frozen_idx": [],
  "initial": {
    "full_params": [
      0.5882525012,
      0.5842634853,
      0.03585691771,
      -4.582506215,
      0.2971306287,
      -0.4423154052,
      1.399299476,
      0.07930761287,
      0.02265289438
    ],
    "free_params": [
      0.5882525012,
      0.5842634853,
      0.03585691771,
      -4.582506215,
      0.2971306287,
      -0.4423154052,
      1.399299476,
      0.07930761287,
      0.02265289438
    ],
    "metrics": {
      "chi2dN_total": 0.8275769627321238,
      "chi2dN_collider": 0.8890011192859023,
      "chi2dN_fixed_target": 0.7447474182883925,
      "highE_weighted_chi2dN": 1.354370710335462,
      "highE_mean_ratio_first3": 1.0304785397677532,
      "highE_mean_absdev_first3": 0.051453435234800254,
      "highE_mean_signed_first3": 0.030478539767753263,
      "highE_mean_shortfall_first3": 0.010487447733523496,
      "highE_mean_overshoot_first3": 0.04096598750127676,
      "cms_highmass_mean_ratio_first3": 1.1018223375787868,
      "cms_highmass_mean_absdev_first3": 0.10182233757878678,
      "cms_highmass_mean_signed_first3": 0.10182233757878678,
      "zlike_mean_ratio_first3": 0.9829160078937309,
      "zlike_mean_absdev_first3": 0.0178741670054759,
      "zlike_mean_signed_first3": -0.017083992106269083,
      "compute_s": 0.0386989
    },
    "per_file_chi2dN": {
      "ATLAS_7\\ATLAS7-00y10.csv": 0.43341352854326304,
      "ATLAS_7\\ATLAS7-10y20.csv": 3.3001526596473103,
      "ATLAS_7\\ATLAS7-20y24.csv": 1.3981388984741734,
      "ATLAS_8\\ATLAS8-00y04.csv": 2.7745178733022318,
      "ATLAS_8\\ATLAS8-04y08.csv": 1.1100309044940333,
      "ATLAS_8\\ATLAS8-08y12.csv": 0.5148268114689022,
      "ATLAS_8\\ATLAS8-116Q150.csv": 0.5490157541879344,
      "ATLAS_8\\ATLAS8-12y16.csv": 1.5476948803906474,
      "ATLAS_8\\ATLAS8-16y20.csv": 1.0500697728340669,
      "ATLAS_8\\ATLAS8-20y24.csv": 0.9252401044530828,
      "ATLAS_8\\ATLAS8-46Q66.csv": 0.4652998809559792,
      "CDF_I\\CDF1.csv": 0.5102390733013309,
      "CDF_II\\CDF2.csv": 0.766468291447119,
      "CMS_7\\CMS7.csv": 1.4351636529965088,
      "CMS_8\\CMS8.csv": 0.7486991431299155,
      "CMS_13\\CMS13-00y04.csv": 1.3702214800735038,
      "CMS_13\\CMS13-04y08.csv": 0.845375390080656,
      "CMS_13\\CMS13-08y12.csv": 0.4493779216927898,
      "CMS_13\\CMS13-106Q170.csv": 0.8162557996401739,
      "CMS_13\\CMS13-12y16.csv": 0.24023490687189525,
      "CMS_13\\CMS13-16y24.csv": 0.26302667159162785,
      "CMS_13\\CMS13-170Q350.csv": 1.0749469548222201,
      "CMS_13\\CMS13-350Q1000.csv": 1.5520563509990615,
      "D0_I\\D01.csv": 0.5963323872932342,
      "D0_II\\D02.csv": 0.671479278870599,
      "D0_II_mu\\D02mu.csv": 0.31734364195340664,
      "E288\\E228-200-4Q5.csv": 0.5675060214963262,
      "E288\\E228-200-5Q6.csv": 0.32004024017158184,
      "E288\\E228-200-6Q7.csv": 0.3154342544234476,
      "E288\\E228-200-7Q8.csv": 0.15914836738758284,
      "E288\\E228-200-8Q9.csv": 0.563677746068525,
      "E288\\E228-300-11Q12.csv": 0.29714240962501176,
      "E288\\E228-300-4Q5.csv": 1.5262964689831475,
      "E288\\E228-300-5Q6.csv": 0.21399391276225502,
      "E288\\E228-300-6Q7.csv": 0.4372162006115532,
      "E288\\E228-300-7Q8.csv": 0.10044614377415013,
      "E288\\E228-300-8Q9.csv": 1.1841922341695503,
      "E288\\E228-400-11Q12.csv": 0.68746064046178,
      "E288\\E228-400-12Q13.csv": 0.8748336495610706,
      "E288\\E228-400-13Q14.csv": 0.5608488355520718,
      "E288\\E228-400-5Q6.csv": 0.8232484746996735,
      "E288\\E228-400-6Q7.csv": 1.4549443125282453,
      "E288\\E228-400-7Q8.csv": 0.44191120757761526,
      "E288\\E228-400-8Q9.csv": 0.7966931462905105,
      "E605\\E605-10.5Q11.5.csv": 0.19653320297321855,
      "E605\\E605-11.5Q13.5.csv": 0.3805571120701451,
      "E605\\E605-13.5Q18.csv": 0.7763000268834462,
      "E605\\E605-7Q8.csv": 0.22951354049612077,
      "E605\\E605-8Q9.csv": 0.4481435762748322,
      "E772\\E772-11Q12.csv": 1.6334902877321198,
      "E772\\E772-12Q13.csv": 2.2489095112908224,
      "E772\\E772-13Q14.csv": 2.5666897203070014,
      "E772\\E772-14Q15.csv": 0.21721247746951464,
      "LHCb_7\\LHCb7.csv": 0.8846682136281329,
      "LHCb_8\\LHCb8.csv": 0.4350637624898601,
      "LHCb_13\\LHCb13.csv": 0.8086426291931458,
      "STAR\\STAR510.csv": 1.35180146720268
    },
    "high_energy_rows": [
      {
        "file": "CMS_13\\CMS13-170Q350.csv",
        "chi2dN": 1.0749469548222201,
        "N": 10,
        "ratio_1": 1.078210987670477,
        "data_1": 0.0344,
        "pred_1": 0.03709045797586441,
        "ratio_2": 1.0939374585157777,
        "data_2": 0.0781,
        "pred_2": 0.08543651551008224,
        "ratio_3": 1.084287041703243,
        "data_3": 0.0902,
        "pred_3": 0.09780269116163254
      },
      {
        "file": "CMS_13\\CMS13-350Q1000.csv",
        "chi2dN": 1.5520563509990615,
        "N": 11,
        "ratio_1": 1.1167431273693296,
        "data_1": 0.00238,
        "pred_1": 0.0026578486431390047,
        "ratio_2": 1.13266083387147,
        "data_2": 0.00565,
        "pred_2": 0.006399533711373806,
        "ratio_3": 1.1050945763424231,
        "data_3": 0.00699,
        "pred_3": 0.007724611088633537
      },
      {
        "file": "ATLAS_8\\ATLAS8-00y04.csv",
        "chi2dN": 2.7745178733022318,
        "N": 6,
        "ratio_1": 0.9911324592100758,
        "data_1": 3.257,
        "pred_1": 3.228118419647217,
        "ratio_2": 0.9942474149136438,
        "data_2": 6.708,
        "pred_2": 6.669411659240723,
        "ratio_3": 1.0035557870464307,
        "data_3": 6.714,
        "pred_3": 6.737873554229736
      },
      {
        "file": "ATLAS_8\\ATLAS8-04y08.csv",
        "chi2dN": 1.1100309044940333,
        "N": 6,
        "ratio_1": 0.984983512354623,
        "data_1": 3.219,
        "pred_1": 3.1706619262695312,
        "ratio_2": 0.9904699171282275,
        "data_2": 6.676,
        "pred_2": 6.612377166748047,
        "ratio_3": 0.9955293225909405,
        "data_3": 6.737,
        "pred_3": 6.706881046295166
      },
      {
        "file": "LHCb_8\\LHCb8.csv",
        "chi2dN": 0.4350637624898601,
        "N": 7,
        "ratio_1": 0.9551360457308679,
        "data_1": 3.592273,
        "pred_1": 3.4311094284057617,
        "ratio_2": 0.9609820489140888,
        "data_2": 6.420833,
        "pred_2": 6.170305252075195,
        "ratio_3": 0.9702075631546804,
        "data_3": 6.340833,
        "pred_3": 6.151924133300781
      }
    ]
  },
  "fit": {
    "elapsed_s": 42.85286689999975,
    "nf": 525,
    "flag": 1,
    "free_params": [
      0.5163127729037191,
      0.647029357541088,
      0.017442715410447063,
      -4.576230871336622,
      0.33704442499052745,
      -0.48832283095878326,
      1.4325644544992988,
      0.07914095762757645,
      0.021988053636946524
    ],
    "log10_chi2": -0.08300192966397842,
    "stage1": [
      {
        "start_id": 0,
        "log10_chi2": -0.08221291712116019,
        "nf": 50,
        "flag": 1
      },
      {
        "start_id": 1,
        "log10_chi2": -0.03538057730891776,
        "nf": 50,
        "flag": 1
      },
      {
        "start_id": 2,
        "log10_chi2": 0.09829326837370936,
        "nf": 50,
        "flag": 1
      }
    ],
    "stage2": [
      {
        "log10_chi2": -0.08289240087505388,
        "nf": 150,
        "flag": 1
      },
      {
        "log10_chi2": -0.0810319604729648,
        "nf": 150,
        "flag": 1
      }
    ],
    "polish_nf": 75
  },