{
  "candidate": "reduced_logsech",
  "fit_name": "ReducedLogSech",
  "param_names": [
    "lambda1",
    "lambda2",
    "lambda4",
    "logx0",
    "sigx",
    "amp",
    "BNP",
    "c0",
    "c1"
  ],
  "free_idx": [
    0,
    1,
    2,
    3,
    4,
    5,
    6,
    7,
    8
  ],
  "frozen_idx": [],
  "initial": {
    "full_params": [
      0.5882525012,
      0.5842634853,
      0.03585691771,
      -4.582506215,
      0.2971306287,
      -0.4423154052,
      1.399299476,
      0.07930761287,
      0.02265289438
    ],
    "free_params": [
      0.5882525012,
      0.5842634853,
      0.03585691771,
      -4.582506215,
      0.2971306287,
      -0.4423154052,
      1.399299476,
      0.07930761287,
      0.02265289438
    ],
    "metrics": {
      "chi2dN_total": 0.8289822913110056,
      "chi2dN_collider": 0.8914587708463443,
      "chi2dN_fixed_target": 0.7447337052709277,
      "highE_weighted_chi2dN": 1.3488594379079417,
      "highE_mean_ratio_first3": 1.0313376843920754,
      "highE_mean_absdev_first3": 0.051257003788851424,
      "highE_mean_signed_first3": 0.031337684392075266,
      "highE_mean_shortfall_first3": 0.00995965969838808,
      "highE_mean_overshoot_first3": 0.041297344090463345,
      "cms_highmass_mean_ratio_first3": 1.1026702125678491,
      "cms_highmass_mean_absdev_first3": 0.10267021256784903,
      "cms_highmass_mean_signed_first3": 0.10267021256784903,
      "zlike_mean_ratio_first3": 0.983782665608226,
      "zlike_mean_absdev_first3": 0.016981531269519685,
      "zlike_mean_signed_first3": -0.016217334391773912,
      "compute_s": 0.0388724
    },
    "per_file_chi2dN": {
      "ATLAS_7\\ATLAS7-00y10.csv": 0.488084429760314,
      "ATLAS_7\\ATLAS7-10y20.csv": 3.3502737906266593,
      "ATLAS_7\\ATLAS7-20y24.csv": 1.4021274568280484,
      "ATLAS_8\\ATLAS8-00y04.csv": 2.747642051522624,
      "ATLAS_8\\ATLAS8-04y08.csv": 1.0879999083197307,
      "ATLAS_8\\ATLAS8-08y12.csv": 0.5366197685331544,
      "ATLAS_8\\ATLAS8-116Q150.csv": 0.5549834274177594,
      "ATLAS_8\\ATLAS8-12y16.csv": 1.5036616401313967,
      "ATLAS_8\\ATLAS8-16y20.csv": 1.0516740308643855,
      "ATLAS_8\\ATLAS8-20y24.csv": 0.923850286775641,
      "ATLAS_8\\ATLAS8-46Q66.csv": 0.40366263306529815,
      "CDF_I\\CDF1.csv": 0.5164906314979328,
      "CDF_II\\CDF2.csv": 0.7716116866863824,
      "CMS_7\\CMS7.csv": 1.4479205416575773,
      "CMS_8\\CMS8.csv": 0.7247526743604195,
      "CMS_13\\CMS13-00y04.csv": 1.3681035783788458,
      "CMS_13\\CMS13-04y08.csv": 0.844410738353059,
      "CMS_13\\CMS13-08y12.csv": 0.45389889154056073,
      "CMS_13\\CMS13-106Q170.csv": 0.8361370399937984,
      "CMS_13\\CMS13-12y16.csv": 0.24323235897629372,
      "CMS_13\\CMS13-16y24.csv": 0.264250531802502,
      "CMS_13\\CMS13-170Q350.csv": 1.0827217253226047,
      "CMS_13\\CMS13-350Q1000.csv": 1.5516937541019429,
      "D0_I\\D01.csv": 0.5902826117310648,
      "D0_II\\D02.csv": 0.6986750127484205,
      "D0_II_mu\\D02mu.csv": 0.3208208613261794,
      "E288\\E228-200-4Q5.csv": 0.5672406771656564,
      "E288\\E228-200-5Q6.csv": 0.3200365148014137,
      "E288\\E228-200-6Q7.csv": 0.31549429929133005,
      "E288\\E228-200-7Q8.csv": 0.15915177279413908,
      "E288\\E228-200-8Q9.csv": 0.5636945768157856,
      "E288\\E228-300-11Q12.csv": 0.29714310834471563,
      "E288\\E228-300-4Q5.csv": 1.52611279687208,
      "E288\\E228-300-5Q6.csv": 0.21405827406156408,
      "E288\\E228-300-6Q7.csv": 0.43701069434385653,
      "E288\\E228-300-7Q8.csv": 0.10048290797006652,
      "E288\\E228-300-8Q9.csv": 1.1842827756722873,
      "E288\\E228-400-11Q12.csv": 0.6874604648720013,
      "E288\\E228-400-12Q13.csv": 0.8748376221016801,
      "E288\\E228-400-13Q14.csv": 0.5608472767288473,
      "E288\\E228-400-5Q6.csv": 0.8231986956352831,
      "E288\\E228-400-6Q7.csv": 1.454584185279905,
      "E288\\E228-400-7Q8.csv": 0.4421151093489085,
      "E288\\E228-400-8Q9.csv": 0.7967494796388221,
      "E605\\E605-10.5Q11.5.csv": 0.1965111711978735,
      "E605\\E605-11.5Q13.5.csv": 0.3805405705161526,
      "E605\\E605-13.5Q18.csv": 0.7762789371064541,
      "E605\\E605-7Q8.csv": 0.2295126352336994,
      "E605\\E605-8Q9.csv": 0.44824044578204514,
      "E772\\E772-11Q12.csv": 1.6334150588472203,
      "E772\\E772-12Q13.csv": 2.2488329224553554,
      "E772\\E772-13Q14.csv": 2.5666935886448607,
      "E772\\E772-14Q15.csv": 0.2172126817944001,
      "LHCb_7\\LHCb7.csv": 0.8847119840973089,
      "LHCb_8\\LHCb8.csv": 0.43495388698801846,
      "LHCb_13\\LHCb13.csv": 0.808846428818471,
      "STAR\\STAR510.csv": 1.3520145621497757
    },
    "high_energy_rows": [
      {
        "file": "CMS_13\\CMS13-170Q350.csv",
        "chi2dN": 1.0827217253226047,
        "N": 10,
        "ratio_1": 1.080314910342527,
        "data_1": 0.0344,
        "pred_1": 0.03716283291578293,
        "ratio_2": 1.094782589034448,
        "data_2": 0.0781,
        "pred_2": 0.0855025202035904,
        "ratio_3": 1.0842770470219547,
        "data_3": 0.0902,
        "pred_3": 0.09780178964138031
      },
      {
        "file": "CMS_13\\CMS13-350Q1000.csv",
        "chi2dN": 1.5516937541019429,
        "N": 11,
        "ratio_1": 1.1181581115835353,
        "data_1": 0.00238,
        "pred_1": 0.0026612163055688143,
        "ratio_2": 1.1333200948692002,
        "data_2": 0.00565,
        "pred_2": 0.006403258536010981,
        "ratio_3": 1.105168522555429,
        "data_3": 0.00699,
        "pred_3": 0.007725127972662449
      },
      {
        "file": "ATLAS_8\\ATLAS8-00y04.csv",
        "chi2dN": 2.747642051522624,
        "N": 6,
        "ratio_1": 0.9921602138464239,
        "data_1": 3.257,
        "pred_1": 3.2314658164978027,
        "ratio_2": 0.9945282711468072,
        "data_2": 6.708,
        "pred_2": 6.671295642852783,
        "ratio_3": 1.003438885949856,
        "data_3": 6.714,
        "pred_3": 6.737088680267334
      },
      {
        "file": "ATLAS_8\\ATLAS8-04y08.csv",
        "chi2dN": 1.0879999083197307,
        "N": 6,
        "ratio_1": 0.9905698692698626,
        "data_1": 3.219,
        "pred_1": 3.1886444091796875,
        "ratio_2": 0.9920894921075948,
        "data_2": 6.676,
        "pred_2": 6.623189449310303,
        "ratio_3": 0.9949144666619942,
        "data_3": 6.737,
        "pred_3": 6.7027387619018555
      },
      {
        "file": "LHCb_8\\LHCb8.csv",
        "chi2dN": 0.43495388698801846,
        "N": 7,
        "ratio_1": 0.9551498506572899,
        "data_1": 3.592273,
        "pred_1": 3.431159019470215,
        "ratio_2": 0.960986430493914,
        "data_2": 6.420833,
        "pred_2": 6.170333385467529,
        "ratio_3": 0.9702065103402923,
        "data_3": 6.340833,
        "pred_3": 6.151917457580566
      }
    ]
  },
  "fit": {
    "elapsed_s": 43.4397285999994,
    "nf": 525,
    "flag": 1,
    "free_params": [
      0.5518366878789561,
      0.6395718574709714,
      0.0248691829480171,
      -4.553734682308519,
      0.2656242196974172,
      -0.4537253014191649,
      1.3725349722074558,
      0.07957109056683341,
      0.023212996701503147
    ],
    "log10_chi2": -0.08247513181692478,
    "stage1": [
      {
        "start_id": 0,
        "log10_chi2": -0.08178573919690156,
        "nf": 50,
        "flag": 1
      },
      {
        "start_id": 1,
        "log10_chi2": -0.009055450786120935,
        "nf": 50,
        "flag": 1
      },
      {
        "start_id": 2,
        "log10_chi2": 0.13549772748692684,
        "nf": 50,
        "flag": 1
      }
    ],
    "stage2": [
      {
        "log10_chi2": -0.08245236124227434,
        "nf": 150,
        "flag": 1
      },
      {
        "log10_chi2": -0.07982251846736928,
        "nf": 150,
        "flag": 1
      }
    ],
    "polish_nf": 75
  },