{
  "candidate": "reduced_loglorentz",
  "fit_name": "ReducedLogLorentz",
  "param_names": [
    "lambda1",
    "lambda2",
    "lambda4",
    "logx0",
    "sigx",
    "amp",
    "BNP",
    "c0",
    "c1"
  ],
  "free_idx": [
    0,
    1,
    2,
    3,
    4,
    5,
    6,
    7,
    8
  ],
  "frozen_idx": [],
  "initial": {
    "full_params": [
      0.5882525012,
      0.5842634853,
      0.03585691771,
      -4.582506215,
      0.2971306287,
      -0.4423154052,
      1.399299476,
      0.07930761287,
      0.02265289438
    ],
    "free_params": [
      0.5882525012,
      0.5842634853,
      0.03585691771,
      -4.582506215,
      0.2971306287,
      -0.4423154052,
      1.399299476,
      0.07930761287,
      0.02265289438
    ],
    "metrics": {
      "chi2dN_total": 0.82989204119223,
      "chi2dN_collider": 0.8934035683963174,
      "chi2dN_fixed_target": 0.7442477090533851,
      "highE_weighted_chi2dN": 1.3566225348218093,
      "highE_mean_ratio_first3": 1.0309462275179946,
      "highE_mean_absdev_first3": 0.051580415668982374,
      "highE_mean_signed_first3": 0.030946227517994564,
      "highE_mean_shortfall_first3": 0.010317094075493905,
      "highE_mean_overshoot_first3": 0.041263321593488465,
      "cms_highmass_mean_ratio_first3": 1.1025427329221997,
      "cms_highmass_mean_absdev_first3": 0.10254273292219962,
      "cms_highmass_mean_signed_first3": 0.10254273292219962,
      "zlike_mean_ratio_first3": 0.9832152239151912,
      "zlike_mean_absdev_first3": 0.01760553750017087,
      "zlike_mean_signed_first3": -0.01678477608480881,
      "compute_s": 0.0385702
    },
    "per_file_chi2dN": {
      "ATLAS_7\\ATLAS7-00y10.csv": 0.4516678057775909,
      "ATLAS_7\\ATLAS7-10y20.csv": 3.393653916558311,
      "ATLAS_7\\ATLAS7-20y24.csv": 1.4381772231963703,
      "ATLAS_8\\ATLAS8-00y04.csv": 2.812090411255039,
      "ATLAS_8\\ATLAS8-04y08.csv": 1.0834860947933962,
      "ATLAS_8\\ATLAS8-08y12.csv": 0.5427914687117762,
      "ATLAS_8\\ATLAS8-116Q150.csv": 0.5536401467425307,
      "ATLAS_8\\ATLAS8-12y16.csv": 1.4603113675492503,
      "ATLAS_8\\ATLAS8-16y20.csv": 1.060868351663317,
      "ATLAS_8\\ATLAS8-20y24.csv": 0.9103012611218548,
      "ATLAS_8\\ATLAS8-46Q66.csv": 0.41177198457443526,
      "CDF_I\\CDF1.csv": 0.5175490463830418,
      "CDF_II\\CDF2.csv": 0.7717319016863077,
      "CMS_7\\CMS7.csv": 1.4437886421545894,
      "CMS_8\\CMS8.csv": 0.7317451153020983,
      "CMS_13\\CMS13-00y04.csv": 1.3697905429278303,
      "CMS_13\\CMS13-04y08.csv": 0.8447337286809239,
      "CMS_13\\CMS13-08y12.csv": 0.45270004883117676,
      "CMS_13\\CMS13-106Q170.csv": 0.8314534888614117,
      "CMS_13\\CMS13-12y16.csv": 0.24464105303983663,
      "CMS_13\\CMS13-16y24.csv": 0.2669413864370783,
      "CMS_13\\CMS13-170Q350.csv": 1.081074757817265,
      "CMS_13\\CMS13-350Q1000.csv": 1.551735329619193,
      "D0_I\\D01.csv": 0.5892374092545155,
      "D0_II\\D02.csv": 0.6998869954825012,
      "D0_II_mu\\D02mu.csv": 0.32237262745454265,
      "E288\\E228-200-4Q5.csv": 0.5488289846141137,
      "E288\\E228-200-5Q6.csv": 0.3199802909635832,
      "E288\\E228-200-6Q7.csv": 0.32776955298908217,
      "E288\\E228-200-7Q8.csv": 0.16076397777562898,
      "E288\\E228-200-8Q9.csv": 0.5713437762904227,
      "E288\\E228-300-11Q12.csv": 0.29777959890693245,
      "E288\\E228-300-4Q5.csv": 1.5146223560503962,
      "E288\\E228-300-5Q6.csv": 0.22160449162872048,
      "E288\\E228-300-6Q7.csv": 0.40298196667564573,
      "E288\\E228-300-7Q8.csv": 0.110498537567167,
      "E288\\E228-300-8Q9.csv": 1.2168721524521353,
      "E288\\E228-400-11Q12.csv": 0.6874335837336151,
      "E288\\E228-400-12Q13.csv": 0.8782351638897063,
      "E288\\E228-400-13Q14.csv": 0.5597120171206024,
      "E288\\E228-400-5Q6.csv": 0.8186301440112986,
      "E288\\E228-400-6Q7.csv": 1.406420372300648,
      "E288\\E228-400-7Q8.csv": 0.4869122227051682,
      "E288\\E228-400-8Q9.csv": 0.8157957971949815,
      "E605\\E605-10.5Q11.5.csv": 0.1915235729735245,
      "E605\\E605-11.5Q13.5.csv": 0.37536243738849834,
      "E605\\E605-13.5Q18.csv": 0.76500426781958,
      "E605\\E605-7Q8.csv": 0.22968702289164916,
      "E605\\E605-8Q9.csv": 0.45879314502944507,
      "E772\\E772-11Q12.csv": 1.619941562488284,
      "E772\\E772-12Q13.csv": 2.2299901907246937,
      "E772\\E772-13Q14.csv": 2.568567794998986,
      "E772\\E772-14Q15.csv": 0.21723861707292258,
      "LHCb_7\\LHCb7.csv": 0.8867216331279807,
      "LHCb_8\\LHCb8.csv": 0.4302294503711414,
      "LHCb_13\\LHCb13.csv": 0.8147649074558811,
      "STAR\\STAR510.csv": 1.3601714158944433
    },
    "high_energy_rows": [
      {
        "file": "CMS_13\\CMS13-170Q350.csv",
        "chi2dN": 1.081074757817265,
        "N": 10,
        "ratio_1": 1.0798900756378507,
        "data_1": 0.0344,
        "pred_1": 0.03714821860194206,
        "ratio_2": 1.09460810616746,
        "data_2": 0.0781,
        "pred_2": 0.08548889309167862,
        "ratio_3": 1.0842763036159084,
        "data_3": 0.0902,
        "pred_3": 0.09780172258615494
      },
      {
        "file": "CMS_13\\CMS13-350Q1000.csv",
        "chi2dN": 1.551735329619193,
        "N": 11,
        "ratio_1": 1.118033576537581,
        "data_1": 0.00238,
        "pred_1": 0.002660919912159443,
        "ratio_2": 1.1332778144726712,
        "data_2": 0.00565,
        "pred_2": 0.006403019651770592,
        "ratio_3": 1.1051705211017264,
        "data_3": 0.00699,
        "pred_3": 0.007725141942501068
      },
      {
        "file": "ATLAS_8\\ATLAS8-00y04.csv",
        "chi2dN": 2.812090411255039,
        "N": 6,
        "ratio_1": 0.9899390486804187,
        "data_1": 3.257,
        "pred_1": 3.224231481552124,
        "ratio_2": 0.9939305897475568,
        "data_2": 6.708,
        "pred_2": 6.667286396026611,
        "ratio_3": 1.0036934263691293,
        "data_3": 6.714,
        "pred_3": 6.738797664642334
      },
      {
        "file": "ATLAS_8\\ATLAS8-04y08.csv",
        "chi2dN": 1.0834860947933962,
        "N": 6,
        "ratio_1": 0.9877089203866827,
        "data_1": 3.219,
        "pred_1": 3.1794350147247314,
        "ratio_2": 0.9912831687584404,
        "data_2": 6.676,
        "pred_2": 6.617806434631348,
        "ratio_3": 0.9952331838541256,
        "data_3": 6.737,
        "pred_3": 6.704885959625244
      },
      {
        "file": "LHCb_8\\LHCb8.csv",
        "chi2dN": 0.4302294503711414,
        "N": 7,
        "ratio_1": 0.9558589460125486,
        "data_1": 3.592273,
        "pred_1": 3.433706283569336,
        "ratio_2": 0.961176620763955,
        "data_2": 6.420833,
        "pred_2": 6.1715545654296875,
        "ratio_3": 0.9701131106638636,
        "data_3": 6.340833,
        "pred_3": 6.151325225830078
      }
    ]
  },
  "fit": {
    "elapsed_s": 43.35085979999985,
    "nf": 525,
    "flag": 1,
    "free_params": [
      0.5436396780299091,
      0.634662780513899,
      0.018002806049914666,
      -4.580350310235642,
      0.35082995269666484,
      -0.4960620736165575,
      1.3954530436097878,
      0.07941725247468473,
      0.02267841322417458
    ],
    "log10_chi2": -0.08252060449566566,
    "stage1": [
      {
        "start_id": 0,
        "log10_chi2": -0.08151916126996493,
        "nf": 50,
        "flag": 1
      },
      {
        "start_id": 1,
        "log10_chi2": -0.01648061821367416,
        "nf": 50,
        "flag": 1
      },
      {
        "start_id": 2,
        "log10_chi2": -0.014417786127237129,
        "nf": 50,
        "flag": 1
      }
    ],
    "stage2": [
      {
        "log10_chi2": -0.08245327596825287,
        "nf": 150,
        "flag": 1
      },
      {
        "log10_chi2": -0.07463306510830797,
        "nf": 150,
        "flag": 1
      }
    ],
    "polish_nf": 75
  },