{
  "candidate": "reduced_loggauss_powerseed",
  "fit_name": "ReducedLogGaussPowerSeed",
  "param_names": [
    "lambda1",
    "lambda2",
    "lambda4",
    "logx0",
    "sigx",
    "amp",
    "BNP",
    "c0",
    "c1"
  ],
  "free_idx": [
    0,
    1,
    2,
    3,
    4,
    5,
    6,
    7,
    8
  ],
  "frozen_idx": [],
  "initial": {
    "full_params": [
      0.5693778337,
      0.5953832682,
      0.03126507574,
      -4.584336753,
      0.3478514519,
      -0.4658737977,
      1.412080963,
      0.0794804064,
      0.02232898357
    ],
    "free_params": [
      0.5693778337,
      0.5953832682,
      0.03126507574,
      -4.584336753,
      0.3478514519,
      -0.4658737977,
      1.412080963,
      0.0794804064,
      0.02232898357
    ],
    "metrics": {
      "chi2dN_total": 0.8268153716230534,
      "chi2dN_collider": 0.8874837059578462,
      "chi2dN_fixed_target": 0.7450050419897727,
      "highE_weighted_chi2dN": 1.3505253667489496,
      "highE_mean_ratio_first3": 1.0306823978394968,
      "highE_mean_absdev_first3": 0.05128401228466165,
      "highE_mean_signed_first3": 0.030682397839496757,
      "highE_mean_shortfall_first3": 0.01030080722258245,
      "highE_mean_overshoot_first3": 0.040983205062079205,
      "cms_highmass_mean_ratio_first3": 1.1018856462314344,
      "cms_highmass_mean_absdev_first3": 0.10188564623143444,
      "cms_highmass_mean_signed_first3": 0.10188564623143444,
      "zlike_mean_ratio_first3": 0.9832135655782049,
      "zlike_mean_absdev_first3": 0.017549589653479795,
      "zlike_mean_signed_first3": -0.016786434421795036,
      "compute_s": 0.0437588
    },
    "per_file_chi2dN": {
      "ATLAS_7\\ATLAS7-00y10.csv": 0.4587862952078874,
      "ATLAS_7\\ATLAS7-10y20.csv": 3.266867884392729,
      "ATLAS_7\\ATLAS7-20y24.csv": 1.359520434050763,
      "ATLAS_8\\ATLAS8-00y04.csv": 2.756372776502767,
      "ATLAS_8\\ATLAS8-04y08.csv": 1.0879740375429006,
      "ATLAS_8\\ATLAS8-08y12.csv": 0.5259707162404479,
      "ATLAS_8\\ATLAS8-116Q150.csv": 0.549513652906736,
      "ATLAS_8\\ATLAS8-12y16.csv": 1.571470794167933,
      "ATLAS_8\\ATLAS8-16y20.csv": 1.0369731153011863,
      "ATLAS_8\\ATLAS8-20y24.csv": 0.9340959120928805,
      "ATLAS_8\\ATLAS8-46Q66.csv": 0.45932733487115496,
      "CDF_I\\CDF1.csv": 0.5112352846097494,
      "CDF_II\\CDF2.csv": 0.7662308536287378,
      "CMS_7\\CMS7.csv": 1.439926954100438,
      "CMS_8\\CMS8.csv": 0.7428232967324239,
      "CMS_13\\CMS13-00y04.csv": 1.3703783621345969,
      "CMS_13\\CMS13-04y08.csv": 0.8452127412949493,
      "CMS_13\\CMS13-08y12.csv": 0.45091764567280807,
      "CMS_13\\CMS13-106Q170.csv": 0.8165609261556284,
      "CMS_13\\CMS13-12y16.csv": 0.2397072343572642,
      "CMS_13\\CMS13-16y24.csv": 0.26029988611401617,
      "CMS_13\\CMS13-170Q350.csv": 1.0749871789286423,
      "CMS_13\\CMS13-350Q1000.csv": 1.5514153237237436,
      "D0_I\\D01.csv": 0.5943182969334403,
      "D0_II\\D02.csv": 0.6810301817627662,
      "D0_II_mu\\D02mu.csv": 0.3162605497550635,
      "E288\\E228-200-4Q5.csv": 0.5610337661236557,
      "E288\\E228-200-5Q6.csv": 0.32033036498204315,
      "E288\\E228-200-6Q7.csv": 0.3128507056141063,
      "E288\\E228-200-7Q8.csv": 0.1595155970732134,
      "E288\\E228-200-8Q9.csv": 0.5567400725500917,
      "E288\\E228-300-11Q12.csv": 0.2965613515664503,
      "E288\\E228-300-4Q5.csv": 1.5223598145089554,
      "E288\\E228-300-5Q6.csv": 0.21615503271982678,
      "E288\\E228-300-6Q7.csv": 0.4340985530643178,
      "E288\\E228-300-7Q8.csv": 0.0995026524197925,
      "E288\\E228-300-8Q9.csv": 1.1716165771862954,
      "E288\\E228-400-11Q12.csv": 0.6884259526894649,
      "E288\\E228-400-12Q13.csv": 0.8700699018453549,
      "E288\\E228-400-13Q14.csv": 0.5634238779538389,
      "E288\\E228-400-5Q6.csv": 0.8230036254991955,
      "E288\\E228-400-6Q7.csv": 1.4445150607201833,
      "E288\\E228-400-7Q8.csv": 0.4468585317283738,
      "E288\\E228-400-8Q9.csv": 0.7965805070673941,
      "E605\\E605-10.5Q11.5.csv": 0.19716764996595826,
      "E605\\E605-11.5Q13.5.csv": 0.38136665951513843,
      "E605\\E605-13.5Q18.csv": 0.7845342813819691,
      "E605\\E605-7Q8.csv": 0.22911502368817332,
      "E605\\E605-8Q9.csv": 0.4510213577577921,
      "E772\\E772-11Q12.csv": 1.6394187620073553,
      "E772\\E772-12Q13.csv": 2.2580532241894162,
      "E772\\E772-13Q14.csv": 2.5712159697701167,
      "E772\\E772-14Q15.csv": 0.21726897358468011,
      "LHCb_7\\LHCb7.csv": 0.878682381374371,
      "LHCb_8\\LHCb8.csv": 0.4484990622051965,
      "LHCb_13\\LHCb13.csv": 0.7946806458575966,
      "STAR\\STAR510.csv": 1.350176144399536
    },
    "high_energy_rows": [
      {
        "file": "CMS_13\\CMS13-170Q350.csv",
        "chi2dN": 1.0749871789286423,
        "N": 10,
        "ratio_1": 1.0785006723085115,
        "data_1": 0.0344,
        "pred_1": 0.037100423127412796,
        "ratio_2": 1.0940526992502346,
        "data_2": 0.0781,
        "pred_2": 0.08544551581144333,
        "ratio_3": 1.0842252564007322,
        "data_3": 0.0902,
        "pred_3": 0.09779711812734604
      },
      {
        "file": "CMS_13\\CMS13-350Q1000.csv",
        "chi2dN": 1.5514153237237436,
        "N": 11,
        "ratio_1": 1.1168403684028556,
        "data_1": 0.00238,
        "pred_1": 0.0026580800767987967,
        "ratio_2": 1.1326759163521034,
        "data_2": 0.00565,
        "pred_2": 0.006399618927389383,
        "ratio_3": 1.1050189646741693,
        "data_3": 0.00699,
        "pred_3": 0.007724082563072443
      },
      {
        "file": "ATLAS_8\\ATLAS8-00y04.csv",
        "chi2dN": 2.756372776502767,
        "N": 6,
        "ratio_1": 0.9917240769430505,
        "data_1": 3.257,
        "pred_1": 3.2300453186035156,
        "ratio_2": 0.9944217149601426,
        "data_2": 6.708,
        "pred_2": 6.670580863952637,
        "ratio_3": 1.0034341985425814,
        "data_3": 6.714,
        "pred_3": 6.737057209014893
      },
      {
        "file": "ATLAS_8\\ATLAS8-04y08.csv",
        "chi2dN": 1.0879740375429006,
        "N": 6,
        "ratio_1": 0.9882754515179495,
        "data_1": 3.219,
        "pred_1": 3.1812586784362793,
        "ratio_2": 0.9914367337509713,
        "data_2": 6.676,
        "pred_2": 6.618831634521484,
        "ratio_3": 0.9951158325095656,
        "data_3": 6.737,
        "pred_3": 6.704095363616943
      },
      {
        "file": "LHCb_8\\LHCb8.csv",
        "chi2dN": 0.4484990622051965,
        "N": 7,
        "ratio_1": 0.953419854445181,
        "data_1": 3.592273,
        "pred_1": 3.4249444007873535,
        "ratio_2": 0.9606267696279208,
        "data_2": 6.420833,
        "pred_2": 6.168024063110352,
        "ratio_3": 0.9704674579064819,
        "data_3": 6.340833,
        "pred_3": 6.153572082519531
      }
    ]
  },
  "fit": {
    "elapsed_s": 44.02750120000019,
    "nf": 525,
    "flag": 1,
    "free_params": [
      0.5436808684622739,
      0.6247890378368363,
      0.02465039807787328,
      -4.580855224347578,
      0.33536604002972126,
      -0.48516952806747216,
      1.4162786993301064,
      0.0793882165001912,
      0.022284337546689285
    ],
    "log10_chi2": -0.0828992635632342,
    "stage1": [
      {
        "start_id": 0,
        "log10_chi2": -0.08260841085055783,
        "nf": 50,
        "flag": 1
      },
      {
        "start_id": 1,
        "log10_chi2": -0.05487056722404007,
        "nf": 50,
        "flag": 1
      },
      {
        "start_id": 2,
        "log10_chi2": -0.046258568463711444,
        "nf": 50,
        "flag": 1
      }
    ],
    "stage2": [
      {
        "log10_chi2": -0.0828812281730309,
        "nf": 150,
        "flag": 1
      },
      {
        "log10_chi2": -0.07933290529768573,
        "nf": 150,
        "flag": 1
      }
    ],
    "polish_nf": 75
  },