{
  "candidate": "reduced_loggauss_power",
  "fit_name": "ReducedLogGaussPower",
  "param_names": [
    "lambda1",
    "lambda2",
    "lambda4",
    "logx0",
    "sigx",
    "amp",
    "pshape",
    "BNP",
    "c0",
    "c1"
  ],
  "free_idx": [
    0,
    1,
    2,
    3,
    4,
    5,
    6,
    7,
    8,
    9
  ],
  "frozen_idx": [],
  "initial": {
    "full_params": [
      0.5882525012,
      0.5842634853,
      0.03585691771,
      -4.582506215,
      0.2971306287,
      -0.4423154052,
      2.0,
      1.399299476,
      0.07930761287,
      0.02265289438
    ],
    "free_params": [
      0.5882525012,
      0.5842634853,
      0.03585691771,
      -4.582506215,
      0.2971306287,
      -0.4423154052,
      2.0,
      1.399299476,
      0.07930761287,
      0.02265289438
    ],
    "metrics": {
      "chi2dN_total": 0.8275791798733478,
      "chi2dN_collider": 0.8890049315907783,
      "chi2dN_fixed_target": 0.7447474843756006,
      "highE_weighted_chi2dN": 1.354382454225135,
      "highE_mean_ratio_first3": 1.030478530588534,
      "highE_mean_absdev_first3": 0.05145340640350839,
      "highE_mean_signed_first3": 0.030478530588533972,
      "highE_mean_shortfall_first3": 0.010487437907487207,
      "highE_mean_overshoot_first3": 0.04096596849602118,
      "cms_highmass_mean_ratio_first3": 1.1018222900656476,
      "cms_highmass_mean_absdev_first3": 0.10182229006564784,
      "cms_highmass_mean_signed_first3": 0.10182229006564784,
      "zlike_mean_ratio_first3": 0.9829160242704581,
      "zlike_mean_absdev_first3": 0.017874150628748753,
      "zlike_mean_signed_first3": -0.01708397572954194,
      "compute_s": 0.0388941
    },
    "per_file_chi2dN": {
      "ATLAS_7\\ATLAS7-00y10.csv": 0.4334241696629837,
      "ATLAS_7\\ATLAS7-10y20.csv": 3.300163365648498,
      "ATLAS_7\\ATLAS7-20y24.csv": 1.3981367510858547,
      "ATLAS_8\\ATLAS8-00y04.csv": 2.774610796531493,
      "ATLAS_8\\ATLAS8-04y08.csv": 1.1100295541170389,
      "ATLAS_8\\ATLAS8-08y12.csv": 0.5148383531824047,
      "ATLAS_8\\ATLAS8-116Q150.csv": 0.5490156426904486,
      "ATLAS_8\\ATLAS8-12y16.csv": 1.5477765156426215,
      "ATLAS_8\\ATLAS8-16y20.csv": 1.0500867861864274,
      "ATLAS_8\\ATLAS8-20y24.csv": 0.9252484173052092,
      "ATLAS_8\\ATLAS8-46Q66.csv": 0.4652938774568164,
      "CDF_I\\CDF1.csv": 0.5102382522241041,
      "CDF_II\\CDF2.csv": 0.766470590578446,
      "CMS_7\\CMS7.csv": 1.4351627100468927,
      "CMS_8\\CMS8.csv": 0.7486999100716002,
      "CMS_13\\CMS13-00y04.csv": 1.370202749248155,
      "CMS_13\\CMS13-04y08.csv": 0.8453683646404606,
      "CMS_13\\CMS13-08y12.csv": 0.4493767050520322,
      "CMS_13\\CMS13-106Q170.csv": 0.8162631102272278,
      "CMS_13\\CMS13-12y16.csv": 0.24023450775764157,
      "CMS_13\\CMS13-16y24.csv": 0.2630256559636672,
      "CMS_13\\CMS13-170Q350.csv": 1.0749434934242204,
      "CMS_13\\CMS13-350Q1000.csv": 1.552055370219719,
      "D0_I\\D01.csv": 0.5963326497142868,
      "D0_II\\D02.csv": 0.6714786476259909,
      "D0_II_mu\\D02mu.csv": 0.3173479349482971,
      "E288\\E228-200-4Q5.csv": 0.5675074611778467,
      "E288\\E228-200-5Q6.csv": 0.32003937035551017,
      "E288\\E228-200-6Q7.csv": 0.31543553536392016,
      "E288\\E228-200-7Q8.csv": 0.15914811367963486,
      "E288\\E228-200-8Q9.csv": 0.563677998301565,
      "E288\\E228-300-11Q12.csv": 0.2971424752693384,
      "E288\\E228-300-4Q5.csv": 1.5262960050481729,
      "E288\\E228-300-5Q6.csv": 0.2139929664896392,
      "E288\\E228-300-6Q7.csv": 0.43721478854742046,
      "E288\\E228-300-7Q8.csv": 0.10044566232405773,
      "E288\\E228-300-8Q9.csv": 1.1841910926889665,
      "E288\\E228-400-11Q12.csv": 0.687461765110535,
      "E288\\E228-400-12Q13.csv": 0.8748332255215856,
      "E288\\E228-400-13Q14.csv": 0.5608487580993292,
      "E288\\E228-400-5Q6.csv": 0.8232533888261975,
      "E288\\E228-400-6Q7.csv": 1.454942319934488,
      "E288\\E228-400-7Q8.csv": 0.44191138465030494,
      "E288\\E228-400-8Q9.csv": 0.7966965602097955,
      "E605\\E605-10.5Q11.5.csv": 0.1965335648582529,
      "E605\\E605-11.5Q13.5.csv": 0.3805570638219432,
      "E605\\E605-13.5Q18.csv": 0.7762994901396515,
      "E605\\E605-7Q8.csv": 0.22951333023411763,
      "E605\\E605-8Q9.csv": 0.44814347917094777,
      "E772\\E772-11Q12.csv": 1.633489769616613,
      "E772\\E772-12Q13.csv": 2.248910135843811,
      "E772\\E772-13Q14.csv": 2.5666889095378633,
      "E772\\E772-14Q15.csv": 0.21721265841701784,
      "LHCb_7\\LHCb7.csv": 0.8846678243268763,
      "LHCb_8\\LHCb8.csv": 0.435058865493586,
      "LHCb_13\\LHCb13.csv": 0.8086449833606919,
      "STAR\\STAR510.csv": 1.351800353028406
    },
    "high_energy_rows": [
      {
        "file": "CMS_13\\CMS13-170Q350.csv",
        "chi2dN": 1.0749434934242204,
        "N": 10,
        "ratio_1": 1.0782112042571224,
        "data_1": 0.0344,
        "pred_1": 0.03709046542644501,
        "ratio_2": 1.0939371723219007,
        "data_2": 0.0781,
        "pred_2": 0.08543649315834045,
        "ratio_3": 1.084287124303915,
        "data_3": 0.0902,
        "pred_3": 0.09780269861221313
      },
      {
        "file": "CMS_13\\CMS13-350Q1000.csv",
        "chi2dN": 1.552055370219719,
        "N": 11,
        "ratio_1": 1.1167431273693296,
        "data_1": 0.00238,
        "pred_1": 0.0026578486431390047,
        "ratio_2": 1.1326606690356162,
        "data_2": 0.00565,
        "pred_2": 0.006399532780051231,
        "ratio_3": 1.1050944431060032,
        "data_3": 0.00699,
        "pred_3": 0.007724610157310963
      },
      {
        "file": "ATLAS_8\\ATLAS8-00y04.csv",
        "chi2dN": 2.774610796531493,
        "N": 6,
        "ratio_1": 0.9911324592100758,
        "data_1": 3.257,
        "pred_1": 3.228118419647217,
        "ratio_2": 0.9942473438287961,
        "data_2": 6.708,
        "pred_2": 6.6694111824035645,
        "ratio_3": 1.0035557870464307,
        "data_3": 6.714,
        "pred_3": 6.737873554229736
      },
      {
        "file": "ATLAS_8\\ATLAS8-04y08.csv",
        "chi2dN": 1.1100295541170389,
        "N": 6,
        "ratio_1": 0.9849835864206619,
        "data_1": 3.219,
        "pred_1": 3.1706621646881104,
        "ratio_2": 0.9904698457026496,
        "data_2": 6.676,
        "pred_2": 6.612376689910889,
        "ratio_3": 0.9955293225909405,
        "data_3": 6.737,
        "pred_3": 6.706881046295166
      },
      {
        "file": "LHCb_8\\LHCb8.csv",
        "chi2dN": 0.435058865493586,
        "N": 7,
        "ratio_1": 0.9551361121007064,
        "data_1": 3.592273,
        "pred_1": 3.431109666824341,
        "ratio_2": 0.9609821231781536,
        "data_2": 6.420833,
        "pred_2": 6.1703057289123535,
        "ratio_3": 0.9702076383557081,
        "data_3": 6.340833,
        "pred_3": 6.1519246101379395
      }
    ]
  },
  "fit": {
    "elapsed_s": 43.971447399999306,
    "nf": 525,
    "flag": 1,
    "free_params": [
      0.5693778337030312,
      0.5953832682365158,
      0.031265075737107906,
      -4.584336752505821,
      0.3478514518579985,
      -0.4658737976839893,
      2.1415776139643556,
      1.4120809629510123,
      0.07948040639780249,
      0.02232898356818656
    ],
    "log10_chi2": -0.0826874945324953,
    "stage1": [
      {
        "start_id": 0,
        "log10_chi2": -0.08220038277156946,
        "nf": 50,
        "flag": 1
      },
      {
        "start_id": 1,
        "log10_chi2": -0.037254802437617446,
        "nf": 50,
        "flag": 1
      },
      {
        "start_id": 2,
        "log10_chi2": 0.03868435607191396,
        "nf": 50,
        "flag": 1
      }
    ],
    "stage2": [
      {
        "log10_chi2": -0.08259273183922197,
        "nf": 150,
        "flag": 1
      },
      {
        "log10_chi2": -0.07495950677799051,
        "nf": 150,
        "flag": 1
      }
    ],
    "polish_nf": 75
  },