model,test,fixed_map,chi2dN_total,chi2_total,highE_mean_absdev_first3,highE_mean_shortfall_first3,delta_chi2dN,delta_chi2_total,delta_absdev,delta_shortfall,fit_evals,fit_elapsed_s
entangle_window_exp,c0_zero,"{""c0"": 0.0}",1.2714780622593052,591.2372989505769,0.06169216044122382,0.016949438795862762,0.4375598036228455,203.46530868462318,0.010798248465149082,0.00609752000682043,90,7.4219432000008965
entangle_window_exp,lambda2_zero,"{""lambda2"": 0.0}",1.06938848591246,497.2656459492939,0.050753962759609174,0.008930539643892692,0.23547022727600042,109.4936556833402,-0.00013994921646556108,-0.0019213791451496397,90,7.231469600001219
entangle_window_exp,c1_zero,"{""c1"": 0.0}",1.0136564192005295,471.3502349282462,0.05030032415214296,0.017302280255024345,0.17973816056406988,83.57824466229249,-0.0005935878239317766,0.006450361465982013,90,7.5813156999993225
entangle_window_exp,lambda1_zero,"{""lambda1"": 0.0}",0.9399984426381313,437.09927582673106,0.051307096184647905,0.010602101033151142,0.10608018400167163,49.327285560777305,0.0004131842085731696,-0.0002498177558911893,90,7.528951799999049
entangle_window_exp,entangle_off,"{""axb"": 0.0, ""bw"": 1.44590833446, ""logx0"": -4.5930620935, ""sigx"": 0.298543697916}",0.853236491796387,396.75496868531997,0.05256757161043431,0.012270721037715433,0.019318233159927423,8.982978419366251,0.0016736596343595728,0.0014188022486731015,90,7.596938199998476
entangle_window_exp,lambda4_zero,"{""lambda4"": 0.0}",0.8416750608620144,391.37890330083667,0.05230073719159097,0.011574126273560248,0.007756802225554749,3.6069130348829583,0.0014068252155162372,0.0007222074845179161,90,7.577466700000514
