model,test,fixed_map,chi2dN_total,chi2_total,highE_mean_absdev_first3,highE_mean_shortfall_first3,delta_chi2dN,delta_chi2_total,delta_absdev,delta_shortfall,fit_evals,fit_elapsed_s
reduced_loggauss_powerseed,c0_zero,"{""c0"": 0.0}",1.4166084565907042,658.7229323146775,0.06718713499847974,0.017922806849759762,0.5903774740815573,274.5255254479241,0.01575275073868463,0.007476482323065364,90,7.6081084000015835
reduced_loggauss_powerseed,c1_zero,"{""c1"": 0.0}",1.0127553382346637,470.9312322791186,0.053906288707165975,0.021222014991081086,0.18652435572551673,86.73382541236528,0.0024719044473708665,0.010775690464386688,90,7.283137000000352
reduced_loggauss_powerseed,lambda1_zero,"{""lambda1"": 0.0}",0.9339013631886023,434.26413388270004,0.05336318323497039,0.011785916367170501,0.10767038067945534,50.06672701594673,0.0019287989751752832,0.001339591840476103,90,7.57795090000036
reduced_loggauss_powerseed,lambda2_zero,"{""lambda2"": 0.0}",0.8784392993978425,408.47427421999674,0.0506129123966298,0.011365416884776517,0.05220831688869554,24.276867353243425,-0.0008214718631653073,0.0009190923580821193,90,7.750896300000022
reduced_loggauss_powerseed,bump_off,"{""amp"": 0.0, ""logx0"": -4.58085522435, ""sigx"": 0.33536604003}",0.8596376421945711,399.73150362047556,0.053388979985165015,0.011917214069018947,0.03340665968542411,15.534096753722212,0.0019545957253699064,0.0014708895423245494,90,7.552828599998975
reduced_loggauss_powerseed,lambda4_zero,"{""lambda4"": 0.0}",0.8361887213061467,388.8277554073582,0.051833544768242756,0.009779201662498564,0.009957738796999793,4.630348540604904,0.00039916050844764767,-0.0006671228641958338,90,7.66599430000133
