model,test,fixed_map,chi2dN_total,chi2_total,highE_mean_absdev_first3,highE_mean_shortfall_first3,delta_chi2dN,delta_chi2_total,delta_absdev,delta_shortfall,fit_evals,fit_elapsed_s
xb_bump_logb_nobump,c0_zero,"{""c0"": 0.0}",1.4706065991410449,683.8320686005859,0.06454319395829541,0.024814704075491446,0.6659102386324958,309.64826096411053,0.013500222524894447,0.014026404117385014,90,7.619119099999807
xb_bump_logb_nobump,lambda1_zero,"{""lambda1"": 0.0}",1.2865153172456651,598.2296225192343,0.05636074730662985,0.015003352612258854,0.48181895673711606,224.04581488275898,0.005317775873228882,0.004215052654152422,90,7.456959299999653
xb_bump_logb_nobump,c1_zero,"{""c1"": 0.0}",1.0269996237114147,477.5548250258079,0.05286849168215642,0.0224352542846778,0.22230326320286564,103.37101738933252,0.0018255202487554509,0.011646954326571368,90,7.108613900001728
xb_bump_logb_nobump,lambda2_zero,"{""lambda2"": 0.0}",0.8622738237182529,400.9573280289876,0.050967467083406735,0.010426068335919133,0.057577463209703805,26.77352039251227,-7.550434999423206e-05,-0.00036223162218729926,90,7.622711199999685
xb_bump_logb_nobump,entangle_off,"{""axb"": 0.0, ""logb0"": 0.523011535517, ""logx0"": -4.65841293039, ""sigb"": 0.49258204335, ""sigx"": 0.270544257539}",0.8563943899513524,398.22339132737886,0.05234622018735302,0.012017652836325492,0.05169802944280333,24.039583690903548,0.0013032487539520535,0.0012293528782190595,90,7.403218299999935
xb_bump_logb_nobump,lambda4_zero,"{""lambda4"": 0.0}",0.8229994652909675,382.69475136029985,0.054301915993889276,0.012584378018061403,0.018303104782418367,8.510943723824541,0.0032589445604883083,0.001796078059954971,90,7.575360999999248
