model,test,fixed_map,chi2dN_total,chi2_total,highE_mean_absdev_first3,highE_mean_shortfall_first3,delta_chi2dN,delta_chi2_total,delta_absdev,delta_shortfall,fit_evals,fit_elapsed_s
xb_bump_logb_mult,c0_zero,"{""c0"": 0.0}",1.7030501444846613,791.9183171853675,0.06666411811774202,0.022129467523882725,0.898298147439166,417.7086385592122,0.015330193838711502,0.011375736075086077,90,7.573961300000519
xb_bump_logb_mult,c1_zero,"{""c1"": 0.0}",1.0745802882328908,499.6798340282942,0.05327004247456457,0.023094516172909852,0.2698282911873955,125.4701554021389,0.0019361181955340548,0.012340784724113204,90,7.622988399998576
xb_bump_logb_mult,lambda1_zero,"{""lambda1"": 0.0}",1.0314908613630402,479.6432505338137,0.053167911316871735,0.013027917408173979,0.22673886431754497,105.43357190765842,0.0018339870378412185,0.002274185959377331,90,7.203238399999464
xb_bump_logb_mult,lambda4_zero,"{""lambda4"": 0.0}",0.9092938391838671,422.8216352204982,0.052613162994468644,0.011335524883999597,0.10454184213837181,48.61195659434289,0.0012792387154381274,0.0005817934352029489,90,7.653136300001279
xb_bump_logb_mult,lambda2_zero,"{""lambda2"": 0.0}",0.8662757858594978,402.8182404246665,0.050034159297460155,0.009134199766968483,0.061523788814002556,28.60856179851119,-0.0012997649815703616,-0.0016195316818281656,90,7.67282460000024
xb_bump_logb_mult,entangle_off,"{""axb"": 0.0, ""logb0"": 0.47151614105, ""sigb"": 0.50003431955}",0.8585754001517025,399.2375610705417,0.0555624442135071,0.013396675193234937,0.05382340310620726,25.027882444386375,0.004228519934476586,0.002642943744438289,90,7.540030199999819
xb_bump_logb_mult,bump_off,"{""amp"": 0.0, ""logx0"": -4.61371039654, ""sigx"": 0.267061786301}",0.8065841558172996,375.06163245504433,0.050948433080035146,0.010146744421532895,0.0018321587718043153,0.8519538288890066,-0.0003854911989953705,-0.0006069870272637536,90,7.4923409999992145
