{
  "candidate": "poly_cslog2_cspower",
  "fit_name": "PolyCSLog2CSPower",
  "param_names": [
    "lambda1",
    "lambda2",
    "lambda3",
    "lambda4",
    "BNP",
    "powerCS",
    "c0",
    "c1",
    "c2"
  ],
  "free_idx": [
    0,
    1,
    2,
    3,
    4,
    5,
    6,
    7,
    8
  ],
  "frozen_idx": [],
  "initial": {
    "full_params": [
      1.081296439,
      1.034214495,
      -1.305383309,
      0.2011990987,
      0.9527774302,
      0.0,
      0.1079527038,
      0.08045718378,
      0.03089617081
    ],
    "free_params": [
      1.081296439,
      1.034214495,
      -1.305383309,
      0.2011990987,
      0.9527774302,
      0.0,
      0.1079527038,
      0.08045718378,
      0.03089617081
    ],
    "metrics": {
      "chi2dN_total": 0.8247530574071353,
      "chi2dN_collider": 0.8928740988494548,
      "chi2dN_fixed_target": 0.7328928651591581,
      "highE_weighted_chi2dN": 1.5776013584115076,
      "highE_mean_ratio_first3": 1.0208397687260886,
      "highE_mean_absdev_first3": 0.05224667796691968,
      "highE_mean_signed_first3": 0.020839768726088784,
      "highE_mean_shortfall_first3": 0.015703454620415447,
      "highE_mean_overshoot_first3": 0.036543223346504235,
      "cms_highmass_mean_ratio_first3": 1.0912700218502072,
      "cms_highmass_mean_absdev_first3": 0.0912700218502072,
      "cms_highmass_mean_signed_first3": 0.0912700218502072,
      "zlike_mean_ratio_first3": 0.9738862666433431,
      "zlike_mean_absdev_first3": 0.02623111537806133,
      "zlike_mean_signed_first3": -0.026113733356656826,
      "compute_s": 0.046296
    },
    "per_file_chi2dN": {
      "ATLAS_7\\ATLAS7-00y10.csv": 0.46823055561299104,
      "ATLAS_7\\ATLAS7-10y20.csv": 3.0537643493096325,
      "ATLAS_7\\ATLAS7-20y24.csv": 1.2458224851523685,
      "ATLAS_8\\ATLAS8-00y04.csv": 4.157307182735759,
      "ATLAS_8\\ATLAS8-04y08.csv": 1.2858468036943285,
      "ATLAS_8\\ATLAS8-08y12.csv": 0.8592477980581644,
      "ATLAS_8\\ATLAS8-116Q150.csv": 0.5549662734795064,
      "ATLAS_8\\ATLAS8-12y16.csv": 1.3369931203937035,
      "ATLAS_8\\ATLAS8-16y20.csv": 0.7291200746573447,
      "ATLAS_8\\ATLAS8-20y24.csv": 0.9078587080600288,
      "ATLAS_8\\ATLAS8-46Q66.csv": 0.4289024237002724,
      "CDF_I\\CDF1.csv": 0.4943601541409089,
      "CDF_II\\CDF2.csv": 0.6916481929203796,
      "CMS_7\\CMS7.csv": 1.4206213606907212,
      "CMS_8\\CMS8.csv": 0.7467433214350665,
      "CMS_13\\CMS13-00y04.csv": 1.353358327796402,
      "CMS_13\\CMS13-04y08.csv": 0.7806667358071129,
      "CMS_13\\CMS13-08y12.csv": 0.5176080434283652,
      "CMS_13\\CMS13-106Q170.csv": 0.7007779751811484,
      "CMS_13\\CMS13-12y16.csv": 0.2633389908439665,
      "CMS_13\\CMS13-16y24.csv": 0.27363615687146775,
      "CMS_13\\CMS13-170Q350.csv": 0.9584206369319531,
      "CMS_13\\CMS13-350Q1000.csv": 1.4296679652505155,
      "D0_I\\D01.csv": 0.6243898921225337,
      "D0_II\\D02.csv": 0.6122573781616965,
      "D0_II_mu\\D02mu.csv": 0.3262935766062964,
      "E288\\E228-200-4Q5.csv": 0.5468739266103667,
      "E288\\E228-200-5Q6.csv": 0.31309973668553737,
      "E288\\E228-200-6Q7.csv": 0.2912673451970829,
      "E288\\E228-200-7Q8.csv": 0.14768138536139816,
      "E288\\E228-200-8Q9.csv": 0.4705127323390136,
      "E288\\E228-300-11Q12.csv": 0.28340901789757683,
      "E288\\E228-300-4Q5.csv": 1.4726454825877562,
      "E288\\E228-300-5Q6.csv": 0.23332542822146896,
      "E288\\E228-300-6Q7.csv": 0.34060672685515253,
      "E288\\E228-300-7Q8.csv": 0.10994615547137557,
      "E288\\E228-300-8Q9.csv": 1.1441397217697402,
      "E288\\E228-400-11Q12.csv": 0.6777439817706936,
      "E288\\E228-400-12Q13.csv": 0.8819614884533166,
      "E288\\E228-400-13Q14.csv": 0.5662986415531863,
      "E288\\E228-400-5Q6.csv": 0.7677742489760289,
      "E288\\E228-400-6Q7.csv": 1.2937761715184524,
      "E288\\E228-400-7Q8.csv": 0.5349670124170963,
      "E288\\E228-400-8Q9.csv": 0.8048555964092194,
      "E605\\E605-10.5Q11.5.csv": 0.19813748885062946,
      "E605\\E605-11.5Q13.5.csv": 0.4222111507870462,
      "E605\\E605-13.5Q18.csv": 0.8198233979286378,
      "E605\\E605-7Q8.csv": 0.24387853905997986,
      "E605\\E605-8Q9.csv": 0.4357446038794596,
      "E772\\E772-11Q12.csv": 1.5922518559513874,
      "E772\\E772-12Q13.csv": 2.2845153853447413,
      "E772\\E772-13Q14.csv": 2.424920117685889,
      "E772\\E772-14Q15.csv": 0.21733499549176774,
      "LHCb_7\\LHCb7.csv": 0.9735601035642226,
      "LHCb_8\\LHCb8.csv": 0.7335109186863685,
      "LHCb_13\\LHCb13.csv": 0.6424406970667906,
      "STAR\\STAR510.csv": 1.231066997800968
    },
    "high_energy_rows": [
      {
        "file": "CMS_13\\CMS13-170Q350.csv",
        "chi2dN": 0.9584206369319531,
        "N": 10,
        "ratio_1": 1.0680752741389496,
        "data_1": 0.0344,
        "pred_1": 0.03674178943037987,
        "ratio_2": 1.0851830740133717,
        "data_2": 0.0781,
        "pred_2": 0.08475279808044434,
        "ratio_3": 1.0772946470328286,
        "data_3": 0.0902,
        "pred_3": 0.09717197716236115
      },
      {
        "file": "CMS_13\\CMS13-350Q1000.csv",
        "chi2dN": 1.4296679652505155,
        "N": 11,
        "ratio_1": 1.1009889060020948,
        "data_1": 0.00238,
        "pred_1": 0.0026203535962849855,
        "ratio_2": 1.1201792981772296,
        "data_2": 0.00565,
        "pred_2": 0.006329013034701347,
        "ratio_3": 1.0958989317367689,
        "data_3": 0.00699,
        "pred_3": 0.0076603335328400135
      },
      {
        "file": "ATLAS_8\\ATLAS8-00y04.csv",
        "chi2dN": 4.157307182735759,
        "N": 6,
        "ratio_1": 0.9728232738903632,
        "data_1": 3.257,
        "pred_1": 3.168485403060913,
        "ratio_2": 0.9852491394707186,
        "data_2": 6.708,
        "pred_2": 6.60905122756958,
        "ratio_3": 1.0005282190963203,
        "data_3": 6.714,
        "pred_3": 6.717546463012695
      },
      {
        "file": "ATLAS_8\\ATLAS8-04y08.csv",
        "chi2dN": 1.2858468036943285,
        "N": 6,
        "ratio_1": 0.9832472562715852,
        "data_1": 3.219,
        "pred_1": 3.1650729179382324,
        "ratio_2": 0.986134241697244,
        "data_2": 6.676,
        "pred_2": 6.583432197570801,
        "ratio_3": 0.9906974623743674,
        "data_3": 6.737,
        "pred_3": 6.674328804016113
      },
      {
        "file": "LHCb_8\\LHCb8.csv",
        "chi2dN": 0.7335109186863685,
        "N": 7,
        "ratio_1": 0.9276057703230948,
        "data_1": 3.592273,
        "pred_1": 3.3322131633758545,
        "ratio_2": 0.949306623961142,
        "data_2": 6.420833,
        "pred_2": 6.095339298248291,
        "ratio_3": 0.9693844127052533,
        "data_3": 6.340833,
        "pred_3": 6.14670467376709
      }
    ]
  },
  "fit": {
    "elapsed_s": 708.0834183999978,
    "nf": 7354,
    "flag": 0,
    "free_params": [
      1.0968982873699482,
      1.1528975334240414,
      -1.728827137214303,
      0.20460491816445714,
      0.690408586757603,
      0.13539413732329308,
      0.10774131502086141,
      0.10335199393433113,
      0.05637697450787643
    ],
    "log10_chi2": -0.08567081722424494,
    "stage1": [
      {
        "start_id": 15,
        "log10_chi2": -0.08483955895419494,
        "nf": 210,
        "flag": 1
      },
      {
        "start_id": 0,
        "log10_chi2": -0.08367678764469977,
        "nf": 210,
        "flag": 1
      },
      {
        "start_id": 16,
        "log10_chi2": -0.0832699914593887,
        "nf": 210,
        "flag": 1
      },
      {
        "start_id": 10,
        "log10_chi2": -0.08307509403527685,
        "nf": 210,
        "flag": 1
      },
      {
        "start_id": 8,
        "log10_chi2": -0.08288078207288009,
        "nf": 210,
        "flag": 1
      },
      {
        "start_id": 7,
        "log10_chi2": -0.08174384812847733,
        "nf": 210,
        "flag": 1
      },
      {
        "start_id": 11,
        "log10_chi2": -0.08061770244497686,
        "nf": 210,