{
  "candidate": "poly_bstar_cslog_cspower",
  "fit_name": "PolyBstarCSLogCSPower",
  "param_names": [
    "lambda1",
    "lambda2",
    "lambda3",
    "lambda4",
    "alpha",
    "BNP",
    "powerCS",
    "c0",
    "c1"
  ],
  "free_idx": [
    0,
    1,
    2,
    3,
    4,
    5,
    6,
    7,
    8
  ],
  "frozen_idx": [],
  "initial": {
    "full_params": [
      1.271211299,
      1.422691899,
      -2.255470261,
      0.2279521136,
      0.8326553368,
      1.5908064,
      0.0,
      0.07979997088,
      0.01963065934
    ],
    "free_params": [
      1.271211299,
      1.422691899,
      -2.255470261,
      0.2279521136,
      0.8326553368,
      1.5908064,
      0.0,
      0.07979997088,
      0.01963065934
    ],
    "metrics": {
      "chi2dN_total": 0.8340530572615429,
      "chi2dN_collider": 0.8969599225523126,
      "chi2dN_fixed_target": 0.7492241025512631,
      "highE_weighted_chi2dN": 1.5006418404138508,
      "highE_mean_ratio_first3": 1.0273536890846278,
      "highE_mean_absdev_first3": 0.052717992839671136,
      "highE_mean_signed_first3": 0.027353689084627632,
      "highE_mean_shortfall_first3": 0.012682151877521752,
      "highE_mean_overshoot_first3": 0.040035840962149384,
      "cms_highmass_mean_ratio_first3": 1.0993580180138065,
      "cms_highmass_mean_absdev_first3": 0.0993580180138065,
      "cms_highmass_mean_signed_first3": 0.0993580180138065,
      "zlike_mean_ratio_first3": 0.9793508031318416,
      "zlike_mean_absdev_first3": 0.02162464272358089,
      "zlike_mean_signed_first3": -0.020649196868158286,
      "compute_s": 0.045542
    },
    "per_file_chi2dN": {
      "ATLAS_7\\ATLAS7-00y10.csv": 0.4444388172566831,
      "ATLAS_7\\ATLAS7-10y20.csv": 3.353244682000805,
      "ATLAS_7\\ATLAS7-20y24.csv": 1.2861538986513,
      "ATLAS_8\\ATLAS8-00y04.csv": 3.4265531874253683,
      "ATLAS_8\\ATLAS8-04y08.csv": 1.195823639607958,
      "ATLAS_8\\ATLAS8-08y12.csv": 0.8676957096428385,
      "ATLAS_8\\ATLAS8-116Q150.csv": 0.5429640718813842,
      "ATLAS_8\\ATLAS8-12y16.csv": 1.1582631416829354,
      "ATLAS_8\\ATLAS8-16y20.csv": 0.9485953823036312,
      "ATLAS_8\\ATLAS8-20y24.csv": 0.9111407329385833,
      "ATLAS_8\\ATLAS8-46Q66.csv": 0.31969089793428934,
      "CDF_I\\CDF1.csv": 0.48652645388993276,
      "CDF_II\\CDF2.csv": 0.7552729154131648,
      "CMS_7\\CMS7.csv": 1.4492852442874207,
      "CMS_8\\CMS8.csv": 0.7378948523234428,
      "CMS_13\\CMS13-00y04.csv": 1.4159647803768374,
      "CMS_13\\CMS13-04y08.csv": 0.8485602106537693,
      "CMS_13\\CMS13-08y12.csv": 0.4756162824101305,
      "CMS_13\\CMS13-106Q170.csv": 0.8144377232396204,
      "CMS_13\\CMS13-12y16.csv": 0.2592938931690566,
      "CMS_13\\CMS13-16y24.csv": 0.2601020222413944,
      "CMS_13\\CMS13-170Q350.csv": 1.058097600964393,
      "CMS_13\\CMS13-350Q1000.csv": 1.547195492805738,
      "D0_I\\D01.csv": 0.6212831434738201,
      "D0_II\\D02.csv": 0.5942591731640399,
      "D0_II_mu\\D02mu.csv": 0.31623740834218794,
      "E288\\E228-200-4Q5.csv": 0.48392155794387054,
      "E288\\E228-200-5Q6.csv": 0.30834775644168366,
      "E288\\E228-200-6Q7.csv": 0.3118459744832594,
      "E288\\E228-200-7Q8.csv": 0.14468009891139827,
      "E288\\E228-200-8Q9.csv": 0.4375412751072641,
      "E288\\E228-300-11Q12.csv": 0.2843784109923428,
      "E288\\E228-300-4Q5.csv": 1.4146262601602124,
      "E288\\E228-300-5Q6.csv": 0.25811482555021714,
      "E288\\E228-300-6Q7.csv": 0.2763942529874791,
      "E288\\E228-300-7Q8.csv": 0.12268251145908035,
      "E288\\E228-300-8Q9.csv": 1.1390858793246221,
      "E288\\E228-400-11Q12.csv": 0.6856286430145861,
      "E288\\E228-400-12Q13.csv": 0.8730891324381579,
      "E288\\E228-400-13Q14.csv": 0.582865149920448,
      "E288\\E228-400-5Q6.csv": 0.7355866657073379,
      "E288\\E228-400-6Q7.csv": 1.2515344197341516,
      "E288\\E228-400-7Q8.csv": 0.600744255515535,
      "E288\\E228-400-8Q9.csv": 0.8278864132051129,
      "E605\\E605-10.5Q11.5.csv": 0.22771093356525932,
      "E605\\E605-11.5Q13.5.csv": 0.4495861840264484,
      "E605\\E605-13.5Q18.csv": 0.8803678070313722,
      "E605\\E605-7Q8.csv": 0.2503530896208337,
      "E605\\E605-8Q9.csv": 0.4126913429960875,
      "E772\\E772-11Q12.csv": 1.678964434976692,
      "E772\\E772-12Q13.csv": 2.4145462727310734,
      "E772\\E772-13Q14.csv": 2.4877007598669487,
      "E772\\E772-14Q15.csv": 0.21767924025984317,
      "LHCb_7\\LHCb7.csv": 0.8702809026426529,
      "LHCb_8\\LHCb8.csv": 0.6701837462638592,
      "LHCb_13\\LHCb13.csv": 0.6485150216468077,
      "STAR\\STAR510.csv": 1.2253593276127517
    },
    "high_energy_rows": [
      {
        "file": "CMS_13\\CMS13-170Q350.csv",
        "chi2dN": 1.058097600964393,
        "N": 10,
        "ratio_1": 1.0759235078165696,
        "data_1": 0.0344,
        "pred_1": 0.03701176866889,
        "ratio_2": 1.0931094042317662,
        "data_2": 0.0781,
        "pred_2": 0.08537184447050095,
        "ratio_3": 1.0836883520339915,
        "data_3": 0.0902,
        "pred_3": 0.09774868935346603
      },
      {
        "file": "CMS_13\\CMS13-350Q1000.csv",
        "chi2dN": 1.547195492805738,
        "N": 11,
        "ratio_1": 1.109969223059025,
        "data_1": 0.00238,
        "pred_1": 0.00264172675088048,
        "ratio_2": 1.1294026883830013,
        "data_2": 0.00565,
        "pred_2": 0.0063811251893639565,
        "ratio_3": 1.1040549325584854,
        "data_3": 0.00699,
        "pred_3": 0.007717343978583813
      },
      {
        "file": "ATLAS_8\\ATLAS8-00y04.csv",
        "chi2dN": 3.4265531874253683,
        "N": 6,
        "ratio_1": 0.9789715012341582,
        "data_1": 3.257,
        "pred_1": 3.1885101795196533,
        "ratio_2": 0.9914234982549113,
        "data_2": 6.708,
        "pred_2": 6.650468826293945,
        "ratio_3": 1.0043895063494017,
        "data_3": 6.714,
        "pred_3": 6.743471145629883
      },
      {
        "file": "ATLAS_8\\ATLAS8-04y08.csv",
        "chi2dN": 1.195823639607958,
        "N": 6,
        "ratio_1": 0.9892838606370759,
        "data_1": 3.219,
        "pred_1": 3.184504747390747,
        "ratio_2": 0.9922447713139958,
        "data_2": 6.676,
        "pred_2": 6.624226093292236,
        "ratio_3": 0.9945127258708467,
        "data_3": 6.737,
        "pred_3": 6.7000322341918945
      },
      {
        "file": "LHCb_8\\LHCb8.csv",
        "chi2dN": 0.6701837462638592,
        "N": 7,
        "ratio_1": 0.9344253376057775,
        "data_1": 3.592273,
        "pred_1": 3.356710910797119,
        "ratio_2": 0.9556558301841626,
        "data_2": 6.420833,
        "pred_2": 6.136106491088867,
        "ratio_3": 0.9732501967362458,
        "data_3": 6.340833,
        "pred_3": 6.17121696472168
      }
    ]
  },
  "fit": {
    "elapsed_s": 714.6690579999995,
    "nf": 7420,
    "flag": 0,
    "free_params": [
      1.1771512786032803,
      1.397811354730846,
      -1.1666744143804184,
      0.18053887982843075,
      0.0,
      0.8153632098071958,
      0.6476174173487403,
      0.06390849414177958,
      0.022088055469604347
    ],
    "log10_chi2": -0.09478526387919983,
    "stage1": [
      {
        "start_id": 2,
        "log10_chi2": -0.08387338904305025,
        "nf": 210,
        "flag": 1
      },
      {
        "start_id": 16,
        "log10_chi2": -0.08175908111971636,
        "nf": 210,
        "flag": 1
      },
      {
        "start_id": 1,
        "log10_chi2": -0.08105373550189551,
        "nf": 210,
        "flag": 1
      },
      {
        "start_id": 6,
        "log10_chi2": -0.08045865691968815,
        "nf": 210,
        "flag": 1
      },
      {
        "start_id": 7,
        "log10_chi2": -0.07987079549932487,
        "nf": 210,
        "flag": 1
      },
      {
        "start_id": 10,
        "log10_chi2": -0.079329846809005,
        "nf": 210,
        "flag": 1
      },
      {
        "start_id": 0,
        "log10_chi2": -0.07884145400028439,
        "nf": 210,
        "flag": 1
      },
      {
        "start_id": 11,