{
  "candidate": "fixed_gauss_basis",
  "fit_name": "BroadBump42FixedGaussBasis",
  "param_names": [
    "lambda1",
    "lambda3",
    "lambda4",
    "alpha",
    "amp",
    "BNP",
    "c0",
    "c1"
  ],
  "free_idx": [
    0,
    1,
    2,
    4,
    5,
    6,
    7
  ],
  "frozen_idx": [
    3
  ],
  "initial": {
    "full_params": [
      0.980700658,
      -1.966357021,
      0.03725458849,
      1.0,
      -0.360806494,
      1.434697456,
      0.07211146779,
      0.02675503832
    ],
    "free_params": [
      0.980700658,
      -1.966357021,
      0.03725458849,
      -0.360806494,
      1.434697456,
      0.07211146779,
      0.02675503832
    ],
    "metrics": {
      "chi2dN_total": 1.000351717034767,
      "chi2dN_collider": 0.9377368354036612,
      "chi2dN_fixed_target": 1.0847869362039857,
      "highE_weighted_chi2dN": 1.3602835092025167,
      "highE_mean_ratio_first3": 1.0345278736499561,
      "highE_mean_absdev_first3": 0.051724785309116665,
      "highE_mean_signed_first3": 0.03452787364995621,
      "highE_mean_shortfall_first3": 0.008598455829580232,
      "highE_mean_overshoot_first3": 0.043126329479536436,
      "cms_highmass_mean_ratio_first3": 1.107386707282241,
      "cms_highmass_mean_absdev_first3": 0.10738670728224102,
      "cms_highmass_mean_signed_first3": 0.10738670728224102,
      "zlike_mean_ratio_first3": 0.9859553178950997,
      "zlike_mean_absdev_first3": 0.01461683732703377,
      "zlike_mean_signed_first3": -0.014044682104900334,
      "compute_s": 0.0417293
    },
    "per_file_chi2dN": {
      "ATLAS_7\\ATLAS7-00y10.csv": 0.8003765742822955,
      "ATLAS_7\\ATLAS7-10y20.csv": 3.2175031171994335,
      "ATLAS_7\\ATLAS7-20y24.csv": 1.0296391954074504,
      "ATLAS_8\\ATLAS8-00y04.csv": 2.670814773684872,
      "ATLAS_8\\ATLAS8-04y08.csv": 1.1545785325412499,
      "ATLAS_8\\ATLAS8-08y12.csv": 0.3240668745068287,
      "ATLAS_8\\ATLAS8-116Q150.csv": 0.5690551612116226,
      "ATLAS_8\\ATLAS8-12y16.csv": 2.5515595011460834,
      "ATLAS_8\\ATLAS8-16y20.csv": 1.1697876687311026,
      "ATLAS_8\\ATLAS8-20y24.csv": 1.1494343677203538,
      "ATLAS_8\\ATLAS8-46Q66.csv": 0.9593405434046184,
      "CDF_I\\CDF1.csv": 0.5688220155679425,
      "CDF_II\\CDF2.csv": 0.7969744334927076,
      "CMS_7\\CMS7.csv": 1.451988337950791,
      "CMS_8\\CMS8.csv": 0.7275119210469341,
      "CMS_13\\CMS13-00y04.csv": 1.282654920699635,
      "CMS_13\\CMS13-04y08.csv": 0.8323364188222343,
      "CMS_13\\CMS13-08y12.csv": 0.4341590555400786,
      "CMS_13\\CMS13-106Q170.csv": 0.8302864795833201,
      "CMS_13\\CMS13-12y16.csv": 0.21350544844707667,
      "CMS_13\\CMS13-16y24.csv": 0.2225341957871328,
      "CMS_13\\CMS13-170Q350.csv": 1.1100428919944636,
      "CMS_13\\CMS13-350Q1000.csv": 1.5521061223304047,
      "D0_I\\D01.csv": 0.5742185403485628,
      "D0_II\\D02.csv": 0.9045682451062973,
      "D0_II_mu\\D02mu.csv": 0.4744977954970418,
      "E288\\E228-200-4Q5.csv": 0.33448373747539534,
      "E288\\E228-200-5Q6.csv": 0.26363875347204757,
      "E288\\E228-200-6Q7.csv": 0.4618496553338148,
      "E288\\E228-200-7Q8.csv": 0.5428704355456839,
      "E288\\E228-200-8Q9.csv": 0.4396365091180096,
      "E288\\E228-300-11Q12.csv": 0.39496727564969614,
      "E288\\E228-300-4Q5.csv": 1.3115059760644734,
      "E288\\E228-300-5Q6.csv": 0.3134358824928046,
      "E288\\E228-300-6Q7.csv": 0.5455990403997151,
      "E288\\E228-300-7Q8.csv": 0.20123594347772603,
      "E288\\E228-300-8Q9.csv": 1.0484183680894055,
      "E288\\E228-400-11Q12.csv": 0.9618097577779849,
      "E288\\E228-400-12Q13.csv": 1.115657749889886,
      "E288\\E228-400-13Q14.csv": 0.6755642751903502,
      "E288\\E228-400-5Q6.csv": 0.7456230705891845,
      "E288\\E228-400-6Q7.csv": 1.6164764248225172,
      "E288\\E228-400-7Q8.csv": 1.380195450092499,
      "E288\\E228-400-8Q9.csv": 1.556159082926792,
      "E605\\E605-10.5Q11.5.csv": 0.5380281750873432,
      "E605\\E605-11.5Q13.5.csv": 0.8111933259509008,
      "E605\\E605-13.5Q18.csv": 1.393997892979201,
      "E605\\E605-7Q8.csv": 0.22929553624599053,
      "E605\\E605-8Q9.csv": 0.5083272346418254,
      "E772\\E772-11Q12.csv": 2.453189901117429,
      "E772\\E772-12Q13.csv": 3.697259956584484,
      "E772\\E772-13Q14.csv": 3.823952201953684,
      "E772\\E772-14Q15.csv": 0.23112074931890936,
      "LHCb_7\\LHCb7.csv": 0.9168215328717123,
      "LHCb_8\\LHCb8.csv": 0.4693406093092637,
      "LHCb_13\\LHCb13.csv": 0.8542015651238785,
      "STAR\\STAR510.csv": 1.6823742288161676
    },
    "high_energy_rows": [
      {
        "file": "CMS_13\\CMS13-170Q350.csv",
        "chi2dN": 1.1100428919944636,
        "N": 10,
        "ratio_1": 1.085476386685704,
        "data_1": 0.0344,
        "pred_1": 0.03734038770198822,
        "ratio_2": 1.0961602309601866,
        "data_2": 0.0781,
        "pred_2": 0.08561011403799057,
        "ratio_3": 1.0846129013535188,
        "data_3": 0.0902,
        "pred_3": 0.0978320837020874
      },
      {
        "file": "CMS_13\\CMS13-350Q1000.csv",
        "chi2dN": 1.5521061223304047,
        "N": 11,
        "ratio_1": 1.131422512483697,
        "data_1": 0.00238,
        "pred_1": 0.002692785579711199,
        "ratio_2": 1.1397931164344857,
        "data_2": 0.00565,
        "pred_2": 0.006439831107854843,
        "ratio_3": 1.106855095775854,
        "data_3": 0.00699,
        "pred_3": 0.007736917119473219
      },
      {
        "file": "ATLAS_8\\ATLAS8-00y04.csv",
        "chi2dN": 2.670814773684872,
        "N": 6,
        "ratio_1": 0.9968252243496429,
        "data_1": 3.257,
        "pred_1": 3.246659755706787,
        "ratio_2": 0.9924855769640217,
        "data_2": 6.708,
        "pred_2": 6.657593250274658,
        "ratio_3": 1.0025746984996005,
        "data_3": 6.714,
        "pred_3": 6.731286525726318
      },
      {
        "file": "ATLAS_8\\ATLAS8-04y08.csv",
        "chi2dN": 1.1545785325412499,
        "N": 6,
        "ratio_1": 0.9975112643661097,
        "data_1": 3.219,
        "pred_1": 3.210988759994507,
        "ratio_2": 0.9909288978919503,
        "data_2": 6.676,
        "pred_2": 6.61544132232666,
        "ratio_3": 0.9940775066804369,
        "data_3": 6.737,
        "pred_3": 6.6971001625061035
      },
      {
        "file": "LHCb_8\\LHCb8.csv",
        "chi2dN": 0.4693406093092637,
        "N": 7,
        "ratio_1": 0.9631000945098142,
        "data_1": 3.592273,
        "pred_1": 3.4597184658050537,
        "ratio_2": 0.9604695526026663,
        "data_2": 6.420833,
        "pred_2": 6.1670145988464355,
        "ratio_3": 0.9756250451916545,
        "data_3": 6.340833,
        "pred_3": 6.186275482177734
      }
    ]
  },
  "fit": {
    "elapsed_s": 196.7535608000003,
    "nf": 2310,
    "flag": 0,
    "free_params": [
      1.0438059700252273,
      -2.058963161960248,
      0.06161148708366826,
      -0.2665763886272434,
      1.4472475659540942,
      0.07216971507751899,
      0.02569928881681337
    ],
    "log10_chi2": -0.0032253655220709256,
    "stage1": [
      {
        "start_id": 0,
        "log10_chi2": -0.0028659392919342173,
        "nf": 70,
        "flag": 1
      },
      {
        "start_id": 16,
        "log10_chi2": -0.0024286072813082997,
        "nf": 70,
        "flag": 1
      },
      {
        "start_id": 11,
        "log10_chi2": -0.0015078948603143765,
        "nf": 70,
        "flag": 1
      },
      {
        "start_id": 2,
        "log10_chi2": -0.0014412986648529645,
        "nf": 70,
        "flag": 1
      },
      {
        "start_id": 17,
        "log10_chi2": -0.0010650741335341382,
        "nf": 70,
        "flag": 1
      },
      {
        "start_id": 7,
        "log10_chi2": 0.006416197549373814,
        "nf": 70,
        "flag": 1
      },
      {
        "start_id": 3,
        "log10_chi2": 0.006841704506724472,
        "nf": 70,
        "flag": 1
      },
      {
        "start_id": 1,
        "log10_chi2": 0.010183571690368683,
        "nf": 70,