{
  "model": "poly_bstar_cslog_loggauss_reduced",
  "label": "Poly-x bstar + CSlog + loggauss reduced",
  "n_total": 465,
  "chi2dN_total": 0.8275756868258659,
  "chi2_total": 384.82269437402766,
  "highE_mean_absdev_first3": 0.05145336085963513,
  "highE_mean_shortfall_first3": 0.010487428470880519,
  "hessian_evals": 163,
  "grad_norm_log10": 0.058789074441839714,
  "hessian_min_eig": 4658.109752523446,
  "hessian_max_eig": 1033330.5381151496
}