model,test,fixed_map,chi2dN_total,chi2_total,highE_mean_absdev_first3,highE_mean_shortfall_first3,delta_chi2dN,delta_chi2_total,delta_absdev,delta_shortfall,fit_evals,fit_elapsed_s
poly_bstar_cslog_loggauss_reduced,c0_zero,"{""c0"": 0.0}",1.2598486517100385,585.8296230451679,0.06598873799485583,0.018592469245244544,0.4322718361717778,201.00640381987668,0.014535343021433188,0.008105020609459302,90,7.553885799999989
poly_bstar_cslog_loggauss_reduced,lambda1_zero,"{""lambda1"": 0.0}",0.9212261637440403,428.37016614097877,0.05448445184390552,0.015287942211247008,0.09364934820577964,43.54694691568753,0.0030310568704828775,0.004800493575461766,90,7.30593269999963
poly_bstar_cslog_loggauss_reduced,lambda2_zero,"{""lambda2"": 0.0}",0.8824671690093358,410.3472335893411,0.05079099289391639,0.011387318067939895,0.05489035347107507,25.524014364049908,-0.0006624020795062482,0.0008998694321546534,90,7.3356205000000045
