model,test,fixed_map,chi2dN_total,chi2_total,highE_mean_absdev_first3,highE_mean_shortfall_first3,delta_chi2dN,delta_chi2_total,delta_absdev,delta_shortfall,fit_evals,fit_elapsed_s
poly_bstar_cslog_loggauss_reduced,c1_zero,"{""c1"": 0.0}",1.0007493363613917,465.34844140804717,0.05241552067480106,0.019811867669887413,0.17317364953552583,80.52574703401952,0.0009621598151659319,0.009324439199006895,90,7.532719600000291
poly_bstar_cslog_loggauss_reduced,bump_off,"{""amp"": 0.0, ""logx0"": -4.58250621488, ""sigx"": 0.297130628652}",0.8580449272199498,398.9908911572767,0.0531546175333631,0.011197691597442121,0.03046924039408394,14.168196783249032,0.0017012566737279675,0.0007102631265616024,90,7.693595100000039
poly_bstar_cslog_loggauss_reduced,lambda4_zero,"{""lambda4"": 0.0}",0.8435992878185825,392.2736688356409,0.05215156701849207,0.00946880756377729,0.016023600992716602,7.45097446161322,0.0006982061588569413,-0.001018620907103229,90,7.676185899999837
