model,test,fixed_map,chi2dN_total,chi2_total,highE_mean_absdev_first3,highE_mean_shortfall_first3,delta_chi2dN,delta_chi2_total,delta_absdev,delta_shortfall,fit_evals,fit_elapsed_s
poly_bstar_cslog_alpha1,c1_zero,"{""c1"": 0.0}",1.0187282736317476,473.70864723876264,0.05436138939088337,0.021850713084496612,0.1815594250265885,84.42513263736366,0.0013981306497501886,0.009338241811208502,90,7.6493963999996595
poly_bstar_cslog_alpha1,lambda3_zero,"{""lambda3"": 0.0}",0.9131316351929398,424.606210364717,0.0581050253008937,0.015243519316725459,0.07596278658778077,35.32269576331806,0.005141766559760522,0.002731048043437349,90,7.407682100000329
poly_bstar_cslog_alpha1,lambda4_zero,"{""lambda4"": 0.0}",0.9047266838865595,420.6979080072502,0.05509738996708614,0.01574119588582806,0.06755783528140047,31.414393405851218,0.002134131225952955,0.00322872461253995,90,7.726453700000093
