{
  "candidate": "xbar_quad_logpair_fixedbump_lambda4_zero_nested",
  "fit_name": "BroadBump42XbarQuadLogPairFixedBumpNoLambda4",
  "fit": {
    "free_params": [
      0.9799403984891856,
      -1.9791953417664025,
      0.035418570282869766,
      -0.3702365710544422,
      1.4396437251077758,
      0.07185643158617572,
      0.026683907735830504
    ],
    "nf": 233,
    "elapsed_s": 20.34462600000188,
    "flag": 0,
    "stage1_best_log10": -0.004890473365834148,
    "polish_log10": -0.004901180989639372
  },
  "best": {
    "full_params": [
      0.9799403984891856,
      -1.9791953417664025,
      0.035418570282869766,
      0.0,
      1.0,
      -5.066956907,
      0.8404967035,
      -0.3702365710544422,
      1.4396437251077758,
      0.07185643158617572,
      0.026683907735830504
    ],
    "free_params": [
      0.9799403984891856,
      -1.9791953417664025,
      0.035418570282869766,
      -0.3702365710544422,
      1.4396437251077758,
      0.07185643158617572,
      0.026683907735830504
    ],
    "metrics": {
      "chi2dN_total": 0.988781511039745,
      "chi2dN_collider": 0.9174240998373852,
      "chi2dN_fixed_target": 1.0850058988732305,
      "highE_weighted_chi2dN": 1.3732727226316268,
      "highE_mean_ratio_first3": 1.0325043183678495,
      "highE_mean_absdev_first3": 0.05241383996179324,
      "highE_mean_signed_first3": 0.032504318367849394,
      "highE_mean_shortfall_first3": 0.00995476079697192,
      "highE_mean_overshoot_first3": 0.04245907916482131,
      "cms_highmass_mean_ratio_first3": 1.1055431706661558,
      "cms_highmass_mean_absdev_first3": 0.10554317066615589,
      "cms_highmass_mean_signed_first3": 0.10554317066615589,
      "zlike_mean_ratio_first3": 0.9838117501689783,
      "zlike_mean_absdev_first3": 0.016994286158884802,
      "zlike_mean_signed_first3": -0.016188249831021604,
      "compute_s": 0.0380702
    },
    "per_file_chi2dN": {
      "ATLAS_7\\ATLAS7-00y10.csv": 0.5917628887944458,
      "ATLAS_7\\ATLAS7-10y20.csv": 3.3692584976505073,
      "ATLAS_7\\ATLAS7-20y24.csv": 1.1749308702381938,
      "ATLAS_8\\ATLAS8-00y04.csv": 2.9142405808921428,
      "ATLAS_8\\ATLAS8-04y08.csv": 1.0204196280396605,
      "ATLAS_8\\ATLAS8-08y12.csv": 0.3496720604221366,
      "ATLAS_8\\ATLAS8-116Q150.csv": 0.5584275749818393,
      "ATLAS_8\\ATLAS8-12y16.csv": 2.1558288635012817,
      "ATLAS_8\\ATLAS8-16y20.csv": 1.0007859194371258,
      "ATLAS_8\\ATLAS8-20y24.csv": 1.0215495307361797,
      "ATLAS_8\\ATLAS8-46Q66.csv": 0.9021477885068172,
      "CDF_I\\CDF1.csv": 0.5422003461544171,
      "CDF_II\\CDF2.csv": 0.7363004081325428,
      "CMS_7\\CMS7.csv": 1.439836558967458,
      "CMS_8\\CMS8.csv": 0.744584818163472,
      "CMS_13\\CMS13-00y04.csv": 1.3012182052732817,
      "CMS_13\\CMS13-04y08.csv": 0.8314180692187804,
      "CMS_13\\CMS13-08y12.csv": 0.43505386784129285,
      "CMS_13\\CMS13-106Q170.csv": 0.8320591015647664,
      "CMS_13\\CMS13-12y16.csv": 0.21431369583228793,
      "CMS_13\\CMS13-16y24.csv": 0.22284404156816398,
      "CMS_13\\CMS13-170Q350.csv": 1.0966936375374028,
      "CMS_13\\CMS13-350Q1000.csv": 1.5517118350171244,
      "D0_I\\D01.csv": 0.5799151760440509,
      "D0_II\\D02.csv": 0.7985343152747939,
      "D0_II_mu\\D02mu.csv": 0.5702037925160915,
      "E288\\E228-200-4Q5.csv": 0.3374204691396416,
      "E288\\E228-200-5Q6.csv": 0.26368144045509706,
      "E288\\E228-200-6Q7.csv": 0.4623305507630689,
      "E288\\E228-200-7Q8.csv": 0.5418125785229961,
      "E288\\E228-200-8Q9.csv": 0.44004447971430655,
      "E288\\E228-300-11Q12.csv": 0.39543842513688277,
      "E288\\E228-300-4Q5.csv": 1.316835615776422,
      "E288\\E228-300-5Q6.csv": 0.31323133137693493,
      "E288\\E228-300-6Q7.csv": 0.5412515198088755,
      "E288\\E228-300-7Q8.csv": 0.20159428626142334,
      "E288\\E228-300-8Q9.csv": 1.0558133030756343,
      "E288\\E228-400-11Q12.csv": 0.9611749113240581,
      "E288\\E228-400-12Q13.csv": 1.1164157893714435,
      "E288\\E228-400-13Q14.csv": 0.675670719395837,
      "E288\\E228-400-5Q6.csv": 0.7468147783238012,
      "E288\\E228-400-6Q7.csv": 1.614626015654724,
      "E288\\E228-400-7Q8.csv": 1.392894690424492,
      "E288\\E228-400-8Q9.csv": 1.5611051603753847,
      "E605\\E605-10.5Q11.5.csv": 0.5353503457280094,
      "E605\\E605-11.5Q13.5.csv": 0.8068418610467861,
      "E605\\E605-13.5Q18.csv": 1.3890919031583568,
      "E605\\E605-7Q8.csv": 0.2291198602294035,
      "E605\\E605-8Q9.csv": 0.5094503028214986,
      "E772\\E772-11Q12.csv": 2.452123010670482,
      "E772\\E772-12Q13.csv": 3.693780494672561,
      "E772\\E772-13Q14.csv": 3.8291699485360655,
      "E772\\E772-14Q15.csv": 0.23152986698088965,
      "LHCb_7\\LHCb7.csv": 0.920156174333742,
      "LHCb_8\\LHCb8.csv": 0.4695972987302645,
      "LHCb_13\\LHCb13.csv": 0.8443338828413366,
      "STAR\\STAR510.csv": 1.6846981033130315
    }
  }
}