model,label,test,fixed_map,chi2dN_total,chi2_total,highE_mean_absdev_first3,highE_mean_shortfall_first3,delta_chi2dN,delta_chi2_total,delta_absdev,delta_shortfall,fit_evals,fit_elapsed_s
poly_bstar_cslog_loggauss_42broadsig,PolyBstarCSLogLogGauss42BroadSig,c0_zero,"{""c0"": 0.0}",1.9933022257542548,926.8855349757284,0.07225294640526471,0.022387601758586673,0.9977995948386391,463.97681159996716,0.02128662039831751,0.013033218540952926,180,14.47284280000008
poly_bstar_cslog_loggauss_42broadsig,PolyBstarCSLogLogGauss42BroadSig,lambda3_zero,"{""lambda3"": 0.0}",1.4450340472337266,671.9408319636829,0.0583872377890032,0.01443495731935096,0.449531416318111,209.0321085879216,0.007420911782055999,0.005080574101717214,180,15.370790299999953
poly_bstar_cslog_loggauss_42broadsig,PolyBstarCSLogLogGauss42BroadSig,c1_zero,"{""c1"": 0.0}",1.18784771050048,552.3491853827232,0.0530273493548551,0.019865343624280874,0.19234507958486446,89.44046200696198,0.002061023347907899,0.010510960406647127,180,14.619611300000088
poly_bstar_cslog_loggauss_42broadsig,PolyBstarCSLogLogGauss42BroadSig,bump_off,"{""amp"": 0.0, ""logx0"": -6.265050331, ""sigx"": 1.088547987}",1.1185340810528859,520.1183476895919,0.05402962468920654,0.010888481290727881,0.12303145013727024,57.20962431383066,0.0030632986822593383,0.0015340980730941343,180,15.207394900000054
poly_bstar_cslog_loggauss_42broadsig,PolyBstarCSLogLogGauss42BroadSig,alpha_one,"{""alpha"": 1.0}",1.0478855752819631,487.26679250611284,0.052792945110509484,0.010741022750190043,0.052382944366347495,24.358069130351584,0.0018266191035622853,0.0013866395325562962,180,15.126416600000084
poly_bstar_cslog_loggauss_42broadsig,PolyBstarCSLogLogGauss42BroadSig,lambda4_zero,"{""lambda4"": 0.0}",1.0207903817710446,474.66752752353574,0.04972821810695833,0.00931021143154768,0.025287750855429003,11.758804147774487,-0.0012381078999888703,-4.4171786086066867e-05,180,14.879336799999919
poly_bstar_cslog_loggauss_42broadsig,PolyBstarCSLogLogGauss42BroadSig,lambda1_zero,"{""lambda1"": 0.0}",1.0159869326940307,472.4339237027243,0.05130460841745663,0.008680804135232445,0.020484301778415093,9.525200326963018,0.00033828241050943425,-0.0006735790824013016,180,14.889651600000207
poly_bstar_cslog_loggauss_42broadsig,PolyBstarCSLogLogGauss42BroadSig,lambda2_zero,"{""lambda2"": 0.0}",1.00814513158385,468.7874861864903,0.0512561961373492,0.008847899310609874,0.012642500668234469,5.878762810729028,0.0002898701304019993,-0.000506483907023873,180,15.206615900000088
