{
  "candidate": "art23_mu_poly_bstar_cslog",
  "fit_name": "Art23FamilyMuPolyBstarCSLog",
  "param_names": [
    "lambda1",
    "lambda2",
    "lambda3",
    "lambda4",
    "alpha",
    "BNP",
    "c0",
    "c1"
  ],
  "free_idx": [
    0,
    1,
    2,
    3,
    4,
    5,
    6,
    7
  ],
  "frozen_idx": [],
  "initial": {
    "full_params": [
      0.4530263682,
      0.8045073983,
      0.0,
      0.0,
      1.0,
      1.450008683,
      0.07419699259,
      0.02150711006
    ],
    "free_params": [
      0.4530263682,
      0.8045073983,
      0.0,
      0.0,
      1.0,
      1.450008683,
      0.07419699259,
      0.02150711006
    ],
    "metrics": {
      "chi2dN_total": 0.8563705713140236,
      "chi2dN_collider": 0.9429393172718374,
      "chi2dN_fixed_target": 0.7396339290375779,
      "highE_weighted_chi2dN": 1.5633645931794704,
      "highE_mean_ratio_first3": 1.0285254500453238,
      "highE_mean_absdev_first3": 0.05421462640455409,
      "highE_mean_signed_first3": 0.02852545004532383,
      "highE_mean_shortfall_first3": 0.012844588179615127,
      "highE_mean_overshoot_first3": 0.04137003822493896,
      "cms_highmass_mean_ratio_first3": 1.1026062259656224,
      "cms_highmass_mean_absdev_first3": 0.10260622596562234,
      "cms_highmass_mean_signed_first3": 0.10260622596562234,
      "zlike_mean_ratio_first3": 0.9791382660984582,
      "zlike_mean_absdev_first3": 0.021953560030508586,
      "zlike_mean_signed_first3": -0.02086173390154184,
      "compute_s": 0.0434996
    },
    "per_file_chi2dN": {
      "ATLAS_7\\ATLAS7-00y10.csv": 0.5050063114332053,
      "ATLAS_7\\ATLAS7-10y20.csv": 3.6576426047749018,
      "ATLAS_7\\ATLAS7-20y24.csv": 1.6413487198772272,
      "ATLAS_8\\ATLAS8-00y04.csv": 4.125855905296194,
      "ATLAS_8\\ATLAS8-04y08.csv": 1.1672211190533626,
      "ATLAS_8\\ATLAS8-08y12.csv": 0.7042108524400156,
      "ATLAS_8\\ATLAS8-116Q150.csv": 0.5336955997581584,
      "ATLAS_8\\ATLAS8-12y16.csv": 1.281605586255157,
      "ATLAS_8\\ATLAS8-16y20.csv": 1.113586542922321,
      "ATLAS_8\\ATLAS8-20y24.csv": 0.83434874859008,
      "ATLAS_8\\ATLAS8-46Q66.csv": 0.575557130631435,
      "CDF_I\\CDF1.csv": 0.5227979517451841,
      "CDF_II\\CDF2.csv": 0.763341632802522,
      "CMS_7\\CMS7.csv": 1.4432488191338473,
      "CMS_8\\CMS8.csv": 0.7853211900942914,
      "CMS_13\\CMS13-00y04.csv": 1.4387014034613341,
      "CMS_13\\CMS13-04y08.csv": 0.8533199548757895,
      "CMS_13\\CMS13-08y12.csv": 0.4559165250601923,
      "CMS_13\\CMS13-106Q170.csv": 0.7749441690384087,
      "CMS_13\\CMS13-12y16.csv": 0.24761266852984237,
      "CMS_13\\CMS13-16y24.csv": 0.2711883990738087,
      "CMS_13\\CMS13-170Q350.csv": 1.0607055112884405,
      "CMS_13\\CMS13-350Q1000.csv": 1.5445183320803257,
      "D0_I\\D01.csv": 0.5695475207210596,
      "D0_II\\D02.csv": 0.7131846259717068,
      "D0_II_mu\\D02mu.csv": 0.36002903167321465,
      "E288\\E228-200-4Q5.csv": 0.5418192369694047,
      "E288\\E228-200-5Q6.csv": 0.32320505944836,
      "E288\\E228-200-6Q7.csv": 0.282832866254484,
      "E288\\E228-200-7Q8.csv": 0.19460707667427884,
      "E288\\E228-200-8Q9.csv": 0.5014428631390475,
      "E288\\E228-300-11Q12.csv": 0.2925613681383337,
      "E288\\E228-300-4Q5.csv": 1.4917000678318875,
      "E288\\E228-300-5Q6.csv": 0.2392439310115822,
      "E288\\E228-300-6Q7.csv": 0.4136618186709405,
      "E288\\E228-300-7Q8.csv": 0.08825698803952653,
      "E288\\E228-300-8Q9.csv": 1.042531649729328,
      "E288\\E228-400-11Q12.csv": 0.7001071062523382,
      "E288\\E228-400-12Q13.csv": 0.8342935814896388,
      "E288\\E228-400-13Q14.csv": 0.5804697937757131,
      "E288\\E228-400-5Q6.csv": 0.8290361850496855,
      "E288\\E228-400-6Q7.csv": 1.3316368912982988,
      "E288\\E228-400-7Q8.csv": 0.5376898810672261,
      "E288\\E228-400-8Q9.csv": 0.8027621714746135,
      "E605\\E605-10.5Q11.5.csv": 0.18396230365627142,
      "E605\\E605-11.5Q13.5.csv": 0.3661189194462611,
      "E605\\E605-13.5Q18.csv": 0.8096185982986341,
      "E605\\E605-7Q8.csv": 0.23428136753052797,
      "E605\\E605-8Q9.csv": 0.5120409807209481,
      "E772\\E772-11Q12.csv": 1.6344516722680786,
      "E772\\E772-12Q13.csv": 2.2566593982212946,
      "E772\\E772-13Q14.csv": 2.5859332929538126,
      "E772\\E772-14Q15.csv": 0.21784516678058474,
      "LHCb_7\\LHCb7.csv": 0.8789338641636648,
      "LHCb_8\\LHCb8.csv": 0.4541949736162144,
      "LHCb_13\\LHCb13.csv": 0.8336879578735237,
      "STAR\\STAR510.csv": 1.466388605647786
    },
    "high_energy_rows": [
      {
        "file": "CMS_13\\CMS13-170Q350.csv",
        "chi2dN": 1.0607055112884405,
        "N": 10,
        "ratio_1": 1.0786140554173047,
        "data_1": 0.0344,
        "pred_1": 0.037104323506355286,
        "ratio_2": 1.093606236802173,
        "data_2": 0.0781,
        "pred_2": 0.08541064709424973,
        "ratio_3": 1.0833126841786167,
        "data_3": 0.0902,
        "pred_3": 0.09771480411291122
      },
      {
        "file": "CMS_13\\CMS13-350Q1000.csv",
        "chi2dN": 1.5445183320803257,
        "N": 11,
        "ratio_1": 1.1211981167312428,
        "data_1": 0.00238,
        "pred_1": 0.0026684515178203583,
        "ratio_2": 1.1344040554445403,
        "data_2": 0.00565,
        "pred_2": 0.006409382913261652,
        "ratio_3": 1.1045022072198565,
        "data_3": 0.00699,
        "pred_3": 0.007720470428466797
      },
      {
        "file": "ATLAS_8\\ATLAS8-00y04.csv",
        "chi2dN": 4.125855905296194,
        "N": 6,
        "ratio_1": 0.9691535895830434,
        "data_1": 3.257,
        "pred_1": 3.1565332412719727,
        "ratio_2": 0.9874234117065502,
        "data_2": 6.708,
        "pred_2": 6.623636245727539,
        "ratio_3": 1.0049132175803503,
        "data_3": 6.714,
        "pred_3": 6.746987342834473
      },
      {
        "file": "ATLAS_8\\ATLAS8-04y08.csv",
        "chi2dN": 1.1672211190533626,
        "N": 6,
        "ratio_1": 0.9811126730315395,
        "data_1": 3.219,
        "pred_1": 3.1582016944885254,
        "ratio_2": 0.9888309143916656,
        "data_2": 6.676,
        "pred_2": 6.60143518447876,
        "ratio_3": 0.9948720701267763,
        "data_3": 6.737,
        "pred_3": 6.702453136444092
      },
      {
        "file": "LHCb_8\\LHCb8.csv",
        "chi2dN": 0.4541949736162144,
        "N": 7,
        "ratio_1": 0.9558361147880813,
        "data_1": 3.592273,
        "pred_1": 3.433624267578125,
        "ratio_2": 0.9610080413367809,
        "data_2": 6.420833,
        "pred_2": 6.170472145080566,
        "ratio_3": 0.969094362341336,
        "data_3": 6.340833,
        "pred_3": 6.1448655128479
      }
    ]
  },
  "fit": {
    "elapsed_s": 276.4191234,
    "nf": 3401,
    "flag": 0,
    "free_params": [
      1.0406804866648454,
      0.9985009691196243,
      -1.1518383591866659,
      0.19007982796792078,
      0.8742210337799134,
      1.5227054683784513,
      0.08189228180624657,
      0.020284047038054313
    ],
    "log10_chi2": -0.07801008201654056,
    "stage1": [
      {
        "start_id": 2,
        "log10_chi2": -0.07591687935611677,
        "nf": 90,
        "flag": 1
      },
      {
        "start_id": 7,
        "log10_chi2": -0.07376702454724923,
        "nf": 90,
        "flag": 1
      },
      {
        "start_id": 11,
        "log10_chi2": -0.07050416406678973,
        "nf": 90,
        "flag": 1
      },
      {
        "start_id": 0,
        "log10_chi2": -0.06939894715620551,
        "nf": 90,
        "flag": 1
      },
      {
        "start_id": 15,
        "log10_chi2": -0.0690676874595554,
        "nf": 90,
        "flag": 1
      },
      {
        "start_id": 6,
        "log10_chi2": -0.06840960312377745,
        "nf": 90,
        "flag": 1
      },
      {
        "start_id": 17,
        "log10_chi2": -0.06779569430519243,
        "nf": 90,
        "flag": 1
      },
      {
        "start_id": 4,
        "log10_chi2": -0.06687448785038104,
        "nf": 90,