{
  "candidate": "baseline_unfrozen",
  "fit_name": "AutoBaselineUnfrozen",
  "param_names": [
    "g2",
    "bmax_CS",
    "power_CS",
    "a1",
    "a2",
    "a3",
    "a4",
    "b1",
    "b2",
    "b3",
    "a"
  ],
  "free_idx": [
    0,
    1,
    2,
    3,
    4,
    5,
    6,
    7,
    8,
    9,
    10
  ],
  "frozen_idx": [],
  "initial": {
    "full_params": [
      0.50903666,
      1.2073716,
      0.9093148,
      2.8733068,
      -0.0066525186,
      0.0,
      0.0,
      -3.0842779,
      0.15909232,
      0.0,
      0.0
    ],
    "free_params": [
      0.50903666,
      1.2073716,
      0.9093148,
      2.8733068,
      -0.0066525186,
      0.0,
      0.0,
      -3.0842779,
      0.15909232,
      0.0,
      0.0
    ],
    "metrics": {
      "chi2dN_total": 0.839996237960185,
      "chi2dN_collider": 1.0135301983752685,
      "chi2dN_fixed_target": 0.6059883216428757,
      "highE_weighted_chi2dN": 1.627845590902798,
      "highE_mean_ratio_first3": 1.0147344350991827,
      "highE_mean_absdev_first3": 0.054964109585953214,
      "highE_mean_signed_first3": 0.014734435099182826,
      "highE_mean_shortfall_first3": 0.020114837243385194,
      "highE_mean_overshoot_first3": 0.03484927234256802,
      "cms_highmass_mean_ratio_first3": 1.08712318085642,
      "cms_highmass_mean_absdev_first3": 0.08712318085642005,
      "cms_highmass_mean_signed_first3": 0.08712318085642005,
      "zlike_mean_ratio_first3": 0.9664752712610246,
      "zlike_mean_absdev_first3": 0.03352472873897532,
      "zlike_mean_signed_first3": -0.03352472873897532,
      "compute_s": 0.0392031
    },
    "per_file_chi2dN": {
      "ATLAS_7\\ATLAS7-00y10.csv": 1.2243232686478043,
      "ATLAS_7\\ATLAS7-10y20.csv": 4.602310809327734,
      "ATLAS_7\\ATLAS7-20y24.csv": 1.7540483035043095,
      "ATLAS_8\\ATLAS8-00y04.csv": 3.2409377143123876,
      "ATLAS_8\\ATLAS8-04y08.csv": 1.6507635690238718,
      "ATLAS_8\\ATLAS8-08y12.csv": 1.8423859126360778,
      "ATLAS_8\\ATLAS8-116Q150.csv": 0.4593527641622557,
      "ATLAS_8\\ATLAS8-12y16.csv": 1.1237237452307924,
      "ATLAS_8\\ATLAS8-16y20.csv": 1.4173327096281234,
      "ATLAS_8\\ATLAS8-20y24.csv": 0.894055943091916,
      "ATLAS_8\\ATLAS8-46Q66.csv": 0.5295740201907922,
      "CDF_I\\CDF1.csv": 0.45788188638306065,
      "CDF_II\\CDF2.csv": 0.8510025719701042,
      "CMS_7\\CMS7.csv": 1.593035269522081,
      "CMS_8\\CMS8.csv": 0.8790631433194553,
      "CMS_13\\CMS13-00y04.csv": 1.4817558404371807,
      "CMS_13\\CMS13-04y08.csv": 0.845625004469151,
      "CMS_13\\CMS13-08y12.csv": 0.509353629974345,
      "CMS_13\\CMS13-106Q170.csv": 0.6209349934931186,
      "CMS_13\\CMS13-12y16.csv": 0.25925648412447944,
      "CMS_13\\CMS13-16y24.csv": 0.25497206989794424,
      "CMS_13\\CMS13-170Q350.csv": 0.905477963747326,
      "CMS_13\\CMS13-350Q1000.csv": 1.5171179930979009,
      "D0_I\\D01.csv": 0.6136881142704391,
      "D0_II\\D02.csv": 0.2678296428325426,
      "D0_II_mu\\D02mu.csv": 0.19460069834520918,
      "E288\\E228-200-4Q5.csv": 0.3637506821755018,
      "E288\\E228-200-5Q6.csv": 0.3457601159063842,
      "E288\\E228-200-6Q7.csv": 0.36907200938727386,
      "E288\\E228-200-7Q8.csv": 0.20711619470901993,
      "E288\\E228-200-8Q9.csv": 0.6497058368361905,
      "E288\\E228-300-11Q12.csv": 0.26255539008853845,
      "E288\\E228-300-4Q5.csv": 1.4093248035094605,
      "E288\\E228-300-5Q6.csv": 0.28338372149909175,
      "E288\\E228-300-6Q7.csv": 0.2515817897512138,
      "E288\\E228-300-7Q8.csv": 0.14206477967084696,
      "E288\\E228-300-8Q9.csv": 0.997144837737513,
      "E288\\E228-400-11Q12.csv": 0.5639942166578147,
      "E288\\E228-400-12Q13.csv": 0.5844195103892457,
      "E288\\E228-400-13Q14.csv": 0.3845643195512926,
      "E288\\E228-400-5Q6.csv": 0.8478252843565172,
      "E288\\E228-400-6Q7.csv": 1.1903838410038639,
      "E288\\E228-400-7Q8.csv": 0.27859397048926116,
      "E288\\E228-400-8Q9.csv": 0.6031933260074325,
      "E605\\E605-10.5Q11.5.csv": 0.17564035810640255,
      "E605\\E605-11.5Q13.5.csv": 0.3377594497350733,
      "E605\\E605-13.5Q18.csv": 0.6345025333998032,
      "E605\\E605-7Q8.csv": 0.23567835156361552,
      "E605\\E605-8Q9.csv": 0.40223750267713365,
      "E772\\E772-11Q12.csv": 1.4380115557321593,
      "E772\\E772-12Q13.csv": 1.6820251320937465,
      "E772\\E772-13Q14.csv": 1.72025292568061,
      "E772\\E772-14Q15.csv": 0.2719422347621089,
      "LHCb_7\\LHCb7.csv": 1.1219761433051847,
      "LHCb_8\\LHCb8.csv": 1.4315054820777426,
      "LHCb_13\\LHCb13.csv": 0.839048869463206,
      "STAR\\STAR510.csv": 1.0786638868499943
    },
    "high_energy_rows": [
      {
        "file": "CMS_13\\CMS13-170Q350.csv",
        "chi2dN": 0.905477963747326,
        "N": 10,
        "ratio_1": 1.060586357705815,
        "data_1": 0.0344,
        "pred_1": 0.03648417070508003,
        "ratio_2": 1.0816407570002478,
        "data_2": 0.0781,
        "pred_2": 0.08447614312171936,
        "ratio_3": 1.0760997457144794,
        "data_3": 0.0902,
        "pred_3": 0.09706419706344604
      },
      {
        "file": "CMS_13\\CMS13-350Q1000.csv",
        "chi2dN": 1.5171179930979009,
        "N": 11,
        "ratio_1": 1.0936013266381595,
        "data_1": 0.00238,
        "pred_1": 0.00260277115739882,
        "ratio_2": 1.1159815883214494,
        "data_2": 0.00565,
        "pred_2": 0.00630529597401619,
        "ratio_3": 1.0948293097583692,
        "data_3": 0.00699,
        "pred_3": 0.0076528568752110004
      },
      {
        "file": "ATLAS_8\\ATLAS8-00y04.csv",
        "chi2dN": 3.2409377143123876,
        "N": 6,
        "ratio_1": 0.9606239581203255,
        "data_1": 3.257,
        "pred_1": 3.1287522315979004,
        "ratio_2": 0.9812481999041853,
        "data_2": 6.708,
        "pred_2": 6.582212924957275,
        "ratio_3": 0.999600680626536,
        "data_3": 6.714,
        "pred_3": 6.7113189697265625
      },
      {
        "file": "ATLAS_8\\ATLAS8-04y08.csv",
        "chi2dN": 1.6507635690238718,
        "N": 6,
        "ratio_1": 0.9724168016066941,
        "data_1": 3.219,
        "pred_1": 3.1302096843719482,
        "ratio_2": 0.982654744668804,
        "data_2": 6.676,
        "pred_2": 6.5602030754089355,
        "ratio_3": 0.9895933122084228,
        "data_3": 6.737,
        "pred_3": 6.6668901443481445
      },
      {
        "file": "LHCb_8\\LHCb8.csv",
        "chi2dN": 1.4315054820777426,
        "N": 7,
        "ratio_1": 0.9133750150167356,
        "data_1": 3.592273,
        "pred_1": 3.281092405319214,
        "ratio_2": 0.9380286602831891,
        "data_2": 6.420833,
        "pred_2": 6.02292537689209,
        "ratio_3": 0.9607360689143297,
        "data_3": 6.340833,
        "pred_3": 6.091866970062256
      }
    ]
  },
  "fit": {
    "elapsed_s": 291.55446519999987,
    "nf": 3560,
    "flag": 1,
    "free_params": [
      0.5077089722187393,
      1.272538004219955,
      0.9078091518051198,
      3.289140682587954,
      0.053204399931278346,
      -0.7733106134384595,
      0.005999356992035021,
      -0.4361943775788255,
      0.8632100552049433,
      -1.5517079973691779,
      0.00023323740802064187
    ],
    "log10_chi2": -0.07822211251005837,
    "stage1": [
      {
        "start_id": 0,
        "log10_chi2": -0.07612894104919582,
        "nf": 90,
        "flag": 1
      },
      {
        "start_id": 10,
        "log10_chi2": -0.07608492088397281,
        "nf": 90,
        "flag": 1
      },
      {
        "start_id": 16,
        "log10_chi2": -0.07583044998129236,
        "nf": 90,
        "flag": 1
      },
      {
        "start_id": 7,
        "log10_chi2": -0.07223911682884719,
        "nf": 90,
        "flag": 1
      },
      {
        "start_id": 12,
        "log10_chi2": -0.06888433702944292,
        "nf": 90,
        "flag": 1
      },
      {
        "start_id": 11,
        "log10_chi2": -0.06444433279222926,
        "nf": 90,
        "flag": 1
      },
      {
        "start_id": 9,
        "log10_chi2": -0.06315839509281339,