model,label,test,fixed_map,chi2dN_total,chi2_total,highE_mean_absdev_first3,highE_mean_shortfall_first3,delta_chi2dN,delta_chi2_total,delta_absdev,delta_shortfall,fit_evals,fit_elapsed_s
fixed_gauss_basis_42,Fixed broad Gaussian basis 4-2,c0_zero,"{""c0"": 0.0}",1.5114390877594397,702.8191758081394,0.06770739806349596,0.012946839126937459,0.5188357469214256,241.25862231846293,0.01626281447875587,0.0038390113675027537,180,15.553117000000384
fixed_gauss_basis_42,Fixed broad Gaussian basis 4-2,c1_zero,"{""c1"": 0.0}",1.1481715580017604,533.8997744708186,0.050786940875336785,0.017208445494291753,0.15556821716374636,72.33922098114206,-0.0006576427094033069,0.008100617734857048,180,15.422931999999491
fixed_gauss_basis_42,Fixed broad Gaussian basis 4-2,lambda3_zero,"{""lambda3"": 0.0}",1.0918755662445419,507.722138303712,0.053470928416301265,0.011340364054722682,0.0992722254065278,46.16158481403543,0.0020263448315611735,0.0022325362952879766,180,14.686440800000128
fixed_gauss_basis_42,Fixed broad Gaussian basis 4-2,lambda1_zero,"{""lambda1"": 0.0}",1.0762632698387693,500.4624204750277,0.053677719627183144,0.012273035756086684,0.08365992900075525,38.90186698535119,0.0022331360424430527,0.0031652079966519794,180,15.519703599999957
fixed_gauss_basis_42,Fixed broad Gaussian basis 4-2,lambda4_zero,"{""lambda4"": 0.0}",1.0109729654386483,470.1024289289715,0.05414490784280945,0.009850163335971277,0.018369624600634293,8.541875439294946,0.0027003242580693615,0.0007423355765365722,180,15.357190200000332
